{
  "14d": {
    "symbols": [
      "ABVKS"
    ],
    "best_params": {
      "xgb_learning_rate": 0.10550756919226546,
      "xgb_subsample": 0.8394633936788146,
      "lgb_num_leaves": 29.0,
      "lgb_n_estimators": 242.0,
      "cat_rsm": 0.7168578594140873,
      "lgb_subsample": 0.6849356442713105,
      "xgb_reg_lambda": 0.00020319029944803154,
      "cat_learning_rate": 0.020620017351642206,
      "cat_l2_leaf_reg": 0.24440883836385727,
      "xgb_max_depth": 8.0,
      "lgb_max_depth": 3.0,
      "cat_depth": 4.0,
      "xgb_n_estimators": 431.0,
      "cat_iterations": 205.0,
      "lgb_reg_alpha": 1.5414635119590094e-05,
      "xgb_gamma": 0.010129197956845729,
      "lgb_reg_lambda": 0.015398728154470681,
      "pattern_weight": 1.0824279936868144,
      "lgb_learning_rate": 0.11135469245723131,
      "lgb_colsample_bytree": 0.6727299868828402,
      "adaptive_k": 1.6930894746349534,
      "cat_subsample": 0.6557975442608167,
      "xgb_colsample_bytree": 0.5780093202212182,
      "xgb_min_child_weight": 11.0,
      "xgb_reg_alpha": 1.1091814877139725e-05
    },
    "best_params_xgb": {
      "min_child_weight": 11.0,
      "max_depth": 8.0,
      "gamma": 0.010129197956845729,
      "reg_alpha": 1.1091814877139725e-05,
      "n_estimators": 431.0,
      "learning_rate": 0.10550756919226546,
      "subsample": 0.8394633936788146,
      "reg_lambda": 0.00020319029944803154,
      "colsample_bytree": 0.5780093202212182
    },
    "best_params_lgb": {
      "max_depth": 3.0,
      "reg_alpha": 1.5414635119590094e-05,
      "num_leaves": 29.0,
      "n_estimators": 242.0,
      "learning_rate": 0.11135469245723131,
      "subsample": 0.6849356442713105,
      "reg_lambda": 0.015398728154470681,
      "colsample_bytree": 0.6727299868828402
    },
    "best_params_cat": {
      "iterations": 205.0,
      "depth": 4.0,
      "rsm": 0.7168578594140873,
      "l2_leaf_reg": 0.24440883836385727,
      "learning_rate": 0.020620017351642206,
      "subsample": 0.6557975442608167
    },
    "aggr_dir_hit": 0.0,
    "min_dir_hit": 0.0,
    "max_dir_hit": 0.0,
    "per_symbol_results": {
      "ABVKS": {
        "dir_hit": 0.0,
        "params": {
          "xgb_n_estimators": 431,
          "xgb_max_depth": 8,
          "xgb_learning_rate": 0.10550756919226546,
          "xgb_subsample": 0.8394633936788146,
          "xgb_colsample_bytree": 0.5780093202212182,
          "xgb_reg_alpha": 1.1091814877139725e-05,
          "xgb_reg_lambda": 0.00020319029944803154,
          "xgb_min_child_weight": 11,
          "xgb_gamma": 0.010129197956845729,
          "lgb_n_estimators": 242,
          "lgb_max_depth": 3,
          "lgb_learning_rate": 0.11135469245723131,
          "lgb_num_leaves": 29,
          "lgb_subsample": 0.6849356442713105,
          "lgb_colsample_bytree": 0.6727299868828402,
          "lgb_reg_alpha": 1.5414635119590094e-05,
          "lgb_reg_lambda": 0.015398728154470681,
          "cat_iterations": 205,
          "cat_depth": 4,
          "cat_learning_rate": 0.020620017351642206,
          "cat_l2_leaf_reg": 0.24440883836385727,
          "cat_subsample": 0.6557975442608167,
          "cat_rsm": 0.7168578594140873,
          "adaptive_k": 1.6930894746349534,
          "pattern_weight": 1.0824279936868144
        }
      }
    },
    "adaptive_k": 1.6930894746349534,
    "pattern_weight": 1.0824279936868144
  },
  "1d": {
    "symbols": [
      "ABVKS"
    ],
    "best_params": {
      "xgb_learning_rate": 0.07259248719561363,
      "xgb_subsample": 0.7394633936788146,
      "lgb_num_leaves": 55.0,
      "lgb_n_estimators": 318.0,
      "cat_rsm": 0.6168578594140872,
      "lgb_subsample": 0.5849356442713105,
      "xgb_reg_lambda": 0.0018747059221802516,
      "cat_learning_rate": 0.022004527434741072,
      "cat_l2_leaf_reg": 0.2801635158716261,
      "xgb_max_depth": 6.0,
      "lgb_max_depth": 3.0,
      "cat_depth": 5.0,
      "xgb_n_estimators": 318.0,
      "cat_iterations": 267.0,
      "lgb_reg_alpha": 1.4309923693515167e-05,
      "xgb_gamma": 0.02537815508265665,
      "lgb_reg_lambda": 0.016480446427978974,
      "pattern_weight": 0.9824279936868143,
      "lgb_learning_rate": 0.13826189316223852,
      "lgb_colsample_bytree": 0.5727299868828403,
      "adaptive_k": 2.566361843293692,
      "cat_subsample": 0.5557975442608167,
      "xgb_colsample_bytree": 0.5624074561769746,
      "xgb_min_child_weight": 14.0,
      "xgb_reg_alpha": 8.629132190071855e-06
    },
    "best_params_xgb": {
      "min_child_weight": 14.0,
      "max_depth": 6.0,
      "gamma": 0.02537815508265665,
      "reg_alpha": 8.629132190071855e-06,
      "n_estimators": 318.0,
      "learning_rate": 0.07259248719561363,
      "subsample": 0.7394633936788146,
      "reg_lambda": 0.0018747059221802516,
      "colsample_bytree": 0.5624074561769746
    },
    "best_params_lgb": {
      "max_depth": 3.0,
      "reg_alpha": 1.4309923693515167e-05,
      "num_leaves": 55.0,
      "n_estimators": 318.0,
      "learning_rate": 0.13826189316223852,
      "subsample": 0.5849356442713105,
      "reg_lambda": 0.016480446427978974,
      "colsample_bytree": 0.5727299868828403
    },
    "best_params_cat": {
      "iterations": 267.0,
      "depth": 5.0,
      "rsm": 0.6168578594140872,
      "l2_leaf_reg": 0.2801635158716261,
      "learning_rate": 0.022004527434741072,
      "subsample": 0.5557975442608167
    },
    "aggr_dir_hit": 0.0,
    "min_dir_hit": 0.0,
    "max_dir_hit": 0.0,
    "per_symbol_results": {
      "ABVKS": {
        "dir_hit": 0.0,
        "params": {
          "xgb_n_estimators": 318,
          "xgb_max_depth": 6,
          "xgb_learning_rate": 0.07259248719561363,
          "xgb_subsample": 0.7394633936788146,
          "xgb_colsample_bytree": 0.5624074561769746,
          "xgb_reg_alpha": 8.629132190071855e-06,
          "xgb_reg_lambda": 0.0018747059221802516,
          "xgb_min_child_weight": 14,
          "xgb_gamma": 0.02537815508265665,
          "lgb_n_estimators": 318,
          "lgb_max_depth": 3,
          "lgb_learning_rate": 0.13826189316223852,
          "lgb_num_leaves": 55,
          "lgb_subsample": 0.5849356442713105,
          "lgb_colsample_bytree": 0.5727299868828403,
          "lgb_reg_alpha": 1.4309923693515167e-05,
          "lgb_reg_lambda": 0.016480446427978974,
          "cat_iterations": 267,
          "cat_depth": 5,
          "cat_learning_rate": 0.022004527434741072,
          "cat_l2_leaf_reg": 0.2801635158716261,
          "cat_subsample": 0.5557975442608167,
          "cat_rsm": 0.6168578594140872,
          "adaptive_k": 2.566361843293692,
          "pattern_weight": 0.9824279936868143
        }
      }
    },
    "adaptive_k": 2.566361843293692,
    "pattern_weight": 0.9824279936868143
  },
  "30d": {
    "symbols": [
      "ABVKS",
      "A1YEN"
    ],
    "best_params": {
      "xgb_learning_rate": 0.078925904400068,
      "xgb_subsample": 0.8382146106118158,
      "lgb_num_leaves": 22.5,
      "lgb_n_estimators": 268.0,
      "cat_rsm": 0.7624425339426057,
      "lgb_subsample": 0.7793144274380865,
      "xgb_reg_lambda": 0.0005023912608606204,
      "cat_learning_rate": 0.019821322411257634,
      "cat_l2_leaf_reg": 0.31489216608366016,
      "xgb_max_depth": 6.0,
      "lgb_max_depth": 4.5,
      "cat_depth": 5.0,
      "xgb_n_estimators": 585.0,
      "cat_iterations": 155.5,
      "lgb_reg_alpha": 1.079353448840858e-05,
      "xgb_gamma": 0.28265068324065884,
      "lgb_reg_lambda": 0.05052364151625306,
      "pattern_weight": 1.0281848879485127,
      "lgb_learning_rate": 0.06633602739458644,
      "lgb_colsample_bytree": 0.7243954921893404,
      "adaptive_k": 1.7652288490547887,
      "cat_subsample": 0.6902409873482905,
      "xgb_colsample_bytree": 0.5506172632906086,
      "xgb_min_child_weight": 7.0,
      "xgb_reg_alpha": 0.005879015754209872
    },
    "best_params_xgb": {
      "min_child_weight": 7.0,
      "max_depth": 6.0,
      "gamma": 0.28265068324065884,