{
  "best_value": 72.77597402597402,
  "best_dirhit": 72.77597402597402,
  "best_params": {
    "enable_external_features": true,
    "enable_fingpt_features": false,
    "enable_yolo_features": false,
    "enable_directional_loss": false,
    "enable_seed_bagging": true,
    "enable_talib_patterns": true,
    "enable_smart_ensemble": true,
    "enable_stacked_short": false,
    "enable_meta_stacking": false,
    "enable_regime_detection": false,
    "enable_fingpt": false,
    "model_choice": "all",
    "n_seeds": 3,
    "ml_adaptive_k_1d": 2.3088297140326928,
    "ml_pattern_weight_scale_1d": 0.5307559076743007,
    "enable_talib_patterns_short": false,
    "external_min_days": 45,
    "external_smooth_alpha": 0.08473814930870774,
    "smart_consensus_weight": 0.5372089181450177,
    "smart_performance_weight": 0.2799595366362959,
    "smart_sigma": 0.004321061242318722,
    "smart_weight_xgb": 0.9076160358967418,
    "smart_weight_lgbm": 1.350203494921647,
    "smart_weight_cat": 1.2807176313453736,
    "xgb_n_estimators": 335,
    "xgb_max_depth": 4,
    "xgb_learning_rate": 0.020679699109843738,
    "xgb_subsample": 0.6738069582208946,
    "xgb_colsample_bytree": 0.5766730350474482,
    "xgb_reg_alpha": 5.033110694726837e-05,
    "xgb_reg_lambda": 0.11439495987554037,
    "xgb_min_child_weight": 10,
    "xgb_gamma": 0.024210599589678538,
    "xgb_grow_policy": "depthwise",
    "xgb_tree_method": "hist",
    "xgb_max_bin": 421,
    "lgb_n_estimators": 216,
    "lgb_max_depth": 4,
    "lgb_learning_rate": 0.16454564295169935,
    "lgb_num_leaves": 49,
    "lgb_subsample": 0.6797516337660381,
    "lgb_colsample_bytree": 0.7021647249698675,
    "lgb_reg_alpha": 5.175420715715183e-06,
    "lgb_reg_lambda": 0.07404839331583503,
    "lgb_min_data_in_leaf": 68,
    "lgb_feature_fraction_bynode": 0.8582028429518405,
    "lgb_bagging_freq": 4,
    "lgb_min_gain_to_split": 0.0893263312538318,
    "cat_iterations": 467,
    "cat_depth": 2,
    "cat_learning_rate": 0.047566269400722797,
    "cat_l2_leaf_reg": 6.141457381387532,
    "cat_subsample": 0.9185814601130086,
    "cat_rsm": 0.8289018869543608,
    "cat_border_count": 60,
    "cat_random_strength": 0.15317190204532433,
    "cat_leaf_estimation_iterations": 12,
    "cat_bootstrap_type": "No"
  },
  "best_trial": {
    "number": 486,
    "value": 44.91320688783676,
    "state": "1"
  },
  "best_trial_number": 486,
  "best_trial_seed": 528,
  "n_trials": 975,
  "pruned_count": 0,
  "avg_trial_time": 0.0,
  "top_k_trials": [],
  "study_name": "hpo_with_features_ARSAN_h1_c2",
  "symbols": [
    "ARSAN"
  ],
  "horizon": 1,
  "best_model_choice": "all",
  "feature_flags": {
    "enable_external_features": true,
    "enable_fingpt_features": false,
    "enable_yolo_features": false,
    "enable_directional_loss": false,
    "enable_seed_bagging": true,
    "enable_talib_patterns": true,
    "enable_smart_ensemble": true,
    "enable_stacked_short": false,
    "enable_meta_stacking": false,
    "enable_regime_detection": false,
    "enable_fingpt": false,
    "enable_talib_patterns_short": false
  },
  "feature_params": {
    "n_seeds": 3,
    "ml_adaptive_k_1d": 2.3088297140326928,
    "ml_pattern_weight_scale_1d": 0.5307559076743007,
    "external_min_days": 45,
    "external_smooth_alpha": 0.08473814930870774,
    "smart_consensus_weight": 0.5372089181450177,
    "smart_performance_weight": 0.2799595366362959,
    "smart_sigma": 0.004321061242318722,
    "smart_weight_xgb": 0.9076160358967418,
    "smart_weight_lgbm": 1.350203494921647,
    "smart_weight_cat": 1.2807176313453736
  },
  "hyperparameters": {
    "model_choice": "all",
    "xgb_n_estimators": 335,
    "xgb_max_depth": 4,
    "xgb_learning_rate": 0.020679699109843738,
    "xgb_subsample": 0.6738069582208946,
    "xgb_colsample_bytree": 0.5766730350474482,
    "xgb_reg_alpha": 5.033110694726837e-05,
    "xgb_reg_lambda": 0.11439495987554037,
    "xgb_min_child_weight": 10,
    "xgb_gamma": 0.024210599589678538,
    "xgb_grow_policy": "depthwise",
    "xgb_tree_method": "hist",
    "xgb_max_bin": 421,
    "lgb_n_estimators": 216,
    "lgb_max_depth": 4,
    "lgb_learning_rate": 0.16454564295169935,
    "lgb_num_leaves": 49,
    "lgb_subsample": 0.6797516337660381,
    "lgb_colsample_bytree": 0.7021647249698675,
    "lgb_reg_alpha": 5.175420715715183e-06,
    "lgb_reg_lambda": 0.07404839331583503,
    "lgb_min_data_in_leaf": 68,
    "lgb_feature_fraction_bynode": 0.8582028429518405,
    "lgb_bagging_freq": 4,
    "lgb_min_gain_to_split": 0.0893263312538318,
    "cat_iterations": 467,
    "cat_depth": 2,
    "cat_learning_rate": 0.047566269400722797,
    "cat_l2_leaf_reg": 6.141457381387532,
    "cat_subsample": 0.9185814601130086,
    "cat_rsm": 0.8289018869543608,
    "cat_border_count": 60,
    "cat_random_strength": 0.15317190204532433,
    "cat_leaf_estimation_iterations": 12,
    "cat_bootstrap_type": "No"
  },
  "features_enabled": {
    "ENABLE_EXTERNAL_FEATURES": "1",
    "ENABLE_FINGPT_FEATURES": "0",
    "ENABLE_YOLO_FEATURES": "0",
    "ML_USE_DIRECTIONAL_LOSS": "0",
    "ENABLE_SEED_BAGGING": "1",
    "ENABLE_TALIB_PATTERNS": "1",
    "ML_USE_SMART_ENSEMBLE": "1",
    "ML_USE_STACKED_SHORT": "0",
    "ENABLE_META_STACKING": "0",
    "ML_USE_REGIME_DETECTION": "0",
    "ENABLE_FINGPT": "0",
    "ML_USE_ADAPTIVE_LEARNING": "0",
    "ENABLE_XGBOOST": "1",
    "ENABLE_LIGHTGBM": "1",
    "ENABLE_CATBOOST": "1"
  },
  "best_trial_metrics": {
    "ARSAN_1d": {
      "symbol": "ARSAN",
      "horizon": 1,
      "split_metrics": [
        {
          "split_index": 1,
          "train_days": 450,
          "test_days": 30,
          "train_end_idx": 450,
          "test_end_idx": 480,
          "train_start": "2023-08-21T00:00:00",
          "train_end": "2025-06-10T00:00:00",
          "test_start": "2025-06-11T00:00:00",
          "test_end": "2025-07-23T00:00:00",
          "valid_predictions": 29,
          "model_metrics": {
            "xgboost": {
              "raw_r2": -0.013284110645125136,
              "rmse": 0.029430572351861584,
              "mape": 1.6333673629796246,
              "confidence": 0.6142106264234033
            },
            "lightgbm": {
              "raw_r2": -0.016755281571745106,
              "rmse": 0.029501312560529538,
              "mape": 1.63045671262247,
              "confidence": 0.6113942904163732
            },
            "catboost": {
              "raw_r2": -0.01711147649358154,
              "rmse": 0.02949929500036017,
              "mape": 1.5964296501806854,
              "confidence": 0.6111054000970981
            }
          },
          "dirhit": 64.28571428571429,
          "rmse": 0.02245978360394144,
          "mape": 257510.37686066361,
          "nrmse": 1.0573390215658391,
          "mask_count": 14,
          "mask_pct": 48.275862068965516,
          "low_support": false,
          "min_mask_count": 0,
          "min_mask_pct": 0.0,
          "ensemble_debug": {
            "historical_r2": {
              "xgboost": -0.013284110645125136,
              "lightgbm": -0.016755281571745106,
              "catboost": -0.01711147649358154
            },
            "ensemble_weights": {
              "xgboost": 0.08328724169130668,
              "lightgbm": 0.12368635509036661,
              "catboost": 0.7930264032183266
            },
            "source": "model"
          }
        },
        {
          "split_index": 2,
          "train_days": 480,
          "test_days": 30,
          "train_end_idx": 480,
          "test_end_idx": 510,
          "train_start": "2023-08-21T00:00:00",
          "train_end": "2025-07-23T00:00:00",
          "test_start": "2025-07-24T00:00:00",
          "test_end": "2025-09-03T00:00:00",
          "valid_predictions": 29,
          "model_metrics": {
            "xgboost": {
              "raw_r2": 0.006050088957270032,
              "rmse": 0.02880174717953176,
              "mape": 1.6186386205019905,