{
  "best_value": 72.61415643852715,
  "best_dirhit": 72.61415643852715,
  "best_params": {
    "enable_external_features": false,
    "enable_fingpt_features": false,
    "enable_yolo_features": true,
    "enable_directional_loss": true,
    "enable_seed_bagging": true,
    "enable_talib_patterns": true,
    "enable_smart_ensemble": true,
    "enable_stacked_short": true,
    "enable_meta_stacking": false,
    "enable_regime_detection": true,
    "enable_fingpt": false,
    "model_choice": "all",
    "ml_loss_mse_weight": 0.7227001395620374,
    "ml_loss_threshold": 0.001760814581771038,
    "ml_dir_penalty": 3.5841924262774785,
    "n_seeds": 3,
    "ml_adaptive_k_1d": 2.894511374146539,
    "ml_pattern_weight_scale_1d": 0.7612737431614843,
    "enable_talib_patterns_short": false,
    "external_min_days": 55,
    "external_smooth_alpha": 0.24127023390725752,
    "regime_scale_low": 0.8327164265681756,
    "regime_scale_high": 1.189127050773082,
    "yolo_min_conf": 0.7713655280395293,
    "smart_consensus_weight": 0.5254426108920369,
    "smart_performance_weight": 0.6806509423845364,
    "smart_sigma": 0.0017180893471287857,
    "smart_weight_xgb": 1.1969944234033651,
    "smart_weight_lgbm": 1.3503121194059284,
    "smart_weight_cat": 0.7976992541892868,
    "xgb_n_estimators": 310,
    "xgb_max_depth": 5,
    "xgb_learning_rate": 0.024169860059788197,
    "xgb_subsample": 0.8703731970648354,
    "xgb_colsample_bytree": 0.5892515838247,
    "xgb_reg_alpha": 5.179294252716553e-05,
    "xgb_reg_lambda": 0.11156432575961987,
    "xgb_min_child_weight": 5,
    "xgb_gamma": 0.0015061860030716409,
    "xgb_grow_policy": "lossguide",
    "xgb_tree_method": "hist",
    "xgb_max_bin": 215,
    "lgb_n_estimators": 439,
    "lgb_max_depth": 7,
    "lgb_learning_rate": 0.10209817068106314,
    "lgb_num_leaves": 53,
    "lgb_subsample": 0.5964380416213865,
    "lgb_colsample_bytree": 0.73075025378763,
    "lgb_reg_alpha": 0.04288841480516537,
    "lgb_reg_lambda": 0.029519615520208504,
    "lgb_min_data_in_leaf": 75,
    "lgb_feature_fraction_bynode": 0.8546378527960343,
    "lgb_bagging_freq": 4,
    "lgb_min_gain_to_split": 0.938385267593956,
    "cat_iterations": 363,
    "cat_depth": 4,
    "cat_learning_rate": 0.014545491549807617,
    "cat_l2_leaf_reg": 7.36950807657907,
    "cat_subsample": 0.8288822083954075,
    "cat_rsm": 0.684999229061178,
    "cat_border_count": 121,
    "cat_random_strength": 1.5132648795426071,
    "cat_leaf_estimation_iterations": 16,
    "cat_bootstrap_type": "MVS"
  },
  "best_trial": {
    "number": 732,
    "value": 40.889099661281094,
    "state": "1"
  },
  "best_trial_number": 732,
  "best_trial_seed": 774,
  "n_trials": 769,
  "pruned_count": 0,
  "avg_trial_time": 0.0,
  "top_k_trials": [],
  "study_name": "hpo_with_features_ALARK_h1_c2",
  "symbols": [
    "ALARK"
  ],
  "horizon": 1,
  "best_model_choice": "all",
  "feature_flags": {
    "enable_external_features": false,
    "enable_fingpt_features": false,
    "enable_yolo_features": true,
    "enable_directional_loss": true,
    "enable_seed_bagging": true,
    "enable_talib_patterns": true,
    "enable_smart_ensemble": true,
    "enable_stacked_short": true,
    "enable_meta_stacking": false,
    "enable_regime_detection": true,
    "enable_fingpt": false,
    "enable_talib_patterns_short": false
  },
  "feature_params": {
    "ml_loss_mse_weight": 0.7227001395620374,
    "ml_loss_threshold": 0.001760814581771038,
    "ml_dir_penalty": 3.5841924262774785,
    "n_seeds": 3,
    "ml_adaptive_k_1d": 2.894511374146539,
    "ml_pattern_weight_scale_1d": 0.7612737431614843,
    "external_min_days": 55,
    "external_smooth_alpha": 0.24127023390725752,
    "regime_scale_low": 0.8327164265681756,
    "regime_scale_high": 1.189127050773082,
    "yolo_min_conf": 0.7713655280395293,
    "smart_consensus_weight": 0.5254426108920369,
    "smart_performance_weight": 0.6806509423845364,
    "smart_sigma": 0.0017180893471287857,
    "smart_weight_xgb": 1.1969944234033651,
    "smart_weight_lgbm": 1.3503121194059284,
    "smart_weight_cat": 0.7976992541892868
  },
  "hyperparameters": {
    "model_choice": "all",
    "xgb_n_estimators": 310,
    "xgb_max_depth": 5,
    "xgb_learning_rate": 0.024169860059788197,
    "xgb_subsample": 0.8703731970648354,
    "xgb_colsample_bytree": 0.5892515838247,
    "xgb_reg_alpha": 5.179294252716553e-05,
    "xgb_reg_lambda": 0.11156432575961987,
    "xgb_min_child_weight": 5,
    "xgb_gamma": 0.0015061860030716409,
    "xgb_grow_policy": "lossguide",
    "xgb_tree_method": "hist",
    "xgb_max_bin": 215,
    "lgb_n_estimators": 439,
    "lgb_max_depth": 7,
    "lgb_learning_rate": 0.10209817068106314,
    "lgb_num_leaves": 53,
    "lgb_subsample": 0.5964380416213865,
    "lgb_colsample_bytree": 0.73075025378763,
    "lgb_reg_alpha": 0.04288841480516537,
    "lgb_reg_lambda": 0.029519615520208504,
    "lgb_min_data_in_leaf": 75,
    "lgb_feature_fraction_bynode": 0.8546378527960343,
    "lgb_bagging_freq": 4,
    "lgb_min_gain_to_split": 0.938385267593956,
    "cat_iterations": 363,
    "cat_depth": 4,
    "cat_learning_rate": 0.014545491549807617,
    "cat_l2_leaf_reg": 7.36950807657907,
    "cat_subsample": 0.8288822083954075,
    "cat_rsm": 0.684999229061178,
    "cat_border_count": 121,
    "cat_random_strength": 1.5132648795426071,
    "cat_leaf_estimation_iterations": 16,
    "cat_bootstrap_type": "MVS"
  },
  "features_enabled": {
    "ENABLE_EXTERNAL_FEATURES": "0",
    "ENABLE_FINGPT_FEATURES": "0",
    "ENABLE_YOLO_FEATURES": "1",
    "ML_USE_DIRECTIONAL_LOSS": "1",
    "ENABLE_SEED_BAGGING": "1",
    "ENABLE_TALIB_PATTERNS": "1",
    "ML_USE_SMART_ENSEMBLE": "1",
    "ML_USE_STACKED_SHORT": "1",
    "ENABLE_META_STACKING": "0",
    "ML_USE_REGIME_DETECTION": "1",
    "ENABLE_FINGPT": "0",
    "ML_USE_ADAPTIVE_LEARNING": "0",
    "ENABLE_XGBOOST": "1",
    "ENABLE_LIGHTGBM": "1",
    "ENABLE_CATBOOST": "1"
  },
  "best_trial_metrics": {
    "ALARK_1d": {
      "symbol": "ALARK",
      "horizon": 1,
      "split_metrics": [
        {
          "split_index": 1,
          "train_days": 451,
          "test_days": 30,
          "train_end_idx": 451,
          "test_end_idx": 481,
          "train_start": "2023-08-21T00:00:00",
          "train_end": "2025-06-11T00:00:00",
          "test_start": "2025-06-12T00:00:00",
          "test_end": "2025-07-24T00:00:00",
          "valid_predictions": 29,
          "model_metrics": {
            "xgboost": {
              "raw_r2": -38.336446169501016,
              "rmse": 0.14258597467163708,
              "mape": 1.7953130669482482,
              "confidence": 0.3
            },
            "lightgbm": {
              "raw_r2": -0.005167412766812651,
              "rmse": 0.02337299516622294,
              "mape": 1.7908090091711568,
              "confidence": 0.6208017106730561
            },
            "catboost": {
              "raw_r2": 0.006788884433571359,
              "rmse": 0.02323228035181125,
              "mape": 1.7579985642674567,
              "confidence": 0.6305154390274386
            }
          },
          "dirhit": 65.21739130434783,
          "rmse": 0.04777105772985548,
          "mape": 386.11520878032064,
          "nrmse": 2.164084272674836,
          "mask_count": 23,
          "mask_pct": 79.3103448275862,
          "low_support": false,
          "min_mask_count": 0,
          "min_mask_pct": 0.0
        },
        {
          "split_index": 2,
          "train_days": 481,
          "test_days": 30,
          "train_end_idx": 481,
          "test_end_idx": 511,
          "train_start": "2023-08-21T00:00:00",
          "train_end": "2025-07-24T00:00:00",
          "test_start": "2025-07-25T00:00:00",
          "test_end": "2025-09-04T00:00:00",
          "valid_predictions": 29,
          "model_metrics": {
            "xgboost": {
              "raw_r2": -39.4711243062788,
              "rmse": 0.14252845699224584,
              "mape": 1.796210357872276,