{
  "best_value": 79.37062937062939,
  "best_dirhit": 79.37062937062939,
  "best_params": {
    "enable_external_features": true,
    "enable_fingpt_features": false,
    "enable_yolo_features": false,
    "enable_directional_loss": true,
    "enable_seed_bagging": true,
    "enable_talib_patterns": false,
    "enable_smart_ensemble": false,
    "enable_stacked_short": false,
    "enable_meta_stacking": true,
    "enable_regime_detection": true,
    "enable_fingpt": true,
    "model_choice": "all",
    "ml_loss_mse_weight": 0.5886963554568919,
    "ml_loss_threshold": 0.006013550671758351,
    "ml_dir_penalty": 3.9420022688647807,
    "n_seeds": 2,
    "meta_stacking_alpha": 0.03274077163314142,
    "ml_adaptive_k_1d": 2.2186415648855182,
    "ml_pattern_weight_scale_1d": 1.421581919761859,
    "enable_talib_patterns_short": true,
    "external_min_days": 58,
    "external_smooth_alpha": 0.46432468755168194,
    "regime_scale_low": 0.8068307031469124,
    "regime_scale_high": 1.0993719194717226,
    "xgb_n_estimators": 513,
    "xgb_max_depth": 6,
    "xgb_learning_rate": 0.010546232780442167,
    "xgb_subsample": 0.5486890491242686,
    "xgb_colsample_bytree": 0.8668052995597734,
    "xgb_reg_alpha": 0.008500224766477707,
    "xgb_reg_lambda": 0.010703317715331114,
    "xgb_min_child_weight": 6,
    "xgb_gamma": 0.0014285748335456112,
    "xgb_grow_policy": "depthwise",
    "xgb_tree_method": "hist",
    "xgb_max_bin": 167,
    "lgb_n_estimators": 528,
    "lgb_max_depth": 5,
    "lgb_learning_rate": 0.04905561233091984,
    "lgb_num_leaves": 57,
    "lgb_subsample": 0.8537897789876864,
    "lgb_colsample_bytree": 0.5140576353710695,
    "lgb_reg_alpha": 0.0019061698633640587,
    "lgb_reg_lambda": 0.00014191030951484025,
    "lgb_min_data_in_leaf": 96,
    "lgb_feature_fraction_bynode": 0.6894829328942863,
    "lgb_bagging_freq": 10,
    "lgb_min_gain_to_split": 0.7993335120195123,
    "cat_iterations": 309,
    "cat_depth": 7,
    "cat_learning_rate": 0.12843161514955792,
    "cat_l2_leaf_reg": 2.8419965981469235,
    "cat_subsample": 0.8735802452388673,
    "cat_rsm": 0.8748652679619143,
    "cat_border_count": 24,
    "cat_random_strength": 0.3146813232053412,
    "cat_leaf_estimation_iterations": 8,
    "cat_bootstrap_type": "MVS"
  },
  "best_trial": {
    "number": 1378,
    "value": 49.605506430597465,
    "state": "1"
  },
  "best_trial_number": 1378,
  "best_trial_seed": 1420,
  "n_trials": 1464,
  "pruned_count": 0,
  "avg_trial_time": 0.0,
  "top_k_trials": [],
  "study_name": "hpo_with_features_AYDEM_h1_c2",
  "symbols": [
    "AYDEM"
  ],
  "horizon": 1,
  "best_model_choice": "all",
  "feature_flags": {
    "enable_external_features": true,
    "enable_fingpt_features": false,
    "enable_yolo_features": false,
    "enable_directional_loss": true,
    "enable_seed_bagging": true,
    "enable_talib_patterns": false,
    "enable_smart_ensemble": false,
    "enable_stacked_short": false,
    "enable_meta_stacking": true,
    "enable_regime_detection": true,
    "enable_fingpt": true,
    "enable_talib_patterns_short": true
  },
  "feature_params": {
    "ml_loss_mse_weight": 0.5886963554568919,
    "ml_loss_threshold": 0.006013550671758351,
    "ml_dir_penalty": 3.9420022688647807,
    "n_seeds": 2,
    "meta_stacking_alpha": 0.03274077163314142,
    "ml_adaptive_k_1d": 2.2186415648855182,
    "ml_pattern_weight_scale_1d": 1.421581919761859,
    "external_min_days": 58,
    "external_smooth_alpha": 0.46432468755168194,
    "regime_scale_low": 0.8068307031469124,
    "regime_scale_high": 1.0993719194717226
  },
  "hyperparameters": {
    "model_choice": "all",
    "xgb_n_estimators": 513,
    "xgb_max_depth": 6,
    "xgb_learning_rate": 0.010546232780442167,
    "xgb_subsample": 0.5486890491242686,
    "xgb_colsample_bytree": 0.8668052995597734,
    "xgb_reg_alpha": 0.008500224766477707,
    "xgb_reg_lambda": 0.010703317715331114,
    "xgb_min_child_weight": 6,
    "xgb_gamma": 0.0014285748335456112,
    "xgb_grow_policy": "depthwise",
    "xgb_tree_method": "hist",
    "xgb_max_bin": 167,
    "lgb_n_estimators": 528,
    "lgb_max_depth": 5,
    "lgb_learning_rate": 0.04905561233091984,
    "lgb_num_leaves": 57,
    "lgb_subsample": 0.8537897789876864,
    "lgb_colsample_bytree": 0.5140576353710695,
    "lgb_reg_alpha": 0.0019061698633640587,
    "lgb_reg_lambda": 0.00014191030951484025,
    "lgb_min_data_in_leaf": 96,
    "lgb_feature_fraction_bynode": 0.6894829328942863,
    "lgb_bagging_freq": 10,
    "lgb_min_gain_to_split": 0.7993335120195123,
    "cat_iterations": 309,
    "cat_depth": 7,
    "cat_learning_rate": 0.12843161514955792,
    "cat_l2_leaf_reg": 2.8419965981469235,
    "cat_subsample": 0.8735802452388673,
    "cat_rsm": 0.8748652679619143,
    "cat_border_count": 24,
    "cat_random_strength": 0.3146813232053412,
    "cat_leaf_estimation_iterations": 8,
    "cat_bootstrap_type": "MVS"
  },
  "features_enabled": {
    "ENABLE_EXTERNAL_FEATURES": "1",
    "ENABLE_FINGPT_FEATURES": "0",
    "ENABLE_YOLO_FEATURES": "0",
    "ML_USE_DIRECTIONAL_LOSS": "1",
    "ENABLE_SEED_BAGGING": "1",
    "ENABLE_TALIB_PATTERNS": "0",
    "ML_USE_SMART_ENSEMBLE": "0",
    "ML_USE_STACKED_SHORT": "0",
    "ENABLE_META_STACKING": "1",
    "ML_USE_REGIME_DETECTION": "1",
    "ENABLE_FINGPT": "1",
    "ML_USE_ADAPTIVE_LEARNING": "0",
    "ENABLE_XGBOOST": "1",
    "ENABLE_LIGHTGBM": "1",
    "ENABLE_CATBOOST": "1"
  },
  "best_trial_metrics": {
    "AYDEM_1d": {
      "symbol": "AYDEM",
      "horizon": 1,
      "split_metrics": [
        {
          "split_index": 1,
          "train_days": 452,
          "test_days": 30,
          "train_end_idx": 452,
          "test_end_idx": 482,
          "train_start": "2023-08-21T00:00:00",
          "train_end": "2025-06-12T00:00:00",
          "test_start": "2025-06-13T00:00:00",
          "test_end": "2025-07-25T00:00:00",
          "valid_predictions": 29,
          "model_metrics": {
            "xgboost": {
              "raw_r2": -138.57083421484217,
              "rmse": 0.2915385822029884,
              "mape": 1.8837573523743716,
              "confidence": 0.3
            },
            "lightgbm": {
              "raw_r2": -0.042658705297562514,
              "rmse": 0.02619222674539926,
              "mape": 1.6279458310965065,
              "confidence": 0.59047060983735
            },
            "catboost": {
              "raw_r2": -0.029946588743456386,
              "rmse": 0.026129702571592833,
              "mape": 1.5816864100062986,
              "confidence": 0.6007137544099641
            }
          },
          "dirhit": null,
          "rmse": 0.022732000515739006,
          "mape": 134.2596077616584,
          "nrmse": 1.0517522328630253,
          "mask_count": 9,
          "mask_pct": 31.03448275862069,
          "low_support": true,
          "min_mask_count": 10,
          "min_mask_pct": 5.0
        },
        {
          "split_index": 2,
          "train_days": 482,
          "test_days": 30,
          "train_end_idx": 482,
          "test_end_idx": 512,
          "train_start": "2023-08-21T00:00:00",
          "train_end": "2025-07-25T00:00:00",
          "test_start": "2025-07-28T00:00:00",
          "test_end": "2025-09-05T00:00:00",
          "valid_predictions": 29,
          "model_metrics": {
            "xgboost": {
              "raw_r2": -144.02888064917525,
              "rmse": 0.2910285134456243,
              "mape": 1.8845158529253694,
              "confidence": 0.3
            },
            "lightgbm": {
              "raw_r2": -0.021635668068745728,
              "rmse": 0.02577375897926537,
              "mape": 1.635326091047194,
              "confidence": 0.6074381429020921
            },
            "catboost": {
              "raw_r2": -0.027179253876526015,
              "rmse": 0.02593851876144823,
              "mape": 1.5870013251867912,
              "confidence": 0.6029507791614281
            }
          },