{
  "best_value": 55.0,
  "best_dirhit": 27.5,
  "best_params": {
    "enable_external_features": false,
    "enable_fingpt_features": true,
    "enable_yolo_features": true,
    "enable_directional_loss": false,
    "enable_seed_bagging": false,
    "enable_talib_patterns": false,
    "enable_smart_ensemble": true,
    "enable_stacked_short": false,
    "enable_meta_stacking": false,
    "enable_regime_detection": true,
    "enable_fingpt": true,
    "model_choice": "all",
    "ml_adaptive_k_1d": 1.3993475643167195,
    "ml_pattern_weight_scale_1d": 1.2713516576204174,
    "enable_talib_patterns_short": true,
    "external_min_days": 44,
    "external_smooth_alpha": 0.1267358556592812,
    "regime_scale_low": 0.8117092867373503,
    "regime_scale_high": 1.1907993967055999,
    "yolo_min_conf": 0.7828160165372797,
    "smart_consensus_weight": 0.7041986740582306,
    "smart_performance_weight": 0.35230688458668535,
    "smart_sigma": 0.0013399060561509793,
    "smart_weight_xgb": 1.1842330265121568,
    "smart_weight_lgbm": 0.9401524937396013,
    "smart_weight_cat": 0.6220382348447788,
    "fingpt_confidence_threshold": 0.34855307303338107,
    "xgb_n_estimators": 165,
    "xgb_max_depth": 6,
    "xgb_learning_rate": 0.020153425505297702,
    "xgb_subsample": 0.7650089137415927,
    "xgb_colsample_bytree": 0.6246844304357644,
    "xgb_reg_alpha": 0.0013194961490425666,
    "xgb_reg_lambda": 0.37065955814875856,
    "xgb_min_child_weight": 7,
    "xgb_gamma": 0.755681014127442,
    "xgb_grow_policy": "lossguide",
    "xgb_tree_method": "hist",
    "xgb_max_bin": 472,
    "lgb_n_estimators": 407,
    "lgb_max_depth": 8,
    "lgb_learning_rate": 0.01303561122512888,
    "lgb_num_leaves": 18,
    "lgb_subsample": 0.5180909155642153,
    "lgb_colsample_bytree": 0.6301321323053057,
    "lgb_reg_alpha": 0.0003292379844056765,
    "lgb_reg_lambda": 0.001979459933014259,
    "lgb_min_data_in_leaf": 85,
    "lgb_feature_fraction_bynode": 0.6783766633467947,
    "lgb_bagging_freq": 3,
    "lgb_min_gain_to_split": 0.5426960831582485,
    "cat_iterations": 187,
    "cat_depth": 7,
    "cat_learning_rate": 0.012502377950801122,
    "cat_l2_leaf_reg": 9.881982429404655,
    "cat_subsample": 0.8475101461834957,
    "cat_rsm": 0.5894220566903776,
    "cat_border_count": 17,
    "cat_random_strength": 2.429095036825495,
    "cat_leaf_estimation_iterations": 15,
    "cat_bootstrap_type": "Bernoulli"
  },
  "best_trial": {
    "number": 3,
    "value": 13.048189775764357,
    "state": "1"
  },
  "best_trial_number": 3,
  "best_trial_seed": 45,
  "n_trials": 3,
  "pruned_count": 0,
  "avg_trial_time": 0.0,
  "top_k_trials": [],
  "study_name": "hpo_with_features_BASCM_h1_c2",
  "symbols": [
    "BASCM"
  ],
  "horizon": 1,
  "best_model_choice": "all",
  "feature_flags": {
    "enable_external_features": false,
    "enable_fingpt_features": true,
    "enable_yolo_features": true,
    "enable_directional_loss": false,
    "enable_seed_bagging": false,
    "enable_talib_patterns": false,
    "enable_smart_ensemble": true,
    "enable_stacked_short": false,
    "enable_meta_stacking": false,
    "enable_regime_detection": true,
    "enable_fingpt": true,
    "enable_talib_patterns_short": true
  },
  "feature_params": {
    "ml_adaptive_k_1d": 1.3993475643167195,
    "ml_pattern_weight_scale_1d": 1.2713516576204174,
    "external_min_days": 44,
    "external_smooth_alpha": 0.1267358556592812,
    "regime_scale_low": 0.8117092867373503,
    "regime_scale_high": 1.1907993967055999,
    "yolo_min_conf": 0.7828160165372797,
    "smart_consensus_weight": 0.7041986740582306,
    "smart_performance_weight": 0.35230688458668535,
    "smart_sigma": 0.0013399060561509793,
    "smart_weight_xgb": 1.1842330265121568,
    "smart_weight_lgbm": 0.9401524937396013,
    "smart_weight_cat": 0.6220382348447788,
    "fingpt_confidence_threshold": 0.34855307303338107
  },
  "hyperparameters": {
    "model_choice": "all",
    "xgb_n_estimators": 165,
    "xgb_max_depth": 6,
    "xgb_learning_rate": 0.020153425505297702,
    "xgb_subsample": 0.7650089137415927,
    "xgb_colsample_bytree": 0.6246844304357644,
    "xgb_reg_alpha": 0.0013194961490425666,
    "xgb_reg_lambda": 0.37065955814875856,
    "xgb_min_child_weight": 7,
    "xgb_gamma": 0.755681014127442,
    "xgb_grow_policy": "lossguide",
    "xgb_tree_method": "hist",
    "xgb_max_bin": 472,
    "lgb_n_estimators": 407,
    "lgb_max_depth": 8,
    "lgb_learning_rate": 0.01303561122512888,
    "lgb_num_leaves": 18,
    "lgb_subsample": 0.5180909155642153,
    "lgb_colsample_bytree": 0.6301321323053057,
    "lgb_reg_alpha": 0.0003292379844056765,
    "lgb_reg_lambda": 0.001979459933014259,
    "lgb_min_data_in_leaf": 85,
    "lgb_feature_fraction_bynode": 0.6783766633467947,
    "lgb_bagging_freq": 3,
    "lgb_min_gain_to_split": 0.5426960831582485,
    "cat_iterations": 187,
    "cat_depth": 7,
    "cat_learning_rate": 0.012502377950801122,
    "cat_l2_leaf_reg": 9.881982429404655,
    "cat_subsample": 0.8475101461834957,
    "cat_rsm": 0.5894220566903776,
    "cat_border_count": 17,
    "cat_random_strength": 2.429095036825495,
    "cat_leaf_estimation_iterations": 15,
    "cat_bootstrap_type": "Bernoulli"
  },
  "features_enabled": {
    "ENABLE_EXTERNAL_FEATURES": "0",
    "ENABLE_FINGPT_FEATURES": "1",
    "ENABLE_YOLO_FEATURES": "1",
    "ML_USE_DIRECTIONAL_LOSS": "0",
    "ENABLE_SEED_BAGGING": "0",
    "ENABLE_TALIB_PATTERNS": "0",
    "ML_USE_SMART_ENSEMBLE": "1",
    "ML_USE_STACKED_SHORT": "0",
    "ENABLE_META_STACKING": "0",
    "ML_USE_REGIME_DETECTION": "1",
    "ENABLE_FINGPT": "1",
    "ML_USE_ADAPTIVE_LEARNING": "0",
    "ENABLE_XGBOOST": "1",
    "ENABLE_LIGHTGBM": "1",
    "ENABLE_CATBOOST": "1"
  },
  "best_trial_metrics": {
    "BASCM_1d": {
      "symbol": "BASCM",
      "horizon": 1,
      "split_metrics": [
        {
          "split_index": 1,
          "train_days": 451,
          "test_days": 30,
          "train_end_idx": 451,
          "test_end_idx": 481,
          "train_start": "2023-08-21T00:00:00",
          "train_end": "2025-06-11T00:00:00",
          "test_start": "2025-06-12T00:00:00",
          "test_end": "2025-07-24T00:00:00",
          "valid_predictions": 29,
          "model_metrics": {
            "xgboost": {
              "raw_r2": -0.021662585287277453,
              "rmse": 0.031902179884014455,
              "mape": 1.6409410943929894,
              "confidence": 0.6074163366011842
            },
            "lightgbm": {
              "raw_r2": -0.019849341133124494,
              "rmse": 0.03187700763236852,
              "mape": 1.6491165418511091,
              "confidence": 0.6088856352433997
            },
            "catboost": {
              "raw_r2": -0.01016145552773536,
              "rmse": 0.031766572012210115,
              "mape": 1.6641990853511577,
              "confidence": 0.6167455929537271
            }
          },
          "dirhit": 0.0,
          "rmse": 0.027194861244415506,
          "mape": 864325.2592696385,
          "nrmse": 1.0496101997048422,
          "mask_count": 0,
          "mask_pct": 0.0,
          "low_support": false,
          "min_mask_count": 0,
          "min_mask_pct": 0.0,
          "ensemble_debug": {
            "historical_r2": {
              "xgboost": -0.021662585287277453,
              "lightgbm": -0.019849341133124494,
              "catboost": -0.01016145552773536
            },
            "ensemble_weights": {
              "xgboost": 0.8412392696996981,
              "lightgbm": 0.09536048112380974,
              "catboost": 0.06340024917649202
            },
            "source": "model"
          }
        },
        {
          "split_index": 2,
          "train_days": 481,
          "test_days": 30,
          "train_end_idx": 481,
          "test_end_idx": 511,
          "train_start": "2023-08-21T00:00:00",
          "train_end": "2025-07-24T00:00:00",
          "test_start": "2025-07-25T00:00:00",