{
  "best_value": 90.0,
  "best_dirhit": 57.5,
  "best_params": {
    "enable_external_features": false,
    "enable_fingpt_features": false,
    "enable_yolo_features": true,
    "enable_directional_loss": false,
    "enable_seed_bagging": false,
    "enable_talib_patterns": false,
    "enable_smart_ensemble": true,
    "enable_stacked_short": false,
    "enable_meta_stacking": false,
    "enable_regime_detection": true,
    "enable_fingpt": false,
    "model_choice": "all",
    "ml_adaptive_k_1d": 1.825250043444074,
    "ml_pattern_weight_scale_1d": 1.6413169048888,
    "enable_talib_patterns_short": false,
    "external_min_days": 31,
    "external_smooth_alpha": 0.19351827579095737,
    "regime_scale_low": 0.8285460315791451,
    "regime_scale_high": 1.0697988558574862,
    "yolo_min_conf": 0.6302420100139678,
    "smart_consensus_weight": 0.6930868362111475,
    "smart_performance_weight": 0.4878379155698453,
    "smart_sigma": 0.0017113675206774622,
    "smart_weight_xgb": 1.3734149484483782,
    "smart_weight_lgbm": 0.5392435528437237,
    "smart_weight_cat": 1.1597259733657046,
    "xgb_n_estimators": 401,
    "xgb_max_depth": 6,
    "xgb_learning_rate": 0.02365929618293462,
    "xgb_subsample": 0.8567095155733399,
    "xgb_colsample_bytree": 0.7396845419146431,
    "xgb_reg_alpha": 0.018069113925816303,
    "xgb_reg_lambda": 34.29784949191912,
    "xgb_min_child_weight": 9,
    "xgb_gamma": 0.2625193491155431,
    "xgb_grow_policy": "lossguide",
    "xgb_tree_method": "hist",
    "xgb_max_bin": 306,
    "lgb_n_estimators": 352,
    "lgb_max_depth": 8,
    "lgb_learning_rate": 0.02534472236942731,
    "lgb_num_leaves": 8,
    "lgb_subsample": 0.514084144794105,
    "lgb_colsample_bytree": 0.5798151009440523,
    "lgb_reg_alpha": 6.841878807655586e-05,
    "lgb_reg_lambda": 0.0018469941796058441,
    "lgb_min_data_in_leaf": 74,
    "lgb_feature_fraction_bynode": 0.5321360234769279,
    "lgb_bagging_freq": 4,
    "lgb_min_gain_to_split": 0.3111641749540204,
    "cat_iterations": 201,
    "cat_depth": 5,
    "cat_learning_rate": 0.010387542875593028,
    "cat_l2_leaf_reg": 9.23825024234147,
    "cat_subsample": 0.5682664323534571,
    "cat_rsm": 0.8202622999162128,
    "cat_border_count": 23,
    "cat_random_strength": 4.980336609827748,
    "cat_leaf_estimation_iterations": 18,
    "cat_bootstrap_type": "Bayesian"
  },
  "best_trial": {
    "number": 153,
    "value": 34.172193941020936,
    "state": "1"
  },
  "best_trial_number": 153,
  "best_trial_seed": 195,
  "n_trials": 1454,
  "pruned_count": 0,
  "avg_trial_time": 0.0,
  "top_k_trials": [],
  "study_name": "hpo_with_features_BRYAT_h1_c2",
  "symbols": [
    "BRYAT"
  ],
  "horizon": 1,
  "best_model_choice": "all",
  "feature_flags": {
    "enable_external_features": false,
    "enable_fingpt_features": false,
    "enable_yolo_features": true,
    "enable_directional_loss": false,
    "enable_seed_bagging": false,
    "enable_talib_patterns": false,
    "enable_smart_ensemble": true,
    "enable_stacked_short": false,
    "enable_meta_stacking": false,
    "enable_regime_detection": true,
    "enable_fingpt": false,
    "enable_talib_patterns_short": false
  },
  "feature_params": {
    "ml_adaptive_k_1d": 1.825250043444074,
    "ml_pattern_weight_scale_1d": 1.6413169048888,
    "external_min_days": 31,
    "external_smooth_alpha": 0.19351827579095737,
    "regime_scale_low": 0.8285460315791451,
    "regime_scale_high": 1.0697988558574862,
    "yolo_min_conf": 0.6302420100139678,
    "smart_consensus_weight": 0.6930868362111475,
    "smart_performance_weight": 0.4878379155698453,
    "smart_sigma": 0.0017113675206774622,
    "smart_weight_xgb": 1.3734149484483782,
    "smart_weight_lgbm": 0.5392435528437237,
    "smart_weight_cat": 1.1597259733657046
  },
  "hyperparameters": {
    "model_choice": "all",
    "xgb_n_estimators": 401,
    "xgb_max_depth": 6,
    "xgb_learning_rate": 0.02365929618293462,
    "xgb_subsample": 0.8567095155733399,
    "xgb_colsample_bytree": 0.7396845419146431,
    "xgb_reg_alpha": 0.018069113925816303,
    "xgb_reg_lambda": 34.29784949191912,
    "xgb_min_child_weight": 9,
    "xgb_gamma": 0.2625193491155431,
    "xgb_grow_policy": "lossguide",
    "xgb_tree_method": "hist",
    "xgb_max_bin": 306,
    "lgb_n_estimators": 352,
    "lgb_max_depth": 8,
    "lgb_learning_rate": 0.02534472236942731,
    "lgb_num_leaves": 8,
    "lgb_subsample": 0.514084144794105,
    "lgb_colsample_bytree": 0.5798151009440523,
    "lgb_reg_alpha": 6.841878807655586e-05,
    "lgb_reg_lambda": 0.0018469941796058441,
    "lgb_min_data_in_leaf": 74,
    "lgb_feature_fraction_bynode": 0.5321360234769279,
    "lgb_bagging_freq": 4,
    "lgb_min_gain_to_split": 0.3111641749540204,
    "cat_iterations": 201,
    "cat_depth": 5,
    "cat_learning_rate": 0.010387542875593028,
    "cat_l2_leaf_reg": 9.23825024234147,
    "cat_subsample": 0.5682664323534571,
    "cat_rsm": 0.8202622999162128,
    "cat_border_count": 23,
    "cat_random_strength": 4.980336609827748,
    "cat_leaf_estimation_iterations": 18,
    "cat_bootstrap_type": "Bayesian"
  },
  "features_enabled": {
    "ENABLE_EXTERNAL_FEATURES": "0",
    "ENABLE_FINGPT_FEATURES": "0",
    "ENABLE_YOLO_FEATURES": "1",
    "ML_USE_DIRECTIONAL_LOSS": "0",
    "ENABLE_SEED_BAGGING": "0",
    "ENABLE_TALIB_PATTERNS": "0",
    "ML_USE_SMART_ENSEMBLE": "1",
    "ML_USE_STACKED_SHORT": "0",
    "ENABLE_META_STACKING": "0",
    "ML_USE_REGIME_DETECTION": "1",
    "ENABLE_FINGPT": "0",
    "ML_USE_ADAPTIVE_LEARNING": "0",
    "ENABLE_XGBOOST": "1",
    "ENABLE_LIGHTGBM": "1",
    "ENABLE_CATBOOST": "1"
  },
  "best_trial_metrics": {
    "BRYAT_1d": {
      "symbol": "BRYAT",
      "horizon": 1,
      "split_metrics": [
        {
          "split_index": 1,
          "train_days": 451,
          "test_days": 30,
          "train_end_idx": 451,
          "test_end_idx": 481,
          "train_start": "2023-08-21T00:00:00",
          "train_end": "2025-06-11T00:00:00",
          "test_start": "2025-06-12T00:00:00",
          "test_end": "2025-07-24T00:00:00",
          "valid_predictions": 29,
          "model_metrics": {
            "xgboost": {
              "raw_r2": -0.00335336166340805,
              "rmse": 0.029841983291986635,
              "mape": 1.838154772275034,
              "confidence": 0.6222754574764622
            },
            "lightgbm": {
              "raw_r2": -0.007423463699531767,
              "rmse": 0.02991067658075062,
              "mape": 1.774610129746814,
              "confidence": 0.6189691281202359
            },
            "catboost": {
              "raw_r2": 0.01250092763090734,
              "rmse": 0.029620843169786405,
              "mape": 1.7440144604647594,
              "confidence": 0.6351536981844614
            }
          },
          "dirhit": 0.0,
          "rmse": 0.026957999052407314,
          "mape": 95.42650362746612,
          "nrmse": 1.0115299688461787,
          "mask_count": 0,
          "mask_pct": 0.0,
          "low_support": false,
          "min_mask_count": 0,
          "min_mask_pct": 0.0,
          "ensemble_debug": {
            "historical_r2": {
              "xgboost": -0.00335336166340805,
              "lightgbm": -0.007423463699531767,
              "catboost": 0.01250092763090734
            },
            "ensemble_weights": {
              "xgboost": 0.446531469669962,
              "lightgbm": 0.17517446618455954,
              "catboost": 0.37829406414547845
            },
            "source": "model"
          }
        },
        {
          "split_index": 2,
          "train_days": 481,
          "test_days": 30,
          "train_end_idx": 481,
          "test_end_idx": 511,
          "train_start": "2023-08-21T00:00:00",
          "train_end": "2025-07-24T00:00:00",
          "test_start": "2025-07-25T00:00:00",
          "test_end": "2025-09-04T00:00:00",
          "valid_predictions": 29,