{
  "best_value": 81.36363636363637,
  "best_dirhit": 81.36363636363637,
  "best_params": {
    "enable_external_features": false,
    "enable_fingpt_features": false,
    "enable_yolo_features": false,
    "enable_directional_loss": true,
    "enable_seed_bagging": true,
    "enable_talib_patterns": false,
    "enable_smart_ensemble": true,
    "enable_stacked_short": false,
    "enable_meta_stacking": false,
    "enable_regime_detection": true,
    "enable_fingpt": true,
    "model_choice": "all",
    "ml_loss_mse_weight": 0.27389797619275225,
    "ml_loss_threshold": 0.001222747914566301,
    "ml_dir_penalty": 4.814374355801228,
    "n_seeds": 4,
    "ml_adaptive_k_1d": 2.6110514011789174,
    "ml_pattern_weight_scale_1d": 0.6024745538618581,
    "enable_talib_patterns_short": false,
    "external_min_days": 47,
    "external_smooth_alpha": 0.16675150929552873,
    "regime_scale_low": 0.9097041542920551,
    "regime_scale_high": 1.0321367456552666,
    "smart_consensus_weight": 0.30030082778561257,
    "smart_performance_weight": 0.32616604936685034,
    "smart_sigma": 0.0045134232451989964,
    "smart_weight_xgb": 1.4860173335031588,
    "smart_weight_lgbm": 0.6999250814093028,
    "smart_weight_cat": 0.7319206491988831,
    "xgb_n_estimators": 517,
    "xgb_max_depth": 5,
    "xgb_learning_rate": 0.12650426121934133,
    "xgb_subsample": 0.6544956676400083,
    "xgb_colsample_bytree": 0.5624559117474683,
    "xgb_reg_alpha": 2.656478571017764e-05,
    "xgb_reg_lambda": 0.4015177315634893,
    "xgb_min_child_weight": 8,
    "xgb_gamma": 0.0235893404523332,
    "xgb_grow_policy": "lossguide",
    "xgb_tree_method": "hist",
    "xgb_max_bin": 496,
    "lgb_n_estimators": 129,
    "lgb_max_depth": 3,
    "lgb_learning_rate": 0.01359277953275627,
    "lgb_num_leaves": 14,
    "lgb_subsample": 0.5842771985881374,
    "lgb_colsample_bytree": 0.6692417408167102,
    "lgb_reg_alpha": 0.0004484012558468287,
    "lgb_reg_lambda": 0.005184261239603071,
    "lgb_min_data_in_leaf": 40,
    "lgb_feature_fraction_bynode": 0.6161451265724226,
    "lgb_bagging_freq": 1,
    "lgb_min_gain_to_split": 0.05409512485123377,
    "cat_iterations": 260,
    "cat_depth": 7,
    "cat_learning_rate": 0.012619489377794082,
    "cat_l2_leaf_reg": 3.4759768924681884,
    "cat_subsample": 0.5502419733285387,
    "cat_rsm": 0.771439844849755,
    "cat_border_count": 147,
    "cat_random_strength": 0.26777953197433135,
    "cat_leaf_estimation_iterations": 2,
    "cat_bootstrap_type": "Bayesian"
  },
  "best_trial": {
    "number": 803,
    "value": 50.895154315390194,
    "state": "1"
  },
  "best_trial_number": 803,
  "best_trial_seed": 845,
  "n_trials": 1446,
  "pruned_count": 0,
  "avg_trial_time": 0.0,
  "top_k_trials": [],
  "study_name": "hpo_with_features_BAYRK_h1_c2",
  "symbols": [
    "BAYRK"
  ],
  "horizon": 1,
  "best_model_choice": "all",
  "feature_flags": {
    "enable_external_features": false,
    "enable_fingpt_features": false,
    "enable_yolo_features": false,
    "enable_directional_loss": true,
    "enable_seed_bagging": true,
    "enable_talib_patterns": false,
    "enable_smart_ensemble": true,
    "enable_stacked_short": false,
    "enable_meta_stacking": false,
    "enable_regime_detection": true,
    "enable_fingpt": true,
    "enable_talib_patterns_short": false
  },
  "feature_params": {
    "ml_loss_mse_weight": 0.27389797619275225,
    "ml_loss_threshold": 0.001222747914566301,
    "ml_dir_penalty": 4.814374355801228,
    "n_seeds": 4,
    "ml_adaptive_k_1d": 2.6110514011789174,
    "ml_pattern_weight_scale_1d": 0.6024745538618581,
    "external_min_days": 47,
    "external_smooth_alpha": 0.16675150929552873,
    "regime_scale_low": 0.9097041542920551,
    "regime_scale_high": 1.0321367456552666,
    "smart_consensus_weight": 0.30030082778561257,
    "smart_performance_weight": 0.32616604936685034,
    "smart_sigma": 0.0045134232451989964,
    "smart_weight_xgb": 1.4860173335031588,
    "smart_weight_lgbm": 0.6999250814093028,
    "smart_weight_cat": 0.7319206491988831
  },
  "hyperparameters": {
    "model_choice": "all",
    "xgb_n_estimators": 517,
    "xgb_max_depth": 5,
    "xgb_learning_rate": 0.12650426121934133,
    "xgb_subsample": 0.6544956676400083,
    "xgb_colsample_bytree": 0.5624559117474683,
    "xgb_reg_alpha": 2.656478571017764e-05,
    "xgb_reg_lambda": 0.4015177315634893,
    "xgb_min_child_weight": 8,
    "xgb_gamma": 0.0235893404523332,
    "xgb_grow_policy": "lossguide",
    "xgb_tree_method": "hist",
    "xgb_max_bin": 496,
    "lgb_n_estimators": 129,
    "lgb_max_depth": 3,
    "lgb_learning_rate": 0.01359277953275627,
    "lgb_num_leaves": 14,
    "lgb_subsample": 0.5842771985881374,
    "lgb_colsample_bytree": 0.6692417408167102,
    "lgb_reg_alpha": 0.0004484012558468287,
    "lgb_reg_lambda": 0.005184261239603071,
    "lgb_min_data_in_leaf": 40,
    "lgb_feature_fraction_bynode": 0.6161451265724226,
    "lgb_bagging_freq": 1,
    "lgb_min_gain_to_split": 0.05409512485123377,
    "cat_iterations": 260,
    "cat_depth": 7,
    "cat_learning_rate": 0.012619489377794082,
    "cat_l2_leaf_reg": 3.4759768924681884,
    "cat_subsample": 0.5502419733285387,
    "cat_rsm": 0.771439844849755,
    "cat_border_count": 147,
    "cat_random_strength": 0.26777953197433135,
    "cat_leaf_estimation_iterations": 2,
    "cat_bootstrap_type": "Bayesian"
  },
  "features_enabled": {
    "ENABLE_EXTERNAL_FEATURES": "0",
    "ENABLE_FINGPT_FEATURES": "0",
    "ENABLE_YOLO_FEATURES": "0",
    "ML_USE_DIRECTIONAL_LOSS": "1",
    "ENABLE_SEED_BAGGING": "1",
    "ENABLE_TALIB_PATTERNS": "0",
    "ML_USE_SMART_ENSEMBLE": "1",
    "ML_USE_STACKED_SHORT": "0",
    "ENABLE_META_STACKING": "0",
    "ML_USE_REGIME_DETECTION": "1",
    "ENABLE_FINGPT": "1",
    "ML_USE_ADAPTIVE_LEARNING": "0",
    "ENABLE_XGBOOST": "1",
    "ENABLE_LIGHTGBM": "1",
    "ENABLE_CATBOOST": "1"
  },
  "best_trial_metrics": {
    "BAYRK_1d": {
      "symbol": "BAYRK",
      "horizon": 1,
      "split_metrics": [
        {
          "split_index": 1,
          "train_days": 452,
          "test_days": 30,
          "train_end_idx": 452,
          "test_end_idx": 482,
          "train_start": "2023-08-21T00:00:00",
          "train_end": "2025-06-12T00:00:00",
          "test_start": "2025-06-13T00:00:00",
          "test_end": "2025-07-25T00:00:00",
          "valid_predictions": 29,
          "model_metrics": {
            "xgboost": {
              "raw_r2": -0.18735572477688991,
              "rmse": 0.0471016267852206,
              "mape": 1.4707820857907625,
              "confidence": 0.48300847797461066
            },
            "lightgbm": {
              "raw_r2": -0.026724721447043482,
              "rmse": 0.04368312097428356,
              "mape": 1.618158152696525,
              "confidence": 0.6033184151044031
            },
            "catboost": {
              "raw_r2": 0.007367281900546918,
              "rmse": 0.043017617017073524,
              "mape": 1.6061716812998128,
              "confidence": 0.6309852397680064
            }
          },
          "dirhit": null,
          "rmse": 0.04242234269134335,
          "mape": 6976732.783142606,
          "nrmse": 1.0351586958233514,
          "mask_count": 5,
          "mask_pct": 17.24137931034483,
          "low_support": true,
          "min_mask_count": 10,
          "min_mask_pct": 5.0,
          "ensemble_debug": {
            "historical_r2": {
              "xgboost": -0.18735572477688991,
              "lightgbm": -0.026724721447043482,
              "catboost": 0.007367281900546918
            },
            "ensemble_weights": {
              "xgboost": 0.28587457692725,
              "lightgbm": 0.145909575959706,
              "catboost": 0.5682158471130441
            },
            "source": "model"
          }
        },
        {
          "split_index": 2,
          "train_days": 482,
          "test_days": 30,
          "train_end_idx": 482,
          "test_end_idx": 512,