{
  "best_value": 68.38235294117646,
  "best_dirhit": 68.38235294117646,
  "best_params": {
    "enable_external_features": true,
    "enable_fingpt_features": false,
    "enable_yolo_features": true,
    "enable_directional_loss": true,
    "enable_seed_bagging": false,
    "enable_talib_patterns": false,
    "enable_smart_ensemble": true,
    "enable_stacked_short": true,
    "enable_meta_stacking": true,
    "enable_regime_detection": false,
    "enable_fingpt": false,
    "model_choice": "all",
    "ml_loss_mse_weight": 0.4359398632352177,
    "ml_loss_threshold": 0.0016660757844898038,
    "ml_dir_penalty": 3.1036005576071575,
    "meta_stacking_alpha": 9.900186340065819,
    "ml_adaptive_k_1d": 2.1091162014637383,
    "ml_pattern_weight_scale_1d": 1.3866535233248969,
    "enable_talib_patterns_short": true,
    "external_min_days": 46,
    "external_smooth_alpha": 0.20670950538349223,
    "yolo_min_conf": 0.718399899969838,
    "smart_consensus_weight": 0.65638408359416,
    "smart_performance_weight": 0.6478866947682743,
    "smart_sigma": 0.0065992275050574,
    "smart_weight_xgb": 0.571898739368092,
    "smart_weight_lgbm": 0.5841172604155552,
    "smart_weight_cat": 0.8048195038616668,
    "xgb_n_estimators": 577,
    "xgb_max_depth": 3,
    "xgb_learning_rate": 0.01278956492399839,
    "xgb_subsample": 0.5467617329581463,
    "xgb_colsample_bytree": 0.8020650826690585,
    "xgb_reg_alpha": 0.0011633718089100896,
    "xgb_reg_lambda": 1.229153268794715,
    "xgb_min_child_weight": 8,
    "xgb_gamma": 0.009383746500238502,
    "xgb_grow_policy": "depthwise",
    "xgb_tree_method": "hist",
    "xgb_max_bin": 345,
    "lgb_n_estimators": 189,
    "lgb_max_depth": 6,
    "lgb_learning_rate": 0.010015400755163288,
    "lgb_num_leaves": 32,
    "lgb_subsample": 0.7337249283750923,
    "lgb_colsample_bytree": 0.5678973627451751,
    "lgb_reg_alpha": 2.7400170628544062e-06,
    "lgb_reg_lambda": 0.05804504444546771,
    "lgb_min_data_in_leaf": 94,
    "lgb_feature_fraction_bynode": 0.8189491428691658,
    "lgb_bagging_freq": 3,
    "lgb_min_gain_to_split": 0.7113100119745095,
    "cat_iterations": 480,
    "cat_depth": 7,
    "cat_learning_rate": 0.14836488007726412,
    "cat_l2_leaf_reg": 5.519131666515877,
    "cat_subsample": 0.7921615410195246,
    "cat_rsm": 0.5958531779827645,
    "cat_border_count": 85,
    "cat_random_strength": 3.609327857839553,
    "cat_leaf_estimation_iterations": 17,
    "cat_bootstrap_type": "Bernoulli"
  },
  "best_trial": {
    "number": 70,
    "value": 40.5240447776958,
    "state": "1"
  },
  "best_trial_number": 70,
  "best_trial_seed": 112,
  "n_trials": 76,
  "pruned_count": 0,
  "avg_trial_time": 0.0,
  "top_k_trials": [],
  "study_name": "hpo_with_features_BASGZ_h1_c2",
  "symbols": [
    "BASGZ"
  ],
  "horizon": 1,
  "best_model_choice": "all",
  "feature_flags": {
    "enable_external_features": true,
    "enable_fingpt_features": false,
    "enable_yolo_features": true,
    "enable_directional_loss": true,
    "enable_seed_bagging": false,
    "enable_talib_patterns": false,
    "enable_smart_ensemble": true,
    "enable_stacked_short": true,
    "enable_meta_stacking": true,
    "enable_regime_detection": false,
    "enable_fingpt": false,
    "enable_talib_patterns_short": true
  },
  "feature_params": {
    "ml_loss_mse_weight": 0.4359398632352177,
    "ml_loss_threshold": 0.0016660757844898038,
    "ml_dir_penalty": 3.1036005576071575,
    "meta_stacking_alpha": 9.900186340065819,
    "ml_adaptive_k_1d": 2.1091162014637383,
    "ml_pattern_weight_scale_1d": 1.3866535233248969,
    "external_min_days": 46,
    "external_smooth_alpha": 0.20670950538349223,
    "yolo_min_conf": 0.718399899969838,
    "smart_consensus_weight": 0.65638408359416,
    "smart_performance_weight": 0.6478866947682743,
    "smart_sigma": 0.0065992275050574,
    "smart_weight_xgb": 0.571898739368092,
    "smart_weight_lgbm": 0.5841172604155552,
    "smart_weight_cat": 0.8048195038616668
  },
  "hyperparameters": {
    "model_choice": "all",
    "xgb_n_estimators": 577,
    "xgb_max_depth": 3,
    "xgb_learning_rate": 0.01278956492399839,
    "xgb_subsample": 0.5467617329581463,
    "xgb_colsample_bytree": 0.8020650826690585,
    "xgb_reg_alpha": 0.0011633718089100896,
    "xgb_reg_lambda": 1.229153268794715,
    "xgb_min_child_weight": 8,
    "xgb_gamma": 0.009383746500238502,
    "xgb_grow_policy": "depthwise",
    "xgb_tree_method": "hist",
    "xgb_max_bin": 345,
    "lgb_n_estimators": 189,
    "lgb_max_depth": 6,
    "lgb_learning_rate": 0.010015400755163288,
    "lgb_num_leaves": 32,
    "lgb_subsample": 0.7337249283750923,
    "lgb_colsample_bytree": 0.5678973627451751,
    "lgb_reg_alpha": 2.7400170628544062e-06,
    "lgb_reg_lambda": 0.05804504444546771,
    "lgb_min_data_in_leaf": 94,
    "lgb_feature_fraction_bynode": 0.8189491428691658,
    "lgb_bagging_freq": 3,
    "lgb_min_gain_to_split": 0.7113100119745095,
    "cat_iterations": 480,
    "cat_depth": 7,
    "cat_learning_rate": 0.14836488007726412,
    "cat_l2_leaf_reg": 5.519131666515877,
    "cat_subsample": 0.7921615410195246,
    "cat_rsm": 0.5958531779827645,
    "cat_border_count": 85,
    "cat_random_strength": 3.609327857839553,
    "cat_leaf_estimation_iterations": 17,
    "cat_bootstrap_type": "Bernoulli"
  },
  "features_enabled": {
    "ENABLE_EXTERNAL_FEATURES": "1",
    "ENABLE_FINGPT_FEATURES": "0",
    "ENABLE_YOLO_FEATURES": "1",
    "ML_USE_DIRECTIONAL_LOSS": "1",
    "ENABLE_SEED_BAGGING": "0",
    "ENABLE_TALIB_PATTERNS": "0",
    "ML_USE_SMART_ENSEMBLE": "1",
    "ML_USE_STACKED_SHORT": "1",
    "ENABLE_META_STACKING": "1",
    "ML_USE_REGIME_DETECTION": "0",
    "ENABLE_FINGPT": "0",
    "ML_USE_ADAPTIVE_LEARNING": "0",
    "ENABLE_XGBOOST": "1",
    "ENABLE_LIGHTGBM": "1",
    "ENABLE_CATBOOST": "1"
  },
  "best_trial_metrics": {
    "BASGZ_1d": {
      "symbol": "BASGZ",
      "horizon": 1,
      "split_metrics": [
        {
          "split_index": 1,
          "train_days": 455,
          "test_days": 30,
          "train_end_idx": 455,
          "test_end_idx": 485,
          "train_start": "2023-08-21T00:00:00",
          "train_end": "2025-06-16T00:00:00",
          "test_start": "2025-06-17T00:00:00",
          "test_end": "2025-07-29T00:00:00",
          "valid_predictions": 29,
          "model_metrics": {
            "xgboost": {
              "raw_r2": -105.26302625452115,
              "rmse": 0.2571182747658068,
              "mape": 1.854541979499349,
              "confidence": 0.3
            },
            "lightgbm": {
              "raw_r2": -0.015834206879383084,
              "rmse": 0.025847420798416766,
              "mape": 1.7427120958403046,
              "confidence": 0.6121414227289328
            },
            "catboost": {
              "raw_r2": -0.01373963737525108,
              "rmse": 0.02581291106316485,
              "mape": 1.6664586070108565,
              "confidence": 0.6138409330005246
            }
          },
          "dirhit": 64.70588235294117,
          "rmse": 0.022363972289050345,
          "mape": 121.13326554912042,
          "nrmse": 1.0596489911151614,
          "mask_count": 17,
          "mask_pct": 58.620689655172406,
          "low_support": false,
          "min_mask_count": 0,
          "min_mask_pct": 0.0
        },
        {
          "split_index": 2,
          "train_days": 485,
          "test_days": 30,
          "train_end_idx": 485,
          "test_end_idx": 515,
          "train_start": "2023-08-21T00:00:00",
          "train_end": "2025-07-29T00:00:00",
          "test_start": "2025-07-30T00:00:00",
          "test_end": "2025-09-09T00:00:00",
          "valid_predictions": 29,
          "model_metrics": {
            "xgboost": {
              "raw_r2": -106.55566723628414,
              "rmse": 0.2572572019884324,
              "mape": 1.8561074778739606,
              "confidence": 0.3
            },