{
  "best_value": 67.46880570409984,
  "best_dirhit": 67.46880570409982,
  "best_params": {
    "enable_external_features": true,
    "enable_fingpt_features": false,
    "enable_yolo_features": false,
    "enable_directional_loss": false,
    "enable_seed_bagging": true,
    "enable_talib_patterns": true,
    "enable_smart_ensemble": true,
    "enable_stacked_short": false,
    "enable_meta_stacking": true,
    "enable_regime_detection": true,
    "enable_fingpt": false,
    "model_choice": "all",
    "n_seeds": 3,
    "meta_stacking_alpha": 2.862564596030856,
    "ml_adaptive_k_1d": 1.5191595851230488,
    "ml_pattern_weight_scale_1d": 0.6006774079956647,
    "enable_talib_patterns_short": false,
    "external_min_days": 22,
    "external_smooth_alpha": 0.10211663384072575,
    "regime_scale_low": 0.9139020286617134,
    "regime_scale_high": 1.0976394049997005,
    "smart_consensus_weight": 0.4635365493202737,
    "smart_performance_weight": 0.4237391222268603,
    "smart_sigma": 0.016873708539856383,
    "smart_weight_xgb": 1.1973884511240285,
    "smart_weight_lgbm": 1.2103156218038065,
    "smart_weight_cat": 1.3062973399757691,
    "xgb_n_estimators": 308,
    "xgb_max_depth": 3,
    "xgb_learning_rate": 0.042130531642205586,
    "xgb_subsample": 0.6199811391984266,
    "xgb_colsample_bytree": 0.7511018554846061,
    "xgb_reg_alpha": 0.0009105416392686963,
    "xgb_reg_lambda": 0.5032436734932687,
    "xgb_min_child_weight": 15,
    "xgb_gamma": 0.016480482852252617,
    "xgb_grow_policy": "lossguide",
    "xgb_tree_method": "hist",
    "xgb_max_bin": 426,
    "lgb_n_estimators": 189,
    "lgb_max_depth": 3,
    "lgb_learning_rate": 0.027756346312078236,
    "lgb_num_leaves": 21,
    "lgb_subsample": 0.8170893970750367,
    "lgb_colsample_bytree": 0.6191261830268696,
    "lgb_reg_alpha": 4.2435209220846095e-05,
    "lgb_reg_lambda": 0.83559826815255,
    "lgb_min_data_in_leaf": 15,
    "lgb_feature_fraction_bynode": 0.6772539072332489,
    "lgb_bagging_freq": 2,
    "lgb_min_gain_to_split": 0.541929525426737,
    "cat_iterations": 347,
    "cat_depth": 2,
    "cat_learning_rate": 0.04085554579461856,
    "cat_l2_leaf_reg": 2.5751612616771236,
    "cat_subsample": 0.9452597765063154,
    "cat_rsm": 0.9093353686914488,
    "cat_border_count": 171,
    "cat_random_strength": 4.922402010253678,
    "cat_leaf_estimation_iterations": 7,
    "cat_bootstrap_type": "No"
  },
  "best_trial": {
    "number": 427,
    "value": 38.791036287561305,
    "state": "1"
  },
  "best_trial_number": 427,
  "best_trial_seed": 469,
  "n_trials": 1438,
  "pruned_count": 0,
  "avg_trial_time": 0.0,
  "top_k_trials": [],
  "study_name": "hpo_with_features_BFREN_h1_c2",
  "symbols": [
    "BFREN"
  ],
  "horizon": 1,
  "best_model_choice": "all",
  "feature_flags": {
    "enable_external_features": true,
    "enable_fingpt_features": false,
    "enable_yolo_features": false,
    "enable_directional_loss": false,
    "enable_seed_bagging": true,
    "enable_talib_patterns": true,
    "enable_smart_ensemble": true,
    "enable_stacked_short": false,
    "enable_meta_stacking": true,
    "enable_regime_detection": true,
    "enable_fingpt": false,
    "enable_talib_patterns_short": false
  },
  "feature_params": {
    "n_seeds": 3,
    "meta_stacking_alpha": 2.862564596030856,
    "ml_adaptive_k_1d": 1.5191595851230488,
    "ml_pattern_weight_scale_1d": 0.6006774079956647,
    "external_min_days": 22,
    "external_smooth_alpha": 0.10211663384072575,
    "regime_scale_low": 0.9139020286617134,
    "regime_scale_high": 1.0976394049997005,
    "smart_consensus_weight": 0.4635365493202737,
    "smart_performance_weight": 0.4237391222268603,
    "smart_sigma": 0.016873708539856383,
    "smart_weight_xgb": 1.1973884511240285,
    "smart_weight_lgbm": 1.2103156218038065,
    "smart_weight_cat": 1.3062973399757691
  },
  "hyperparameters": {
    "model_choice": "all",
    "xgb_n_estimators": 308,
    "xgb_max_depth": 3,
    "xgb_learning_rate": 0.042130531642205586,
    "xgb_subsample": 0.6199811391984266,
    "xgb_colsample_bytree": 0.7511018554846061,
    "xgb_reg_alpha": 0.0009105416392686963,
    "xgb_reg_lambda": 0.5032436734932687,
    "xgb_min_child_weight": 15,
    "xgb_gamma": 0.016480482852252617,
    "xgb_grow_policy": "lossguide",
    "xgb_tree_method": "hist",
    "xgb_max_bin": 426,
    "lgb_n_estimators": 189,
    "lgb_max_depth": 3,
    "lgb_learning_rate": 0.027756346312078236,
    "lgb_num_leaves": 21,
    "lgb_subsample": 0.8170893970750367,
    "lgb_colsample_bytree": 0.6191261830268696,
    "lgb_reg_alpha": 4.2435209220846095e-05,
    "lgb_reg_lambda": 0.83559826815255,
    "lgb_min_data_in_leaf": 15,
    "lgb_feature_fraction_bynode": 0.6772539072332489,
    "lgb_bagging_freq": 2,
    "lgb_min_gain_to_split": 0.541929525426737,
    "cat_iterations": 347,
    "cat_depth": 2,
    "cat_learning_rate": 0.04085554579461856,
    "cat_l2_leaf_reg": 2.5751612616771236,
    "cat_subsample": 0.9452597765063154,
    "cat_rsm": 0.9093353686914488,
    "cat_border_count": 171,
    "cat_random_strength": 4.922402010253678,
    "cat_leaf_estimation_iterations": 7,
    "cat_bootstrap_type": "No"
  },
  "features_enabled": {
    "ENABLE_EXTERNAL_FEATURES": "1",
    "ENABLE_FINGPT_FEATURES": "0",
    "ENABLE_YOLO_FEATURES": "0",
    "ML_USE_DIRECTIONAL_LOSS": "0",
    "ENABLE_SEED_BAGGING": "1",
    "ENABLE_TALIB_PATTERNS": "1",
    "ML_USE_SMART_ENSEMBLE": "1",
    "ML_USE_STACKED_SHORT": "0",
    "ENABLE_META_STACKING": "1",
    "ML_USE_REGIME_DETECTION": "1",
    "ENABLE_FINGPT": "0",
    "ML_USE_ADAPTIVE_LEARNING": "0",
    "ENABLE_XGBOOST": "1",
    "ENABLE_LIGHTGBM": "1",
    "ENABLE_CATBOOST": "1"
  },
  "best_trial_metrics": {
    "BFREN_1d": {
      "symbol": "BFREN",
      "horizon": 1,
      "split_metrics": [
        {
          "split_index": 1,
          "train_days": 452,
          "test_days": 30,
          "train_end_idx": 452,
          "test_end_idx": 482,
          "train_start": "2023-08-21T00:00:00",
          "train_end": "2025-06-12T00:00:00",
          "test_start": "2025-06-13T00:00:00",
          "test_end": "2025-07-25T00:00:00",
          "valid_predictions": 29,
          "model_metrics": {
            "xgboost": {
              "raw_r2": -0.026827820669210634,
              "rmse": 0.05132098158504157,
              "mape": 1.641506287002793,
              "confidence": 0.6032350212378086
            },
            "lightgbm": {
              "raw_r2": -0.027796211615392252,
              "rmse": 0.05138601566815623,
              "mape": 1.6779308053411632,
              "confidence": 0.6024518608726984
            },
            "catboost": {
              "raw_r2": -0.02023014036135125,
              "rmse": 0.05117671496451397,
              "mape": 1.6684934835729748,
              "confidence": 0.6085770111714306
            }
          },
          "dirhit": 50.0,
          "rmse": 0.036154411918739464,
          "mape": 6332944.285764789,
          "nrmse": 2.3298544835397297,
          "mask_count": 16,
          "mask_pct": 55.172413793103445,
          "low_support": false,
          "min_mask_count": 10,
          "min_mask_pct": 5.0
        },
        {
          "split_index": 2,
          "train_days": 482,
          "test_days": 30,
          "train_end_idx": 482,
          "test_end_idx": 512,
          "train_start": "2023-08-21T00:00:00",
          "train_end": "2025-07-25T00:00:00",
          "test_start": "2025-07-28T00:00:00",
          "test_end": "2025-09-05T00:00:00",
          "valid_predictions": 29,
          "model_metrics": {
            "xgboost": {
              "raw_r2": -0.04805609236819245,
              "rmse": 0.049947781925127575,
              "mape": 1.6486282515098705,
              "confidence": 0.5861412037112679
            },
            "lightgbm": {
              "raw_r2": -0.025097714114123537,
              "rmse": 0.049819507462582825,
              "mape": 1.6834119937672745,