{
  "best_value": 75.95238095238095,
  "best_dirhit": 75.95238095238095,
  "best_params": {
    "enable_external_features": true,
    "enable_fingpt_features": true,
    "enable_yolo_features": false,
    "enable_directional_loss": true,
    "enable_seed_bagging": false,
    "enable_talib_patterns": false,
    "enable_smart_ensemble": false,
    "enable_stacked_short": false,
    "enable_meta_stacking": true,
    "enable_regime_detection": false,
    "enable_fingpt": false,
    "model_choice": "all",
    "ml_loss_mse_weight": 0.7917972463757428,
    "ml_loss_threshold": 0.0044965386272619555,
    "ml_dir_penalty": 3.175691869905877,
    "meta_stacking_alpha": 2.6986394728940626,
    "ml_adaptive_k_1d": 2.3608532977155505,
    "ml_pattern_weight_scale_1d": 1.2920454267290413,
    "enable_talib_patterns_short": true,
    "external_min_days": 43,
    "external_smooth_alpha": 0.12241873383875373,
    "fingpt_confidence_threshold": 0.3697011950483036,
    "xgb_n_estimators": 530,
    "xgb_max_depth": 5,
    "xgb_learning_rate": 0.07572689675213183,
    "xgb_subsample": 0.6921016434959972,
    "xgb_colsample_bytree": 0.5814201280263751,
    "xgb_reg_alpha": 6.917885384488281e-05,
    "xgb_reg_lambda": 1.4089898923993784,
    "xgb_min_child_weight": 11,
    "xgb_gamma": 0.00014974888149986486,
    "xgb_grow_policy": "depthwise",
    "xgb_tree_method": "hist",
    "xgb_max_bin": 204,
    "lgb_n_estimators": 358,
    "lgb_max_depth": 2,
    "lgb_learning_rate": 0.02417867572294358,
    "lgb_num_leaves": 38,
    "lgb_subsample": 0.7270559965609231,
    "lgb_colsample_bytree": 0.5201402580831542,
    "lgb_reg_alpha": 0.0038730340102168122,
    "lgb_reg_lambda": 0.1261031439302088,
    "lgb_min_data_in_leaf": 40,
    "lgb_feature_fraction_bynode": 0.9771689028162234,
    "lgb_bagging_freq": 7,
    "lgb_min_gain_to_split": 0.412785396784249,
    "cat_iterations": 322,
    "cat_depth": 3,
    "cat_learning_rate": 0.07426948197418805,
    "cat_l2_leaf_reg": 7.588192918761219,
    "cat_subsample": 0.5951939263358923,
    "cat_rsm": 0.5498584414286442,
    "cat_border_count": 84,
    "cat_random_strength": 0.16176940618628752,
    "cat_leaf_estimation_iterations": 4,
    "cat_bootstrap_type": "No"
  },
  "best_trial": {
    "number": 689,
    "value": 46.81333921919514,
    "state": "1"
  },
  "best_trial_number": 689,
  "best_trial_seed": 731,
  "n_trials": 781,
  "pruned_count": 0,
  "avg_trial_time": 0.0,
  "top_k_trials": [],
  "study_name": "hpo_with_features_ERBOS_h1_c2",
  "symbols": [
    "ERBOS"
  ],
  "horizon": 1,
  "best_model_choice": "all",
  "feature_flags": {
    "enable_external_features": true,
    "enable_fingpt_features": true,
    "enable_yolo_features": false,
    "enable_directional_loss": true,
    "enable_seed_bagging": false,
    "enable_talib_patterns": false,
    "enable_smart_ensemble": false,
    "enable_stacked_short": false,
    "enable_meta_stacking": true,
    "enable_regime_detection": false,
    "enable_fingpt": false,
    "enable_talib_patterns_short": true
  },
  "feature_params": {
    "ml_loss_mse_weight": 0.7917972463757428,
    "ml_loss_threshold": 0.0044965386272619555,
    "ml_dir_penalty": 3.175691869905877,
    "meta_stacking_alpha": 2.6986394728940626,
    "ml_adaptive_k_1d": 2.3608532977155505,
    "ml_pattern_weight_scale_1d": 1.2920454267290413,
    "external_min_days": 43,
    "external_smooth_alpha": 0.12241873383875373,
    "fingpt_confidence_threshold": 0.3697011950483036
  },
  "hyperparameters": {
    "model_choice": "all",
    "xgb_n_estimators": 530,
    "xgb_max_depth": 5,
    "xgb_learning_rate": 0.07572689675213183,
    "xgb_subsample": 0.6921016434959972,
    "xgb_colsample_bytree": 0.5814201280263751,
    "xgb_reg_alpha": 6.917885384488281e-05,
    "xgb_reg_lambda": 1.4089898923993784,
    "xgb_min_child_weight": 11,
    "xgb_gamma": 0.00014974888149986486,
    "xgb_grow_policy": "depthwise",
    "xgb_tree_method": "hist",
    "xgb_max_bin": 204,
    "lgb_n_estimators": 358,
    "lgb_max_depth": 2,
    "lgb_learning_rate": 0.02417867572294358,
    "lgb_num_leaves": 38,
    "lgb_subsample": 0.7270559965609231,
    "lgb_colsample_bytree": 0.5201402580831542,
    "lgb_reg_alpha": 0.0038730340102168122,
    "lgb_reg_lambda": 0.1261031439302088,
    "lgb_min_data_in_leaf": 40,
    "lgb_feature_fraction_bynode": 0.9771689028162234,
    "lgb_bagging_freq": 7,
    "lgb_min_gain_to_split": 0.412785396784249,
    "cat_iterations": 322,
    "cat_depth": 3,
    "cat_learning_rate": 0.07426948197418805,
    "cat_l2_leaf_reg": 7.588192918761219,
    "cat_subsample": 0.5951939263358923,
    "cat_rsm": 0.5498584414286442,
    "cat_border_count": 84,
    "cat_random_strength": 0.16176940618628752,
    "cat_leaf_estimation_iterations": 4,
    "cat_bootstrap_type": "No"
  },
  "features_enabled": {
    "ENABLE_EXTERNAL_FEATURES": "1",
    "ENABLE_FINGPT_FEATURES": "1",
    "ENABLE_YOLO_FEATURES": "0",
    "ML_USE_DIRECTIONAL_LOSS": "1",
    "ENABLE_SEED_BAGGING": "0",
    "ENABLE_TALIB_PATTERNS": "0",
    "ML_USE_SMART_ENSEMBLE": "0",
    "ML_USE_STACKED_SHORT": "0",
    "ENABLE_META_STACKING": "1",
    "ML_USE_REGIME_DETECTION": "0",
    "ENABLE_FINGPT": "0",
    "ML_USE_ADAPTIVE_LEARNING": "0",
    "ENABLE_XGBOOST": "1",
    "ENABLE_LIGHTGBM": "1",
    "ENABLE_CATBOOST": "1"
  },
  "best_trial_metrics": {
    "ERBOS_1d": {
      "symbol": "ERBOS",
      "horizon": 1,
      "split_metrics": [
        {
          "split_index": 1,
          "train_days": 453,
          "test_days": 30,
          "train_end_idx": 453,
          "test_end_idx": 483,
          "train_start": "2023-08-21T00:00:00",
          "train_end": "2025-06-13T00:00:00",
          "test_start": "2025-06-16T00:00:00",
          "test_end": "2025-07-28T00:00:00",
          "valid_predictions": 29,
          "model_metrics": {
            "xgboost": {
              "raw_r2": -0.28318554199153295,
              "rmse": 0.028865063122640932,
              "mape": 1.4698691260784724,
              "confidence": 0.42694550967215333
            },
            "lightgbm": {
              "raw_r2": -0.020126824479982524,
              "rmse": 0.026435139548900814,
              "mape": 1.6714793226457236,
              "confidence": 0.6086607420637435
            },
            "catboost": {
              "raw_r2": -0.022817646640389617,
              "rmse": 0.026475307515777362,
              "mape": 1.6152765062137933,
              "confidence": 0.606480745159619
            }
          },
          "dirhit": 73.33333333333333,
          "rmse": 0.028388840684764338,
          "mape": 226.50630435077375,
          "nrmse": 1.1818564364476503,
          "mask_count": 15,
          "mask_pct": 51.724137931034484,
          "low_support": false,
          "min_mask_count": 10,
          "min_mask_pct": 5.0
        },
        {
          "split_index": 2,
          "train_days": 483,
          "test_days": 30,
          "train_end_idx": 483,
          "test_end_idx": 513,
          "train_start": "2023-08-21T00:00:00",
          "train_end": "2025-07-28T00:00:00",
          "test_start": "2025-07-29T00:00:00",
          "test_end": "2025-09-08T00:00:00",
          "valid_predictions": 29,
          "model_metrics": {
            "xgboost": {
              "raw_r2": -0.3226917886503719,
              "rmse": 0.02887564789901155,
              "mape": 1.4099284566637396,
              "confidence": 0.407970810001021
            },
            "lightgbm": {
              "raw_r2": -0.012731160024219701,
              "rmse": 0.026528424617877834,
              "mape": 1.6735053221994538,
              "confidence": 0.6146594239648435
            },
            "catboost": {
              "raw_r2": -0.016403823785344995,
              "rmse": 0.02659379250796826,
              "mape": 1.6186824458531928,
              "confidence": 0.6116793598169938
            }
          },
          "dirhit": null,
          "rmse": 0.02352872823810244,