{
  "best_value": 68.75,
  "best_dirhit": 67.70833333333333,
  "best_params": {
    "enable_external_features": false,
    "enable_fingpt_features": true,
    "enable_yolo_features": true,
    "enable_directional_loss": false,
    "enable_seed_bagging": false,
    "enable_talib_patterns": true,
    "enable_smart_ensemble": true,
    "enable_stacked_short": false,
    "enable_meta_stacking": false,
    "enable_regime_detection": false,
    "enable_fingpt": true,
    "model_choice": "all",
    "ml_adaptive_k_1d": 1.0462923090098448,
    "ml_pattern_weight_scale_1d": 0.8706051609081358,
    "enable_talib_patterns_short": true,
    "external_min_days": 47,
    "external_smooth_alpha": 0.23383068767953344,
    "yolo_min_conf": 0.41652936729614093,
    "smart_consensus_weight": 0.6302801162846279,
    "smart_performance_weight": 0.5275213923599975,
    "smart_sigma": 0.004922066683669699,
    "smart_weight_xgb": 1.016231928402671,
    "smart_weight_lgbm": 0.6733991161014129,
    "smart_weight_cat": 0.8569121429759986,
    "fingpt_confidence_threshold": 0.4947933787941526,
    "xgb_n_estimators": 175,
    "xgb_max_depth": 6,
    "xgb_learning_rate": 0.024444287512262956,
    "xgb_subsample": 0.7387155480923298,
    "xgb_colsample_bytree": 0.8499948065992997,
    "xgb_reg_alpha": 0.00038728615120389053,
    "xgb_reg_lambda": 0.5793443778339861,
    "xgb_min_child_weight": 6,
    "xgb_gamma": 0.6368773894785231,
    "xgb_grow_policy": "depthwise",
    "xgb_tree_method": "hist",
    "xgb_max_bin": 418,
    "lgb_n_estimators": 535,
    "lgb_max_depth": 5,
    "lgb_learning_rate": 0.019431284854305345,
    "lgb_num_leaves": 28,
    "lgb_subsample": 0.6438607001296711,
    "lgb_colsample_bytree": 0.7605060788501444,
    "lgb_reg_alpha": 0.037057868943164936,
    "lgb_reg_lambda": 0.30855400519220477,
    "lgb_min_data_in_leaf": 13,
    "lgb_feature_fraction_bynode": 0.5169006745125543,
    "lgb_bagging_freq": 7,
    "lgb_min_gain_to_split": 0.17441841128322735,
    "cat_iterations": 405,
    "cat_depth": 7,
    "cat_learning_rate": 0.01575090852017232,
    "cat_l2_leaf_reg": 9.221514450025857,
    "cat_subsample": 0.8390015068101705,
    "cat_rsm": 0.5876660607181625,
    "cat_border_count": 20,
    "cat_random_strength": 3.147748637124542,
    "cat_leaf_estimation_iterations": 13,
    "cat_bootstrap_type": "Bernoulli"
  },
  "best_trial": {
    "number": 79,
    "value": 41.27176651201533,
    "state": "1"
  },
  "best_trial_number": 79,
  "best_trial_seed": 121,
  "n_trials": 269,
  "pruned_count": 0,
  "avg_trial_time": 0.0,
  "top_k_trials": [],
  "study_name": "hpo_with_features_CRFSA_h1_c2",
  "symbols": [
    "CRFSA"
  ],
  "horizon": 1,
  "best_model_choice": "all",
  "feature_flags": {
    "enable_external_features": false,
    "enable_fingpt_features": true,
    "enable_yolo_features": true,
    "enable_directional_loss": false,
    "enable_seed_bagging": false,
    "enable_talib_patterns": true,
    "enable_smart_ensemble": true,
    "enable_stacked_short": false,
    "enable_meta_stacking": false,
    "enable_regime_detection": false,
    "enable_fingpt": true,
    "enable_talib_patterns_short": true
  },
  "feature_params": {
    "ml_adaptive_k_1d": 1.0462923090098448,
    "ml_pattern_weight_scale_1d": 0.8706051609081358,
    "external_min_days": 47,
    "external_smooth_alpha": 0.23383068767953344,
    "yolo_min_conf": 0.41652936729614093,
    "smart_consensus_weight": 0.6302801162846279,
    "smart_performance_weight": 0.5275213923599975,
    "smart_sigma": 0.004922066683669699,
    "smart_weight_xgb": 1.016231928402671,
    "smart_weight_lgbm": 0.6733991161014129,
    "smart_weight_cat": 0.8569121429759986,
    "fingpt_confidence_threshold": 0.4947933787941526
  },
  "hyperparameters": {
    "model_choice": "all",
    "xgb_n_estimators": 175,
    "xgb_max_depth": 6,
    "xgb_learning_rate": 0.024444287512262956,
    "xgb_subsample": 0.7387155480923298,
    "xgb_colsample_bytree": 0.8499948065992997,
    "xgb_reg_alpha": 0.00038728615120389053,
    "xgb_reg_lambda": 0.5793443778339861,
    "xgb_min_child_weight": 6,
    "xgb_gamma": 0.6368773894785231,
    "xgb_grow_policy": "depthwise",
    "xgb_tree_method": "hist",
    "xgb_max_bin": 418,
    "lgb_n_estimators": 535,
    "lgb_max_depth": 5,
    "lgb_learning_rate": 0.019431284854305345,
    "lgb_num_leaves": 28,
    "lgb_subsample": 0.6438607001296711,
    "lgb_colsample_bytree": 0.7605060788501444,
    "lgb_reg_alpha": 0.037057868943164936,
    "lgb_reg_lambda": 0.30855400519220477,
    "lgb_min_data_in_leaf": 13,
    "lgb_feature_fraction_bynode": 0.5169006745125543,
    "lgb_bagging_freq": 7,
    "lgb_min_gain_to_split": 0.17441841128322735,
    "cat_iterations": 405,
    "cat_depth": 7,
    "cat_learning_rate": 0.01575090852017232,
    "cat_l2_leaf_reg": 9.221514450025857,
    "cat_subsample": 0.8390015068101705,
    "cat_rsm": 0.5876660607181625,
    "cat_border_count": 20,
    "cat_random_strength": 3.147748637124542,
    "cat_leaf_estimation_iterations": 13,
    "cat_bootstrap_type": "Bernoulli"
  },
  "features_enabled": {
    "ENABLE_EXTERNAL_FEATURES": "0",
    "ENABLE_FINGPT_FEATURES": "1",
    "ENABLE_YOLO_FEATURES": "1",
    "ML_USE_DIRECTIONAL_LOSS": "0",
    "ENABLE_SEED_BAGGING": "0",
    "ENABLE_TALIB_PATTERNS": "1",
    "ML_USE_SMART_ENSEMBLE": "1",
    "ML_USE_STACKED_SHORT": "0",
    "ENABLE_META_STACKING": "0",
    "ML_USE_REGIME_DETECTION": "0",
    "ENABLE_FINGPT": "1",
    "ML_USE_ADAPTIVE_LEARNING": "0",
    "ENABLE_XGBOOST": "1",
    "ENABLE_LIGHTGBM": "1",
    "ENABLE_CATBOOST": "1"
  },
  "best_trial_metrics": {
    "CRFSA_1d": {
      "symbol": "CRFSA",
      "horizon": 1,
      "split_metrics": [
        {
          "split_index": 1,
          "train_days": 451,
          "test_days": 30,
          "train_end_idx": 451,
          "test_end_idx": 481,
          "train_start": "2023-08-21T00:00:00",
          "train_end": "2025-06-11T00:00:00",
          "test_start": "2025-06-12T00:00:00",
          "test_end": "2025-07-24T00:00:00",
          "valid_predictions": 29,
          "model_metrics": {
            "xgboost": {
              "raw_r2": -0.017321377724608178,
              "rmse": 0.02672256893344741,
              "mape": 1.7212964356148222,
              "confidence": 0.6109351709008557
            },
            "lightgbm": {
              "raw_r2": -0.03163542956349715,
              "rmse": 0.026913169179019595,
              "mape": 1.645063375489367,
              "confidence": 0.5993496721465141
            },
            "catboost": {
              "raw_r2": -0.02793894684358733,
              "rmse": 0.02686038426761701,
              "mape": 1.629894809941769,
              "confidence": 0.6023364495868657
            }
          },
          "dirhit": 33.33333333333333,
          "rmse": 0.027100977644415804,
          "mape": 97.07900866018488,
          "nrmse": 1.0347296760181028,
          "mask_count": 3,
          "mask_pct": 10.344827586206897,
          "low_support": false,
          "min_mask_count": 0,
          "min_mask_pct": 0.0,
          "ensemble_debug": {
            "historical_r2": {
              "xgboost": -0.017321377724608178,
              "lightgbm": -0.03163542956349715,
              "catboost": -0.02793894684358733
            },
            "ensemble_weights": {
              "xgboost": 0.7532765800354606,
              "lightgbm": 0.10845597759807923,
              "catboost": 0.13826744236646016
            },
            "source": "model"
          }
        },
        {
          "split_index": 2,
          "train_days": 481,
          "test_days": 30,
          "train_end_idx": 481,
          "test_end_idx": 511,
          "train_start": "2023-08-21T00:00:00",
          "train_end": "2025-07-24T00:00:00",
          "test_start": "2025-07-25T00:00:00",
          "test_end": "2025-09-04T00:00:00",
          "valid_predictions": 29,