{
  "best_value": 80.0,
  "best_dirhit": 73.33333333333333,
  "best_params": {
    "enable_external_features": false,
    "enable_fingpt_features": false,
    "enable_yolo_features": false,
    "enable_directional_loss": false,
    "enable_seed_bagging": false,
    "enable_talib_patterns": true,
    "enable_smart_ensemble": true,
    "enable_stacked_short": false,
    "enable_meta_stacking": false,
    "enable_regime_detection": true,
    "enable_fingpt": true,
    "model_choice": "all",
    "ml_adaptive_k_1d": 1.610007147468569,
    "ml_pattern_weight_scale_1d": 1.30349503586028,
    "enable_talib_patterns_short": true,
    "external_min_days": 44,
    "external_smooth_alpha": 0.2619940128485656,
    "regime_scale_low": 0.8997285562991699,
    "regime_scale_high": 1.0991982853332398,
    "smart_consensus_weight": 0.7531179168372709,
    "smart_performance_weight": 0.39152838357141134,
    "smart_sigma": 0.0055188170908745116,
    "smart_weight_xgb": 1.1924474495363753,
    "smart_weight_lgbm": 1.239844450241308,
    "smart_weight_cat": 1.3214170101015534,
    "xgb_n_estimators": 531,
    "xgb_max_depth": 3,
    "xgb_learning_rate": 0.0762103604622841,
    "xgb_subsample": 0.678476119792479,
    "xgb_colsample_bytree": 0.8748014058545327,
    "xgb_reg_alpha": 8.453203028277806e-06,
    "xgb_reg_lambda": 0.15516302953859984,
    "xgb_min_child_weight": 13,
    "xgb_gamma": 0.0018767652920447097,
    "xgb_grow_policy": "depthwise",
    "xgb_tree_method": "hist",
    "xgb_max_bin": 286,
    "lgb_n_estimators": 550,
    "lgb_max_depth": 8,
    "lgb_learning_rate": 0.011336109166131654,
    "lgb_num_leaves": 39,
    "lgb_subsample": 0.5565084433438223,
    "lgb_colsample_bytree": 0.5733661054003892,
    "lgb_reg_alpha": 0.3034915830919582,
    "lgb_reg_lambda": 0.0001640743940770196,
    "lgb_min_data_in_leaf": 82,
    "lgb_feature_fraction_bynode": 0.6108852164321326,
    "lgb_bagging_freq": 6,
    "lgb_min_gain_to_split": 0.1766755529368911,
    "cat_iterations": 504,
    "cat_depth": 6,
    "cat_learning_rate": 0.1278546988927815,
    "cat_l2_leaf_reg": 8.64487196434778,
    "cat_subsample": 0.6495995257465702,
    "cat_rsm": 0.5616770347126587,
    "cat_border_count": 144,
    "cat_random_strength": 1.0022640494062829,
    "cat_leaf_estimation_iterations": 18,
    "cat_bootstrap_type": "MVS"
  },
  "best_trial": {
    "number": 237,
    "value": 45.13526370310238,
    "state": "1"
  },
  "best_trial_number": 237,
  "best_trial_seed": 279,
  "n_trials": 892,
  "pruned_count": 0,
  "avg_trial_time": 0.0,
  "top_k_trials": [],
  "study_name": "hpo_with_features_ARCLK_h1_c2",
  "symbols": [
    "ARCLK"
  ],
  "horizon": 1,
  "best_model_choice": "all",
  "feature_flags": {
    "enable_external_features": false,
    "enable_fingpt_features": false,
    "enable_yolo_features": false,
    "enable_directional_loss": false,
    "enable_seed_bagging": false,
    "enable_talib_patterns": true,
    "enable_smart_ensemble": true,
    "enable_stacked_short": false,
    "enable_meta_stacking": false,
    "enable_regime_detection": true,
    "enable_fingpt": true,
    "enable_talib_patterns_short": true
  },
  "feature_params": {
    "ml_adaptive_k_1d": 1.610007147468569,
    "ml_pattern_weight_scale_1d": 1.30349503586028,
    "external_min_days": 44,
    "external_smooth_alpha": 0.2619940128485656,
    "regime_scale_low": 0.8997285562991699,
    "regime_scale_high": 1.0991982853332398,
    "smart_consensus_weight": 0.7531179168372709,
    "smart_performance_weight": 0.39152838357141134,
    "smart_sigma": 0.0055188170908745116,
    "smart_weight_xgb": 1.1924474495363753,
    "smart_weight_lgbm": 1.239844450241308,
    "smart_weight_cat": 1.3214170101015534
  },
  "hyperparameters": {
    "model_choice": "all",
    "xgb_n_estimators": 531,
    "xgb_max_depth": 3,
    "xgb_learning_rate": 0.0762103604622841,
    "xgb_subsample": 0.678476119792479,
    "xgb_colsample_bytree": 0.8748014058545327,
    "xgb_reg_alpha": 8.453203028277806e-06,
    "xgb_reg_lambda": 0.15516302953859984,
    "xgb_min_child_weight": 13,
    "xgb_gamma": 0.0018767652920447097,
    "xgb_grow_policy": "depthwise",
    "xgb_tree_method": "hist",
    "xgb_max_bin": 286,
    "lgb_n_estimators": 550,
    "lgb_max_depth": 8,
    "lgb_learning_rate": 0.011336109166131654,
    "lgb_num_leaves": 39,
    "lgb_subsample": 0.5565084433438223,
    "lgb_colsample_bytree": 0.5733661054003892,
    "lgb_reg_alpha": 0.3034915830919582,
    "lgb_reg_lambda": 0.0001640743940770196,
    "lgb_min_data_in_leaf": 82,
    "lgb_feature_fraction_bynode": 0.6108852164321326,
    "lgb_bagging_freq": 6,
    "lgb_min_gain_to_split": 0.1766755529368911,
    "cat_iterations": 504,
    "cat_depth": 6,
    "cat_learning_rate": 0.1278546988927815,
    "cat_l2_leaf_reg": 8.64487196434778,
    "cat_subsample": 0.6495995257465702,
    "cat_rsm": 0.5616770347126587,
    "cat_border_count": 144,
    "cat_random_strength": 1.0022640494062829,
    "cat_leaf_estimation_iterations": 18,
    "cat_bootstrap_type": "MVS"
  },
  "features_enabled": {
    "ENABLE_EXTERNAL_FEATURES": "0",
    "ENABLE_FINGPT_FEATURES": "0",
    "ENABLE_YOLO_FEATURES": "0",
    "ML_USE_DIRECTIONAL_LOSS": "0",
    "ENABLE_SEED_BAGGING": "0",
    "ENABLE_TALIB_PATTERNS": "1",
    "ML_USE_SMART_ENSEMBLE": "1",
    "ML_USE_STACKED_SHORT": "0",
    "ENABLE_META_STACKING": "0",
    "ML_USE_REGIME_DETECTION": "1",
    "ENABLE_FINGPT": "1",
    "ML_USE_ADAPTIVE_LEARNING": "0",
    "ENABLE_XGBOOST": "1",
    "ENABLE_LIGHTGBM": "1",
    "ENABLE_CATBOOST": "1"
  },
  "best_trial_metrics": {
    "ARCLK_1d": {
      "symbol": "ARCLK",
      "horizon": 1,
      "split_metrics": [
        {
          "split_index": 1,
          "train_days": 449,
          "test_days": 30,
          "train_end_idx": 449,
          "test_end_idx": 479,
          "train_start": "2023-08-21T00:00:00",
          "train_end": "2025-06-05T00:00:00",
          "test_start": "2025-06-10T00:00:00",
          "test_end": "2025-07-22T00:00:00",
          "valid_predictions": 29,
          "model_metrics": {
            "xgboost": {
              "raw_r2": 0.013374605047758337,
              "rmse": 0.022417100391030946,
              "mape": 1.679896846544801,
              "confidence": 0.6358628186912041
            },
            "lightgbm": {
              "raw_r2": -0.01691070427591453,
              "rmse": 0.022812381254541034,
              "mape": 1.833628853634437,
              "confidence": 0.6112682328424377
            },
            "catboost": {
              "raw_r2": -0.003407616098476507,
              "rmse": 0.02266015145105441,
              "mape": 1.6587000356009258,
              "confidence": 0.622231378896343
            }
          },
          "dirhit": 66.66666666666666,
          "rmse": 0.022883556184334675,
          "mape": 2417453.1341843065,
          "nrmse": 1.0208703901670573,
          "mask_count": 3,
          "mask_pct": 10.344827586206897,
          "low_support": false,
          "min_mask_count": 0,
          "min_mask_pct": 0.0,
          "ensemble_debug": {
            "historical_r2": {
              "xgboost": 0.013374605047758337,
              "lightgbm": -0.01691070427591453,
              "catboost": -0.003407616098476507
            },
            "ensemble_weights": {
              "xgboost": 0.11017806894684616,
              "lightgbm": 0.7687477368453793,
              "catboost": 0.12107419420777449
            },
            "source": "model"
          }
        },
        {
          "split_index": 2,
          "train_days": 479,
          "test_days": 30,
          "train_end_idx": 479,
          "test_end_idx": 509,
          "train_start": "2023-08-21T00:00:00",
          "train_end": "2025-07-22T00:00:00",
          "test_start": "2025-07-23T00:00:00",
          "test_end": "2025-09-02T00:00:00",
          "valid_predictions": 29,
          "model_metrics": {
            "xgboost": {
              "raw_r2": 0.009476869688970916,