{
  "best_value": 72.5,
  "best_dirhit": 65.41666666666666,
  "best_params": {
    "enable_external_features": false,
    "enable_fingpt_features": false,
    "enable_yolo_features": false,
    "enable_directional_loss": true,
    "enable_seed_bagging": false,
    "enable_talib_patterns": true,
    "enable_smart_ensemble": false,
    "enable_stacked_short": true,
    "enable_meta_stacking": true,
    "enable_regime_detection": false,
    "enable_fingpt": true,
    "model_choice": "all",
    "ml_loss_mse_weight": 0.42986374306019265,
    "ml_loss_threshold": 0.0061068792965612686,
    "ml_dir_penalty": 1.6052996600992322,
    "meta_stacking_alpha": 1.3646249909291408,
    "ml_adaptive_k_1d": 1.261860421841753,
    "ml_pattern_weight_scale_1d": 1.706124387470481,
    "enable_talib_patterns_short": false,
    "external_min_days": 37,
    "external_smooth_alpha": 0.3520486475307246,
    "xgb_n_estimators": 261,
    "xgb_max_depth": 5,
    "xgb_learning_rate": 0.016380014271809934,
    "xgb_subsample": 0.5758735034732484,
    "xgb_colsample_bytree": 0.8798593331464076,
    "xgb_reg_alpha": 0.023546155817218074,
    "xgb_reg_lambda": 0.0010119832596606712,
    "xgb_min_child_weight": 10,
    "xgb_gamma": 0.06313491520738533,
    "xgb_grow_policy": "depthwise",
    "xgb_tree_method": "hist",
    "xgb_max_bin": 499,
    "lgb_n_estimators": 446,
    "lgb_max_depth": 4,
    "lgb_learning_rate": 0.049032964474830625,
    "lgb_num_leaves": 60,
    "lgb_subsample": 0.5207760092486655,
    "lgb_colsample_bytree": 0.7953565997728533,
    "lgb_reg_alpha": 5.063816583444132e-06,
    "lgb_reg_lambda": 0.0008929536492009953,
    "lgb_min_data_in_leaf": 45,
    "lgb_feature_fraction_bynode": 0.8063414027366654,
    "lgb_bagging_freq": 3,
    "lgb_min_gain_to_split": 0.5604677068816581,
    "cat_iterations": 317,
    "cat_depth": 2,
    "cat_learning_rate": 0.024704655768159535,
    "cat_l2_leaf_reg": 8.129019864595609,
    "cat_subsample": 0.6127588950887543,
    "cat_rsm": 0.9165757087119287,
    "cat_border_count": 153,
    "cat_random_strength": 0.29573509774618606,
    "cat_leaf_estimation_iterations": 3,
    "cat_bootstrap_type": "Bayesian"
  },
  "best_trial": {
    "number": 561,
    "value": 38.85038384759785,
    "state": "1"
  },
  "best_trial_number": 561,
  "best_trial_seed": 603,
  "n_trials": 807,
  "pruned_count": 0,
  "avg_trial_time": 0.0,
  "top_k_trials": [],
  "study_name": "hpo_with_features_ALTNY_h1_c2",
  "symbols": [
    "ALTNY"
  ],
  "horizon": 1,
  "best_model_choice": "all",
  "feature_flags": {
    "enable_external_features": false,
    "enable_fingpt_features": false,
    "enable_yolo_features": false,
    "enable_directional_loss": true,
    "enable_seed_bagging": false,
    "enable_talib_patterns": true,
    "enable_smart_ensemble": false,
    "enable_stacked_short": true,
    "enable_meta_stacking": true,
    "enable_regime_detection": false,
    "enable_fingpt": true,
    "enable_talib_patterns_short": false
  },
  "feature_params": {
    "ml_loss_mse_weight": 0.42986374306019265,
    "ml_loss_threshold": 0.0061068792965612686,
    "ml_dir_penalty": 1.6052996600992322,
    "meta_stacking_alpha": 1.3646249909291408,
    "ml_adaptive_k_1d": 1.261860421841753,
    "ml_pattern_weight_scale_1d": 1.706124387470481,
    "external_min_days": 37,
    "external_smooth_alpha": 0.3520486475307246
  },
  "hyperparameters": {
    "model_choice": "all",
    "xgb_n_estimators": 261,
    "xgb_max_depth": 5,
    "xgb_learning_rate": 0.016380014271809934,
    "xgb_subsample": 0.5758735034732484,
    "xgb_colsample_bytree": 0.8798593331464076,
    "xgb_reg_alpha": 0.023546155817218074,
    "xgb_reg_lambda": 0.0010119832596606712,
    "xgb_min_child_weight": 10,
    "xgb_gamma": 0.06313491520738533,
    "xgb_grow_policy": "depthwise",
    "xgb_tree_method": "hist",
    "xgb_max_bin": 499,
    "lgb_n_estimators": 446,
    "lgb_max_depth": 4,
    "lgb_learning_rate": 0.049032964474830625,
    "lgb_num_leaves": 60,
    "lgb_subsample": 0.5207760092486655,
    "lgb_colsample_bytree": 0.7953565997728533,
    "lgb_reg_alpha": 5.063816583444132e-06,
    "lgb_reg_lambda": 0.0008929536492009953,
    "lgb_min_data_in_leaf": 45,
    "lgb_feature_fraction_bynode": 0.8063414027366654,
    "lgb_bagging_freq": 3,
    "lgb_min_gain_to_split": 0.5604677068816581,
    "cat_iterations": 317,
    "cat_depth": 2,
    "cat_learning_rate": 0.024704655768159535,
    "cat_l2_leaf_reg": 8.129019864595609,
    "cat_subsample": 0.6127588950887543,
    "cat_rsm": 0.9165757087119287,
    "cat_border_count": 153,
    "cat_random_strength": 0.29573509774618606,
    "cat_leaf_estimation_iterations": 3,
    "cat_bootstrap_type": "Bayesian"
  },
  "features_enabled": {
    "ENABLE_EXTERNAL_FEATURES": "0",
    "ENABLE_FINGPT_FEATURES": "0",
    "ENABLE_YOLO_FEATURES": "0",
    "ML_USE_DIRECTIONAL_LOSS": "1",
    "ENABLE_SEED_BAGGING": "0",
    "ENABLE_TALIB_PATTERNS": "1",
    "ML_USE_SMART_ENSEMBLE": "0",
    "ML_USE_STACKED_SHORT": "1",
    "ENABLE_META_STACKING": "1",
    "ML_USE_REGIME_DETECTION": "0",
    "ENABLE_FINGPT": "1",
    "ML_USE_ADAPTIVE_LEARNING": "0",
    "ENABLE_XGBOOST": "1",
    "ENABLE_LIGHTGBM": "1",
    "ENABLE_CATBOOST": "1"
  },
  "best_trial_metrics": {
    "ALTNY_1d": {
      "symbol": "ALTNY",
      "horizon": 1,
      "split_metrics": [
        {
          "split_index": 1,
          "train_days": 263,
          "test_days": 30,
          "train_end_idx": 263,
          "test_end_idx": 293,
          "train_start": "2024-05-16T00:00:00",
          "train_end": "2025-06-05T00:00:00",
          "test_start": "2025-06-10T00:00:00",
          "test_end": "2025-07-22T00:00:00",
          "valid_predictions": 29,
          "model_metrics": {
            "xgboost": {
              "raw_r2": -90.0569418254053,
              "rmse": 0.22294542498436043,
              "mape": 1.8565410876680744,
              "confidence": 0.3
            },
            "lightgbm": {
              "raw_r2": -0.38975214956889476,
              "rmse": 0.031181994707899032,
              "mape": 1.4796701240396992,
              "confidence": 0.38104755678606217
            },
            "catboost": {
              "raw_r2": -0.266366158448676,
              "rmse": 0.029356718006651298,
              "mape": 1.5560478934540807,
              "confidence": 0.4357568497728833
            }
          },
          "dirhit": 66.66666666666666,
          "rmse": 0.0437341138887808,
          "mape": 288235.1158172556,
          "nrmse": 1.0100171459910166,
          "mask_count": 3,
          "mask_pct": 10.344827586206897,
          "low_support": false,
          "min_mask_count": 0,
          "min_mask_pct": 0.0
        },
        {
          "split_index": 2,
          "train_days": 293,
          "test_days": 30,
          "train_end_idx": 293,
          "test_end_idx": 323,
          "train_start": "2024-05-16T00:00:00",
          "train_end": "2025-07-22T00:00:00",
          "test_start": "2025-07-23T00:00:00",
          "test_end": "2025-09-02T00:00:00",
          "valid_predictions": 29,
          "model_metrics": {
            "xgboost": {
              "raw_r2": -55.747362557761086,
              "rmse": 0.22070721069081806,
              "mape": 1.8346807945438406,
              "confidence": 0.3
            },
            "lightgbm": {
              "raw_r2": -0.18629887407331527,
              "rmse": 0.03211697558134699,
              "mape": 1.4587167514486052,
              "confidence": 0.48370406439369784
            },
            "catboost": {
              "raw_r2": -0.03558994360750763,
              "rmse": 0.030362708999252443,
              "mape": 1.536863821173302,
              "confidence": 0.5961592368952537
            }
          },
          "dirhit": 80.0,
          "rmse": 0.033373577697134844,
          "mape": 130.07694347030844,
          "nrmse": 1.0575056009091974,
          "mask_count": 5,
          "mask_pct": 17.24137931034483,