{
  "best_value": 63.23906485671191,
  "best_dirhit": 63.23906485671191,
  "best_params": {
    "enable_external_features": true,
    "enable_fingpt_features": true,
    "enable_yolo_features": true,
    "enable_directional_loss": true,
    "enable_seed_bagging": false,
    "enable_talib_patterns": false,
    "enable_smart_ensemble": false,
    "enable_stacked_short": true,
    "enable_meta_stacking": true,
    "enable_regime_detection": false,
    "enable_fingpt": false,
    "model_choice": "all",
    "ml_loss_mse_weight": 0.24919722578236592,
    "ml_loss_threshold": 0.002570199871980937,
    "ml_dir_penalty": 3.6898020257962725,
    "meta_stacking_alpha": 9.514745498470653,
    "ml_adaptive_k_1d": 2.002729347994288,
    "ml_pattern_weight_scale_1d": 1.1622573252261434,
    "enable_talib_patterns_short": true,
    "external_min_days": 47,
    "external_smooth_alpha": 0.1162932107256454,
    "yolo_min_conf": 0.7451653454709948,
    "fingpt_confidence_threshold": 0.45077091138429737,
    "xgb_n_estimators": 355,
    "xgb_max_depth": 3,
    "xgb_learning_rate": 0.05765697664019196,
    "xgb_subsample": 0.8877055335075122,
    "xgb_colsample_bytree": 0.737392514461279,
    "xgb_reg_alpha": 0.000297918709633869,
    "xgb_reg_lambda": 1.513967685197805,
    "xgb_min_child_weight": 6,
    "xgb_gamma": 0.000207739736322694,
    "xgb_grow_policy": "depthwise",
    "xgb_tree_method": "hist",
    "xgb_max_bin": 311,
    "lgb_n_estimators": 298,
    "lgb_max_depth": 7,
    "lgb_learning_rate": 0.0702379251957941,
    "lgb_num_leaves": 10,
    "lgb_subsample": 0.6321632459105427,
    "lgb_colsample_bytree": 0.7385266858346513,
    "lgb_reg_alpha": 0.043426091654744585,
    "lgb_reg_lambda": 0.09320213251236482,
    "lgb_min_data_in_leaf": 77,
    "lgb_feature_fraction_bynode": 0.6544766382615157,
    "lgb_bagging_freq": 1,
    "lgb_min_gain_to_split": 0.03976580838384687,
    "cat_iterations": 142,
    "cat_depth": 5,
    "cat_learning_rate": 0.01608953653901273,
    "cat_l2_leaf_reg": 4.711841264922787,
    "cat_subsample": 0.9162932452910453,
    "cat_rsm": 0.6392806609140815,
    "cat_border_count": 65,
    "cat_random_strength": 1.8346857623291857,
    "cat_leaf_estimation_iterations": 11,
    "cat_bootstrap_type": "Bayesian"
  },
  "best_trial": {
    "number": 116,
    "value": 37.72012342379929,
    "state": "1"
  },
  "best_trial_number": 116,
  "best_trial_seed": 158,
  "n_trials": 129,
  "pruned_count": 0,
  "avg_trial_time": 0.0,
  "top_k_trials": [],
  "study_name": "hpo_with_features_FONET_h1_c2",
  "symbols": [
    "FONET"
  ],
  "horizon": 1,
  "best_model_choice": "all",
  "feature_flags": {
    "enable_external_features": true,
    "enable_fingpt_features": true,
    "enable_yolo_features": true,
    "enable_directional_loss": true,
    "enable_seed_bagging": false,
    "enable_talib_patterns": false,
    "enable_smart_ensemble": false,
    "enable_stacked_short": true,
    "enable_meta_stacking": true,
    "enable_regime_detection": false,
    "enable_fingpt": false,
    "enable_talib_patterns_short": true
  },
  "feature_params": {
    "ml_loss_mse_weight": 0.24919722578236592,
    "ml_loss_threshold": 0.002570199871980937,
    "ml_dir_penalty": 3.6898020257962725,
    "meta_stacking_alpha": 9.514745498470653,
    "ml_adaptive_k_1d": 2.002729347994288,
    "ml_pattern_weight_scale_1d": 1.1622573252261434,
    "external_min_days": 47,
    "external_smooth_alpha": 0.1162932107256454,
    "yolo_min_conf": 0.7451653454709948,
    "fingpt_confidence_threshold": 0.45077091138429737
  },
  "hyperparameters": {
    "model_choice": "all",
    "xgb_n_estimators": 355,
    "xgb_max_depth": 3,
    "xgb_learning_rate": 0.05765697664019196,
    "xgb_subsample": 0.8877055335075122,
    "xgb_colsample_bytree": 0.737392514461279,
    "xgb_reg_alpha": 0.000297918709633869,
    "xgb_reg_lambda": 1.513967685197805,
    "xgb_min_child_weight": 6,
    "xgb_gamma": 0.000207739736322694,
    "xgb_grow_policy": "depthwise",
    "xgb_tree_method": "hist",
    "xgb_max_bin": 311,
    "lgb_n_estimators": 298,
    "lgb_max_depth": 7,
    "lgb_learning_rate": 0.0702379251957941,
    "lgb_num_leaves": 10,
    "lgb_subsample": 0.6321632459105427,
    "lgb_colsample_bytree": 0.7385266858346513,
    "lgb_reg_alpha": 0.043426091654744585,
    "lgb_reg_lambda": 0.09320213251236482,
    "lgb_min_data_in_leaf": 77,
    "lgb_feature_fraction_bynode": 0.6544766382615157,
    "lgb_bagging_freq": 1,
    "lgb_min_gain_to_split": 0.03976580838384687,
    "cat_iterations": 142,
    "cat_depth": 5,
    "cat_learning_rate": 0.01608953653901273,
    "cat_l2_leaf_reg": 4.711841264922787,
    "cat_subsample": 0.9162932452910453,
    "cat_rsm": 0.6392806609140815,
    "cat_border_count": 65,
    "cat_random_strength": 1.8346857623291857,
    "cat_leaf_estimation_iterations": 11,
    "cat_bootstrap_type": "Bayesian"
  },
  "features_enabled": {
    "ENABLE_EXTERNAL_FEATURES": "1",
    "ENABLE_FINGPT_FEATURES": "1",
    "ENABLE_YOLO_FEATURES": "1",
    "ML_USE_DIRECTIONAL_LOSS": "1",
    "ENABLE_SEED_BAGGING": "0",
    "ENABLE_TALIB_PATTERNS": "0",
    "ML_USE_SMART_ENSEMBLE": "0",
    "ML_USE_STACKED_SHORT": "1",
    "ENABLE_META_STACKING": "1",
    "ML_USE_REGIME_DETECTION": "0",
    "ENABLE_FINGPT": "0",
    "ML_USE_ADAPTIVE_LEARNING": "0",
    "ENABLE_XGBOOST": "1",
    "ENABLE_LIGHTGBM": "1",
    "ENABLE_CATBOOST": "1"
  },
  "best_trial_metrics": {
    "FONET_1d": {
      "symbol": "FONET",
      "horizon": 1,
      "split_metrics": [
        {
          "split_index": 1,
          "train_days": 454,
          "test_days": 30,
          "train_end_idx": 454,
          "test_end_idx": 484,
          "train_start": "2023-08-21T00:00:00",
          "train_end": "2025-06-16T00:00:00",
          "test_start": "2025-06-17T00:00:00",
          "test_end": "2025-07-29T00:00:00",
          "valid_predictions": 29,
          "model_metrics": {
            "xgboost": {
              "raw_r2": -0.33417869634697545,
              "rmse": 0.052479942966658207,
              "mape": 1.5538623236272782,
              "confidence": 0.4028983090778002
            },
            "lightgbm": {
              "raw_r2": -0.03432391540121745,
              "rmse": 0.04762080898224536,
              "mape": 1.5948401435037884,
              "confidence": 0.5971800675940795
            },
            "catboost": {
              "raw_r2": -0.010600160415717466,
              "rmse": 0.0473428839014922,
              "mape": 1.5934721763459576,
              "confidence": 0.6163893852302806
            }
          },
          "dirhit": 70.0,
          "rmse": 0.03106390312127304,
          "mape": 3878030.532934246,
          "nrmse": 0.9889751480472988,
          "mask_count": 10,
          "mask_pct": 34.48275862068966,
          "low_support": false,
          "min_mask_count": 0,
          "min_mask_pct": 0.0
        },
        {
          "split_index": 2,
          "train_days": 484,
          "test_days": 30,
          "train_end_idx": 484,
          "test_end_idx": 514,
          "train_start": "2023-08-21T00:00:00",
          "train_end": "2025-07-29T00:00:00",
          "test_start": "2025-07-30T00:00:00",
          "test_end": "2025-09-09T00:00:00",
          "valid_predictions": 29,
          "model_metrics": {
            "xgboost": {
              "raw_r2": -0.6257312085092215,
              "rmse": 0.05403975160891131,
              "mape": 1.5396419209032426,
              "confidence": 0.32726137448993825
            },
            "lightgbm": {
              "raw_r2": -0.05848597547030695,
              "rmse": 0.04647286653941807,
              "mape": 1.57519114586396,
              "confidence": 0.5778159131829017
            },
            "catboost": {
              "raw_r2": -0.0370096959731823,
              "rmse": 0.04627721156801616,
              "mape": 1.5795957702131675,
              "confidence": 0.5950151373828102
            }
          },
          "dirhit": 69.23076923076923,