{
  "best_value": 78.03030303030303,
  "best_dirhit": 57.765151515151516,
  "best_params": {
    "enable_external_features": true,
    "enable_fingpt_features": true,
    "enable_yolo_features": false,
    "enable_directional_loss": true,
    "enable_seed_bagging": true,
    "enable_talib_patterns": false,
    "enable_smart_ensemble": true,
    "enable_stacked_short": true,
    "enable_meta_stacking": true,
    "enable_regime_detection": false,
    "enable_fingpt": true,
    "model_choice": "all",
    "ml_loss_mse_weight": 0.37895785714147556,
    "ml_loss_threshold": 0.005751951604230943,
    "ml_dir_penalty": 1.2649354881930905,
    "n_seeds": 3,
    "meta_stacking_alpha": 0.02000367502807635,
    "ml_adaptive_k_1d": 2.7559718271383336,
    "ml_pattern_weight_scale_1d": 1.0764371130924637,
    "enable_talib_patterns_short": true,
    "external_min_days": 60,
    "external_smooth_alpha": 0.08424070995424654,
    "smart_consensus_weight": 0.6084053936766621,
    "smart_performance_weight": 0.4399646445361166,
    "smart_sigma": 0.0015199256273330031,
    "smart_weight_xgb": 1.4978739017457567,
    "smart_weight_lgbm": 1.3336435895009793,
    "smart_weight_cat": 1.3070506193008686,
    "fingpt_confidence_threshold": 0.2980205299924284,
    "xgb_n_estimators": 170,
    "xgb_max_depth": 2,
    "xgb_learning_rate": 0.09159688122575685,
    "xgb_subsample": 0.7685198020989226,
    "xgb_colsample_bytree": 0.8124283854040908,
    "xgb_reg_alpha": 0.10383763152364721,
    "xgb_reg_lambda": 3.57090395441363,
    "xgb_min_child_weight": 6,
    "xgb_gamma": 0.0037330459826362523,
    "xgb_grow_policy": "depthwise",
    "xgb_tree_method": "hist",
    "xgb_max_bin": 322,
    "lgb_n_estimators": 142,
    "lgb_max_depth": 6,
    "lgb_learning_rate": 0.011884119872799541,
    "lgb_num_leaves": 19,
    "lgb_subsample": 0.8751404888664771,
    "lgb_colsample_bytree": 0.8405790363620482,
    "lgb_reg_alpha": 0.3263158588883277,
    "lgb_reg_lambda": 0.25683058900326566,
    "lgb_min_data_in_leaf": 36,
    "lgb_feature_fraction_bynode": 0.671587416654671,
    "lgb_bagging_freq": 3,
    "lgb_min_gain_to_split": 0.5634479236472553,
    "cat_iterations": 600,
    "cat_depth": 8,
    "cat_learning_rate": 0.17685881686464738,
    "cat_l2_leaf_reg": 5.474519962667978,
    "cat_subsample": 0.5115616047720295,
    "cat_rsm": 0.5221948807631814,
    "cat_border_count": 154,
    "cat_random_strength": 0.2877801462243775,
    "cat_leaf_estimation_iterations": 16,
    "cat_bootstrap_type": "Bernoulli"
  },
  "best_trial": {
    "number": 306,
    "value": 34.51729696372888,
    "state": "1"
  },
  "best_trial_number": 306,
  "best_trial_seed": 348,
  "n_trials": 560,
  "pruned_count": 0,
  "avg_trial_time": 0.0,
  "top_k_trials": [],
  "study_name": "hpo_with_features_ALBRK_h1_c2",
  "symbols": [
    "ALBRK"
  ],
  "horizon": 1,
  "best_model_choice": "all",
  "feature_flags": {
    "enable_external_features": true,
    "enable_fingpt_features": true,
    "enable_yolo_features": false,
    "enable_directional_loss": true,
    "enable_seed_bagging": true,
    "enable_talib_patterns": false,
    "enable_smart_ensemble": true,
    "enable_stacked_short": true,
    "enable_meta_stacking": true,
    "enable_regime_detection": false,
    "enable_fingpt": true,
    "enable_talib_patterns_short": true
  },
  "feature_params": {
    "ml_loss_mse_weight": 0.37895785714147556,
    "ml_loss_threshold": 0.005751951604230943,
    "ml_dir_penalty": 1.2649354881930905,
    "n_seeds": 3,
    "meta_stacking_alpha": 0.02000367502807635,
    "ml_adaptive_k_1d": 2.7559718271383336,
    "ml_pattern_weight_scale_1d": 1.0764371130924637,
    "external_min_days": 60,
    "external_smooth_alpha": 0.08424070995424654,
    "smart_consensus_weight": 0.6084053936766621,
    "smart_performance_weight": 0.4399646445361166,
    "smart_sigma": 0.0015199256273330031,
    "smart_weight_xgb": 1.4978739017457567,
    "smart_weight_lgbm": 1.3336435895009793,
    "smart_weight_cat": 1.3070506193008686,
    "fingpt_confidence_threshold": 0.2980205299924284
  },
  "hyperparameters": {
    "model_choice": "all",
    "xgb_n_estimators": 170,
    "xgb_max_depth": 2,
    "xgb_learning_rate": 0.09159688122575685,
    "xgb_subsample": 0.7685198020989226,
    "xgb_colsample_bytree": 0.8124283854040908,
    "xgb_reg_alpha": 0.10383763152364721,
    "xgb_reg_lambda": 3.57090395441363,
    "xgb_min_child_weight": 6,
    "xgb_gamma": 0.0037330459826362523,
    "xgb_grow_policy": "depthwise",
    "xgb_tree_method": "hist",
    "xgb_max_bin": 322,
    "lgb_n_estimators": 142,
    "lgb_max_depth": 6,
    "lgb_learning_rate": 0.011884119872799541,
    "lgb_num_leaves": 19,
    "lgb_subsample": 0.8751404888664771,
    "lgb_colsample_bytree": 0.8405790363620482,
    "lgb_reg_alpha": 0.3263158588883277,
    "lgb_reg_lambda": 0.25683058900326566,
    "lgb_min_data_in_leaf": 36,
    "lgb_feature_fraction_bynode": 0.671587416654671,
    "lgb_bagging_freq": 3,
    "lgb_min_gain_to_split": 0.5634479236472553,
    "cat_iterations": 600,
    "cat_depth": 8,
    "cat_learning_rate": 0.17685881686464738,
    "cat_l2_leaf_reg": 5.474519962667978,
    "cat_subsample": 0.5115616047720295,
    "cat_rsm": 0.5221948807631814,
    "cat_border_count": 154,
    "cat_random_strength": 0.2877801462243775,
    "cat_leaf_estimation_iterations": 16,
    "cat_bootstrap_type": "Bernoulli"
  },
  "features_enabled": {
    "ENABLE_EXTERNAL_FEATURES": "1",
    "ENABLE_FINGPT_FEATURES": "1",
    "ENABLE_YOLO_FEATURES": "0",
    "ML_USE_DIRECTIONAL_LOSS": "1",
    "ENABLE_SEED_BAGGING": "1",
    "ENABLE_TALIB_PATTERNS": "0",
    "ML_USE_SMART_ENSEMBLE": "1",
    "ML_USE_STACKED_SHORT": "1",
    "ENABLE_META_STACKING": "1",
    "ML_USE_REGIME_DETECTION": "0",
    "ENABLE_FINGPT": "1",
    "ML_USE_ADAPTIVE_LEARNING": "0",
    "ENABLE_XGBOOST": "1",
    "ENABLE_LIGHTGBM": "1",
    "ENABLE_CATBOOST": "1"
  },
  "best_trial_metrics": {
    "ALBRK_1d": {
      "symbol": "ALBRK",
      "horizon": 1,
      "split_metrics": [
        {
          "split_index": 1,
          "train_days": 449,
          "test_days": 30,
          "train_end_idx": 449,
          "test_end_idx": 479,
          "train_start": "2023-08-21T00:00:00",
          "train_end": "2025-06-05T00:00:00",
          "test_start": "2025-06-10T00:00:00",
          "test_end": "2025-07-22T00:00:00",
          "valid_predictions": 29,
          "model_metrics": {
            "xgboost": {
              "raw_r2": 0.004497963516968369,
              "rmse": 0.023929869274096335,
              "mape": 1.6859580228817073,
              "confidence": 0.6286544413266015
            },
            "lightgbm": {
              "raw_r2": -0.00804419529629552,
              "rmse": 0.024100601561148016,
              "mape": 1.741484922498899,
              "confidence": 0.6184649722888775
            },
            "catboost": {
              "raw_r2": -0.022474913964332027,
              "rmse": 0.0242603496918993,
              "mape": 1.7036847605854177,
              "confidence": 0.6067583247546957
            }
          },
          "dirhit": 75.0,
          "rmse": 0.02838628013224449,
          "mape": 4308493.372940844,
          "nrmse": 1.028595119019227,
          "mask_count": 4,
          "mask_pct": 13.793103448275861,
          "low_support": false,
          "min_mask_count": 0,
          "min_mask_pct": 0.0
        },
        {
          "split_index": 2,
          "train_days": 479,
          "test_days": 30,
          "train_end_idx": 479,
          "test_end_idx": 509,
          "train_start": "2023-08-21T00:00:00",
          "train_end": "2025-07-22T00:00:00",
          "test_start": "2025-07-23T00:00:00",
          "test_end": "2025-09-02T00:00:00",
          "valid_predictions": 29,
          "model_metrics": {
            "xgboost": {
              "raw_r2": 1.4699991425818718e-05,
              "rmse": 0.024580348392155178,
              "mape": 1.6556799626305796,