{
  "best_value": 59.458717610891526,
  "best_dirhit": 59.45871761089152,
  "best_params": {
    "enable_external_features": true,
    "enable_fingpt_features": true,
    "enable_yolo_features": true,
    "enable_directional_loss": true,
    "enable_seed_bagging": false,
    "enable_talib_patterns": true,
    "enable_smart_ensemble": false,
    "enable_stacked_short": true,
    "enable_meta_stacking": true,
    "enable_regime_detection": false,
    "enable_fingpt": false,
    "model_choice": "all",
    "ml_loss_mse_weight": 0.46615758882123853,
    "ml_loss_threshold": 0.005466572910619184,
    "ml_dir_penalty": 2.4452661484803713,
    "meta_stacking_alpha": 0.2547418933939671,
    "ml_adaptive_k_1d": 1.305777439235732,
    "ml_pattern_weight_scale_1d": 1.6369991804575346,
    "enable_talib_patterns_short": true,
    "external_min_days": 46,
    "external_smooth_alpha": 0.44981792220432276,
    "yolo_min_conf": 0.46088621424534804,
    "fingpt_confidence_threshold": 0.3146570276633482,
    "xgb_n_estimators": 379,
    "xgb_max_depth": 3,
    "xgb_learning_rate": 0.03875563499738596,
    "xgb_subsample": 0.6003859758480677,
    "xgb_colsample_bytree": 0.6833723869748675,
    "xgb_reg_alpha": 1.0194793350184385e-06,
    "xgb_reg_lambda": 3.9285879971499384,
    "xgb_min_child_weight": 10,
    "xgb_gamma": 0.014124049297782696,
    "xgb_grow_policy": "lossguide",
    "xgb_tree_method": "hist",
    "xgb_max_bin": 245,
    "lgb_n_estimators": 228,
    "lgb_max_depth": 2,
    "lgb_learning_rate": 0.029378588124569602,
    "lgb_num_leaves": 29,
    "lgb_subsample": 0.7428171503473034,
    "lgb_colsample_bytree": 0.8368871646718978,
    "lgb_reg_alpha": 8.69628851796848e-05,
    "lgb_reg_lambda": 0.05561816864988264,
    "lgb_min_data_in_leaf": 49,
    "lgb_feature_fraction_bynode": 0.7751436443956304,
    "lgb_bagging_freq": 7,
    "lgb_min_gain_to_split": 0.35555624965794147,
    "cat_iterations": 135,
    "cat_depth": 3,
    "cat_learning_rate": 0.060255797247280966,
    "cat_l2_leaf_reg": 2.2345099829889334,
    "cat_subsample": 0.6733720768392802,
    "cat_rsm": 0.8461158614430355,
    "cat_border_count": 208,
    "cat_random_strength": 1.4663041670527652,
    "cat_leaf_estimation_iterations": 17,
    "cat_bootstrap_type": "Bernoulli"
  },
  "best_trial": {
    "number": 36,
    "value": 30.85438064076517,
    "state": "1"
  },
  "best_trial_number": 36,
  "best_trial_seed": 78,
  "n_trials": 80,
  "pruned_count": 0,
  "avg_trial_time": 0.0,
  "top_k_trials": [],
  "study_name": "hpo_with_features_FORMT_h1_c2",
  "symbols": [
    "FORMT"
  ],
  "horizon": 1,
  "best_model_choice": "all",
  "feature_flags": {
    "enable_external_features": true,
    "enable_fingpt_features": true,
    "enable_yolo_features": true,
    "enable_directional_loss": true,
    "enable_seed_bagging": false,
    "enable_talib_patterns": true,
    "enable_smart_ensemble": false,
    "enable_stacked_short": true,
    "enable_meta_stacking": true,
    "enable_regime_detection": false,
    "enable_fingpt": false,
    "enable_talib_patterns_short": true
  },
  "feature_params": {
    "ml_loss_mse_weight": 0.46615758882123853,
    "ml_loss_threshold": 0.005466572910619184,
    "ml_dir_penalty": 2.4452661484803713,
    "meta_stacking_alpha": 0.2547418933939671,
    "ml_adaptive_k_1d": 1.305777439235732,
    "ml_pattern_weight_scale_1d": 1.6369991804575346,
    "external_min_days": 46,
    "external_smooth_alpha": 0.44981792220432276,
    "yolo_min_conf": 0.46088621424534804,
    "fingpt_confidence_threshold": 0.3146570276633482
  },
  "hyperparameters": {
    "model_choice": "all",
    "xgb_n_estimators": 379,
    "xgb_max_depth": 3,
    "xgb_learning_rate": 0.03875563499738596,
    "xgb_subsample": 0.6003859758480677,
    "xgb_colsample_bytree": 0.6833723869748675,
    "xgb_reg_alpha": 1.0194793350184385e-06,
    "xgb_reg_lambda": 3.9285879971499384,
    "xgb_min_child_weight": 10,
    "xgb_gamma": 0.014124049297782696,
    "xgb_grow_policy": "lossguide",
    "xgb_tree_method": "hist",
    "xgb_max_bin": 245,
    "lgb_n_estimators": 228,
    "lgb_max_depth": 2,
    "lgb_learning_rate": 0.029378588124569602,
    "lgb_num_leaves": 29,
    "lgb_subsample": 0.7428171503473034,
    "lgb_colsample_bytree": 0.8368871646718978,
    "lgb_reg_alpha": 8.69628851796848e-05,
    "lgb_reg_lambda": 0.05561816864988264,
    "lgb_min_data_in_leaf": 49,
    "lgb_feature_fraction_bynode": 0.7751436443956304,
    "lgb_bagging_freq": 7,
    "lgb_min_gain_to_split": 0.35555624965794147,
    "cat_iterations": 135,
    "cat_depth": 3,
    "cat_learning_rate": 0.060255797247280966,
    "cat_l2_leaf_reg": 2.2345099829889334,
    "cat_subsample": 0.6733720768392802,
    "cat_rsm": 0.8461158614430355,
    "cat_border_count": 208,
    "cat_random_strength": 1.4663041670527652,
    "cat_leaf_estimation_iterations": 17,
    "cat_bootstrap_type": "Bernoulli"
  },
  "features_enabled": {
    "ENABLE_EXTERNAL_FEATURES": "1",
    "ENABLE_FINGPT_FEATURES": "1",
    "ENABLE_YOLO_FEATURES": "1",
    "ML_USE_DIRECTIONAL_LOSS": "1",
    "ENABLE_SEED_BAGGING": "0",
    "ENABLE_TALIB_PATTERNS": "1",
    "ML_USE_SMART_ENSEMBLE": "0",
    "ML_USE_STACKED_SHORT": "1",
    "ENABLE_META_STACKING": "1",
    "ML_USE_REGIME_DETECTION": "0",
    "ENABLE_FINGPT": "0",
    "ML_USE_ADAPTIVE_LEARNING": "0",
    "ENABLE_XGBOOST": "1",
    "ENABLE_LIGHTGBM": "1",
    "ENABLE_CATBOOST": "1"
  },
  "best_trial_metrics": {
    "FORMT_1d": {
      "symbol": "FORMT",
      "horizon": 1,
      "split_metrics": [
        {
          "split_index": 1,
          "train_days": 453,
          "test_days": 30,
          "train_end_idx": 453,
          "test_end_idx": 483,
          "train_start": "2023-08-21T00:00:00",
          "train_end": "2025-06-13T00:00:00",
          "test_start": "2025-06-16T00:00:00",
          "test_end": "2025-07-28T00:00:00",
          "valid_predictions": 29,
          "model_metrics": {
            "xgboost": {
              "raw_r2": -3.148996307793728,
              "rmse": 0.07671504997128407,
              "mape": 1.4496292781033604,
              "confidence": 0.3000000943962395
            },
            "lightgbm": {
              "raw_r2": -0.015887876914709276,
              "rmse": 0.042835902214177546,
              "mape": 1.8281734867509953,
              "confidence": 0.6120978843178906
            },
            "catboost": {
              "raw_r2": -0.000538153537740634,
              "rmse": 0.04239819684144127,
              "mape": 1.7336886672483212,
              "confidence": 0.6245627505144014
            }
          },
          "dirhit": 59.09090909090909,
          "rmse": 0.05389748271520502,
          "mape": 21943807.3750825,
          "nrmse": 1.7729770815212256,
          "mask_count": 22,
          "mask_pct": 75.86206896551724,
          "low_support": false,
          "min_mask_count": 10,
          "min_mask_pct": 5.0
        },
        {
          "split_index": 2,
          "train_days": 483,
          "test_days": 30,
          "train_end_idx": 483,
          "test_end_idx": 513,
          "train_start": "2023-08-21T00:00:00",
          "train_end": "2025-07-28T00:00:00",
          "test_start": "2025-07-29T00:00:00",
          "test_end": "2025-09-08T00:00:00",
          "valid_predictions": 29,
          "model_metrics": {
            "xgboost": {
              "raw_r2": -3.0720583259015,
              "rmse": 0.07634334931613011,
              "mape": 1.4608251642163472,
              "confidence": 0.30000013868304504
            },
            "lightgbm": {
              "raw_r2": -0.013613037961409669,
              "rmse": 0.04232412161044442,
              "mape": 1.7882399644865814,
              "confidence": 0.6139436748699398
            },
            "catboost": {
              "raw_r2": 0.00420708823007665,
              "rmse": 0.041782162352357356,
              "mape": 1.7703326961772998,
              "confidence": 0.6284181331471168
            }
          },