{
  "best_value": 85.71428571428572,
  "best_dirhit": 84.52380952380952,
  "best_params": {
    "enable_external_features": true,
    "enable_fingpt_features": true,
    "enable_yolo_features": false,
    "enable_directional_loss": false,
    "enable_seed_bagging": false,
    "enable_talib_patterns": false,
    "enable_smart_ensemble": true,
    "enable_stacked_short": false,
    "enable_meta_stacking": false,
    "enable_regime_detection": true,
    "enable_fingpt": true,
    "model_choice": "all",
    "ml_adaptive_k_1d": 1.6058083325714478,
    "ml_pattern_weight_scale_1d": 0.9765545935327025,
    "enable_talib_patterns_short": true,
    "external_min_days": 42,
    "external_smooth_alpha": 0.17192507781138416,
    "regime_scale_low": 0.8267814591267598,
    "regime_scale_high": 1.1047869768461747,
    "smart_consensus_weight": 0.7345804287787949,
    "smart_performance_weight": 0.6017432240511317,
    "smart_sigma": 0.0024553173149757974,
    "smart_weight_xgb": 1.1790109794134453,
    "smart_weight_lgbm": 1.2299629602430193,
    "smart_weight_cat": 0.8618047608334138,
    "fingpt_confidence_threshold": 0.2805787672919153,
    "xgb_n_estimators": 380,
    "xgb_max_depth": 2,
    "xgb_learning_rate": 0.10004830334677316,
    "xgb_subsample": 0.692907065961166,
    "xgb_colsample_bytree": 0.8739909788992,
    "xgb_reg_alpha": 3.2975489204564447e-05,
    "xgb_reg_lambda": 4.14034579194643,
    "xgb_min_child_weight": 7,
    "xgb_gamma": 0.7049285020232677,
    "xgb_grow_policy": "lossguide",
    "xgb_tree_method": "hist",
    "xgb_max_bin": 168,
    "lgb_n_estimators": 237,
    "lgb_max_depth": 8,
    "lgb_learning_rate": 0.025891136117932742,
    "lgb_num_leaves": 36,
    "lgb_subsample": 0.6581026378891373,
    "lgb_colsample_bytree": 0.5140219065326908,
    "lgb_reg_alpha": 0.5357891339795229,
    "lgb_reg_lambda": 0.023643140185002295,
    "lgb_min_data_in_leaf": 46,
    "lgb_feature_fraction_bynode": 0.9990341822206957,
    "lgb_bagging_freq": 5,
    "lgb_min_gain_to_split": 0.3353602505584422,
    "cat_iterations": 393,
    "cat_depth": 4,
    "cat_learning_rate": 0.020898782229406263,
    "cat_l2_leaf_reg": 4.959129299280991,
    "cat_subsample": 0.9292931732730833,
    "cat_rsm": 0.7543920816917611,
    "cat_border_count": 31,
    "cat_random_strength": 0.13730317650657292,
    "cat_leaf_estimation_iterations": 7,
    "cat_bootstrap_type": "No"
  },
  "best_trial": {
    "number": 405,
    "value": 53.35430758097429,
    "state": "1"
  },
  "best_trial_number": 405,
  "best_trial_seed": 447,
  "n_trials": 436,
  "pruned_count": 0,
  "avg_trial_time": 0.0,
  "top_k_trials": [],
  "study_name": "hpo_with_features_DURKN_h1_c2",
  "symbols": [
    "DURKN"
  ],
  "horizon": 1,
  "best_model_choice": "all",
  "feature_flags": {
    "enable_external_features": true,
    "enable_fingpt_features": true,
    "enable_yolo_features": false,
    "enable_directional_loss": false,
    "enable_seed_bagging": false,
    "enable_talib_patterns": false,
    "enable_smart_ensemble": true,
    "enable_stacked_short": false,
    "enable_meta_stacking": false,
    "enable_regime_detection": true,
    "enable_fingpt": true,
    "enable_talib_patterns_short": true
  },
  "feature_params": {
    "ml_adaptive_k_1d": 1.6058083325714478,
    "ml_pattern_weight_scale_1d": 0.9765545935327025,
    "external_min_days": 42,
    "external_smooth_alpha": 0.17192507781138416,
    "regime_scale_low": 0.8267814591267598,
    "regime_scale_high": 1.1047869768461747,
    "smart_consensus_weight": 0.7345804287787949,
    "smart_performance_weight": 0.6017432240511317,
    "smart_sigma": 0.0024553173149757974,
    "smart_weight_xgb": 1.1790109794134453,
    "smart_weight_lgbm": 1.2299629602430193,
    "smart_weight_cat": 0.8618047608334138,
    "fingpt_confidence_threshold": 0.2805787672919153
  },
  "hyperparameters": {
    "model_choice": "all",
    "xgb_n_estimators": 380,
    "xgb_max_depth": 2,
    "xgb_learning_rate": 0.10004830334677316,
    "xgb_subsample": 0.692907065961166,
    "xgb_colsample_bytree": 0.8739909788992,
    "xgb_reg_alpha": 3.2975489204564447e-05,
    "xgb_reg_lambda": 4.14034579194643,
    "xgb_min_child_weight": 7,
    "xgb_gamma": 0.7049285020232677,
    "xgb_grow_policy": "lossguide",
    "xgb_tree_method": "hist",
    "xgb_max_bin": 168,
    "lgb_n_estimators": 237,
    "lgb_max_depth": 8,
    "lgb_learning_rate": 0.025891136117932742,
    "lgb_num_leaves": 36,
    "lgb_subsample": 0.6581026378891373,
    "lgb_colsample_bytree": 0.5140219065326908,
    "lgb_reg_alpha": 0.5357891339795229,
    "lgb_reg_lambda": 0.023643140185002295,
    "lgb_min_data_in_leaf": 46,
    "lgb_feature_fraction_bynode": 0.9990341822206957,
    "lgb_bagging_freq": 5,
    "lgb_min_gain_to_split": 0.3353602505584422,
    "cat_iterations": 393,
    "cat_depth": 4,
    "cat_learning_rate": 0.020898782229406263,
    "cat_l2_leaf_reg": 4.959129299280991,
    "cat_subsample": 0.9292931732730833,
    "cat_rsm": 0.7543920816917611,
    "cat_border_count": 31,
    "cat_random_strength": 0.13730317650657292,
    "cat_leaf_estimation_iterations": 7,
    "cat_bootstrap_type": "No"
  },
  "features_enabled": {
    "ENABLE_EXTERNAL_FEATURES": "1",
    "ENABLE_FINGPT_FEATURES": "1",
    "ENABLE_YOLO_FEATURES": "0",
    "ML_USE_DIRECTIONAL_LOSS": "0",
    "ENABLE_SEED_BAGGING": "0",
    "ENABLE_TALIB_PATTERNS": "0",
    "ML_USE_SMART_ENSEMBLE": "1",
    "ML_USE_STACKED_SHORT": "0",
    "ENABLE_META_STACKING": "0",
    "ML_USE_REGIME_DETECTION": "1",
    "ENABLE_FINGPT": "1",
    "ML_USE_ADAPTIVE_LEARNING": "0",
    "ENABLE_XGBOOST": "1",
    "ENABLE_LIGHTGBM": "1",
    "ENABLE_CATBOOST": "1"
  },
  "best_trial_metrics": {
    "DURKN_1d": {
      "symbol": "DURKN",
      "horizon": 1,
      "split_metrics": [
        {
          "split_index": 1,
          "train_days": 185,
          "test_days": 30,
          "train_end_idx": 185,
          "test_end_idx": 215,
          "train_start": "2024-09-17T00:00:00",
          "train_end": "2025-06-13T00:00:00",
          "test_start": "2025-06-16T00:00:00",
          "test_end": "2025-07-28T00:00:00",
          "valid_predictions": 29,
          "model_metrics": {
            "xgboost": {
              "raw_r2": -0.0030462626015575664,
              "rmse": 0.035574672471728824,
              "mape": 1.7804703681620084,
              "confidence": 0.6225249594853675
            },
            "lightgbm": {
              "raw_r2": -0.04071395644609299,
              "rmse": 0.03620509233149014,
              "mape": 1.740261772923637,
              "confidence": 0.5920336773382491
            },
            "catboost": {
              "raw_r2": -5.1306300039096385e-05,
              "rmse": 0.035513549811166195,
              "mape": 1.688496113150131,
              "confidence": 0.6249583136314468
            }
          },
          "dirhit": 100.0,
          "rmse": 0.023093815996357507,
          "mape": 1709584.1039283795,
          "nrmse": 0.9754578841234874,
          "mask_count": 7,
          "mask_pct": 24.137931034482758,
          "low_support": false,
          "min_mask_count": 0,
          "min_mask_pct": 0.0,
          "ensemble_debug": {
            "historical_r2": {
              "xgboost": -0.0030462626015575664,
              "lightgbm": -0.04071395644609299,
              "catboost": -5.1306300039096385e-05
            },
            "ensemble_weights": {
              "xgboost": 0.725532179522902,
              "lightgbm": 0.16003330847586983,
              "catboost": 0.11443451200122809
            },
            "source": "model"
          }
        },
        {
          "split_index": 2,
          "train_days": 215,
          "test_days": 30,
          "train_end_idx": 215,
          "test_end_idx": 245,
          "train_start": "2024-09-17T00:00:00",
          "train_end": "2025-07-28T00:00:00",
          "test_start": "2025-07-29T00:00:00",
          "test_end": "2025-09-08T00:00:00",
          "valid_predictions": 29,