{
  "best_value": 77.77777777777777,
  "best_dirhit": 77.77777777777777,
  "best_params": {
    "enable_external_features": false,
    "enable_fingpt_features": true,
    "enable_yolo_features": true,
    "enable_directional_loss": false,
    "enable_seed_bagging": false,
    "enable_talib_patterns": true,
    "enable_smart_ensemble": true,
    "enable_stacked_short": false,
    "enable_meta_stacking": false,
    "enable_regime_detection": true,
    "enable_fingpt": true,
    "model_choice": "all",
    "ml_adaptive_k_1d": 2.7530262974392503,
    "ml_pattern_weight_scale_1d": 1.5635692781345474,
    "enable_talib_patterns_short": true,
    "external_min_days": 59,
    "external_smooth_alpha": 0.057958021298861476,
    "regime_scale_low": 0.8123065780824941,
    "regime_scale_high": 1.1794053965706406,
    "yolo_min_conf": 0.34471812545425057,
    "smart_consensus_weight": 0.5187426809028701,
    "smart_performance_weight": 0.21201723864735633,
    "smart_sigma": 0.0013915794710415341,
    "smart_weight_xgb": 1.3240255674607708,
    "smart_weight_lgbm": 1.2968120155008653,
    "smart_weight_cat": 1.054431324325386,
    "fingpt_confidence_threshold": 0.2936109527533535,
    "xgb_n_estimators": 550,
    "xgb_max_depth": 5,
    "xgb_learning_rate": 0.12338402189745729,
    "xgb_subsample": 0.5505088238946256,
    "xgb_colsample_bytree": 0.5357357479482608,
    "xgb_reg_alpha": 5.85259101318046e-06,
    "xgb_reg_lambda": 3.6336532705794324,
    "xgb_min_child_weight": 8,
    "xgb_gamma": 0.3081341827823656,
    "xgb_grow_policy": "depthwise",
    "xgb_tree_method": "hist",
    "xgb_max_bin": 286,
    "lgb_n_estimators": 500,
    "lgb_max_depth": 6,
    "lgb_learning_rate": 0.028466766919352855,
    "lgb_num_leaves": 20,
    "lgb_subsample": 0.5182196506205782,
    "lgb_colsample_bytree": 0.5161273867471974,
    "lgb_reg_alpha": 0.00042168058633087926,
    "lgb_reg_lambda": 0.001065805982738532,
    "lgb_min_data_in_leaf": 40,
    "lgb_feature_fraction_bynode": 0.6575012153702888,
    "lgb_bagging_freq": 9,
    "lgb_min_gain_to_split": 0.8063074435757448,
    "cat_iterations": 235,
    "cat_depth": 7,
    "cat_learning_rate": 0.047941684673643827,
    "cat_l2_leaf_reg": 9.277730233904917,
    "cat_subsample": 0.9318796840898872,
    "cat_rsm": 0.5893332151549225,
    "cat_border_count": 43,
    "cat_random_strength": 2.8724367433422415,
    "cat_leaf_estimation_iterations": 19,
    "cat_bootstrap_type": "Bernoulli"
  },
  "best_trial": {
    "number": 400,
    "value": 48.35580877585737,
    "state": "1"
  },
  "best_trial_number": 400,
  "best_trial_seed": 442,
  "n_trials": 999,
  "pruned_count": 0,
  "avg_trial_time": 0.0,
  "top_k_trials": [],
  "study_name": "hpo_with_features_A1YEN_h1_c2",
  "symbols": [
    "A1YEN"
  ],
  "horizon": 1,
  "best_model_choice": "all",
  "feature_flags": {
    "enable_external_features": false,
    "enable_fingpt_features": true,
    "enable_yolo_features": true,
    "enable_directional_loss": false,
    "enable_seed_bagging": false,
    "enable_talib_patterns": true,
    "enable_smart_ensemble": true,
    "enable_stacked_short": false,
    "enable_meta_stacking": false,
    "enable_regime_detection": true,
    "enable_fingpt": true,
    "enable_talib_patterns_short": true
  },
  "feature_params": {
    "ml_adaptive_k_1d": 2.7530262974392503,
    "ml_pattern_weight_scale_1d": 1.5635692781345474,
    "external_min_days": 59,
    "external_smooth_alpha": 0.057958021298861476,
    "regime_scale_low": 0.8123065780824941,
    "regime_scale_high": 1.1794053965706406,
    "yolo_min_conf": 0.34471812545425057,
    "smart_consensus_weight": 0.5187426809028701,
    "smart_performance_weight": 0.21201723864735633,
    "smart_sigma": 0.0013915794710415341,
    "smart_weight_xgb": 1.3240255674607708,
    "smart_weight_lgbm": 1.2968120155008653,
    "smart_weight_cat": 1.054431324325386,
    "fingpt_confidence_threshold": 0.2936109527533535
  },
  "hyperparameters": {
    "model_choice": "all",
    "xgb_n_estimators": 550,
    "xgb_max_depth": 5,
    "xgb_learning_rate": 0.12338402189745729,
    "xgb_subsample": 0.5505088238946256,
    "xgb_colsample_bytree": 0.5357357479482608,
    "xgb_reg_alpha": 5.85259101318046e-06,
    "xgb_reg_lambda": 3.6336532705794324,
    "xgb_min_child_weight": 8,
    "xgb_gamma": 0.3081341827823656,
    "xgb_grow_policy": "depthwise",
    "xgb_tree_method": "hist",
    "xgb_max_bin": 286,
    "lgb_n_estimators": 500,
    "lgb_max_depth": 6,
    "lgb_learning_rate": 0.028466766919352855,
    "lgb_num_leaves": 20,
    "lgb_subsample": 0.5182196506205782,
    "lgb_colsample_bytree": 0.5161273867471974,
    "lgb_reg_alpha": 0.00042168058633087926,
    "lgb_reg_lambda": 0.001065805982738532,
    "lgb_min_data_in_leaf": 40,
    "lgb_feature_fraction_bynode": 0.6575012153702888,
    "lgb_bagging_freq": 9,
    "lgb_min_gain_to_split": 0.8063074435757448,
    "cat_iterations": 235,
    "cat_depth": 7,
    "cat_learning_rate": 0.047941684673643827,
    "cat_l2_leaf_reg": 9.277730233904917,
    "cat_subsample": 0.9318796840898872,
    "cat_rsm": 0.5893332151549225,
    "cat_border_count": 43,
    "cat_random_strength": 2.8724367433422415,
    "cat_leaf_estimation_iterations": 19,
    "cat_bootstrap_type": "Bernoulli"
  },
  "features_enabled": {
    "ENABLE_EXTERNAL_FEATURES": "0",
    "ENABLE_FINGPT_FEATURES": "1",
    "ENABLE_YOLO_FEATURES": "1",
    "ML_USE_DIRECTIONAL_LOSS": "0",
    "ENABLE_SEED_BAGGING": "0",
    "ENABLE_TALIB_PATTERNS": "1",
    "ML_USE_SMART_ENSEMBLE": "1",
    "ML_USE_STACKED_SHORT": "0",
    "ENABLE_META_STACKING": "0",
    "ML_USE_REGIME_DETECTION": "1",
    "ENABLE_FINGPT": "1",
    "ML_USE_ADAPTIVE_LEARNING": "0",
    "ENABLE_XGBOOST": "1",
    "ENABLE_LIGHTGBM": "1",
    "ENABLE_CATBOOST": "1"
  },
  "best_trial_metrics": {
    "A1YEN_1d": {
      "symbol": "A1YEN",
      "horizon": 1,
      "split_metrics": [
        {
          "split_index": 1,
          "train_days": 98,
          "test_days": 30,
          "train_end_idx": 98,
          "test_end_idx": 128,
          "train_start": "2025-04-24T00:00:00",
          "train_end": "2025-09-15T00:00:00",
          "test_start": "2025-09-16T00:00:00",
          "test_end": "2025-10-27T00:00:00",
          "valid_predictions": 29,
          "model_metrics": {
            "xgboost": {
              "raw_r2": -0.032869448291380575,
              "rmse": 0.02679684806911106,
              "mape": 1.7537913750164507,
              "confidence": 0.5983535230944896
            },
            "lightgbm": {
              "raw_r2": -0.05237223610324223,
              "rmse": 0.02701212691119439,
              "mape": 1.7826086395614729,
              "confidence": 0.5826890585780667
            },
            "catboost": {
              "raw_r2": 0.0016936707404212974,
              "rmse": 0.026232877050349646,
              "mape": 1.6387673165317405,
              "confidence": 0.6263760992529166
            }
          },
          "dirhit": 66.66666666666666,
          "rmse": 0.023247483344827603,
          "mape": 125.21583554268867,
          "nrmse": 1.0768781724365326,
          "mask_count": 9,
          "mask_pct": 31.03448275862069,
          "low_support": false,
          "min_mask_count": 0,
          "min_mask_pct": 0.0,
          "ensemble_debug": {
            "historical_r2": {
              "xgboost": -0.032869448291380575,
              "lightgbm": -0.05237223610324223,
              "catboost": 0.0016936707404212974
            },
            "ensemble_weights": {
              "xgboost": 0.3600882400387135,
              "lightgbm": 0.35169595450073965,
              "catboost": 0.28821580546054687
            },
            "source": "model"
          }
        },
        {
          "split_index": 2,
          "train_days": 128,
          "test_days": 20,
          "train_end_idx": 128,
          "test_end_idx": 148,
          "train_start": "2025-04-24T00:00:00",
          "train_end": "2025-10-27T00:00:00",