{
  "best_value": 76.25,
  "best_dirhit": 76.25,
  "best_params": {
    "enable_external_features": false,
    "enable_fingpt_features": true,
    "enable_yolo_features": false,
    "enable_directional_loss": true,
    "enable_seed_bagging": true,
    "enable_talib_patterns": false,
    "enable_smart_ensemble": true,
    "enable_stacked_short": true,
    "enable_meta_stacking": false,
    "enable_regime_detection": false,
    "enable_fingpt": true,
    "model_choice": "all",
    "ml_loss_mse_weight": 0.6629360582268803,
    "ml_loss_threshold": 0.003718230189209386,
    "ml_dir_penalty": 4.411517070733452,
    "n_seeds": 3,
    "ml_adaptive_k_1d": 1.932490263791931,
    "ml_pattern_weight_scale_1d": 1.174323617575508,
    "enable_talib_patterns_short": false,
    "external_min_days": 40,
    "external_smooth_alpha": 0.08874653878636342,
    "smart_consensus_weight": 0.42154576856064974,
    "smart_performance_weight": 0.5969476953417595,
    "smart_sigma": 0.0011739890706104093,
    "smart_weight_xgb": 0.8296443800878833,
    "smart_weight_lgbm": 1.2033438264071306,
    "smart_weight_cat": 1.4996595815497293,
    "fingpt_confidence_threshold": 0.3351396467050439,
    "xgb_n_estimators": 421,
    "xgb_max_depth": 4,
    "xgb_learning_rate": 0.03281021987430495,
    "xgb_subsample": 0.7346279887513311,
    "xgb_colsample_bytree": 0.8411005730633312,
    "xgb_reg_alpha": 4.256064155733793e-05,
    "xgb_reg_lambda": 0.019201541780769348,
    "xgb_min_child_weight": 8,
    "xgb_gamma": 0.010524320707941352,
    "xgb_grow_policy": "depthwise",
    "xgb_tree_method": "hist",
    "xgb_max_bin": 250,
    "lgb_n_estimators": 225,
    "lgb_max_depth": 5,
    "lgb_learning_rate": 0.06964124249983733,
    "lgb_num_leaves": 60,
    "lgb_subsample": 0.5391578048076922,
    "lgb_colsample_bytree": 0.8019585643362085,
    "lgb_reg_alpha": 1.0133501272691652e-06,
    "lgb_reg_lambda": 0.003210857963726638,
    "lgb_min_data_in_leaf": 92,
    "lgb_feature_fraction_bynode": 0.9758877499108656,
    "lgb_bagging_freq": 3,
    "lgb_min_gain_to_split": 0.5007031871782076,
    "cat_iterations": 558,
    "cat_depth": 8,
    "cat_learning_rate": 0.13445426437174668,
    "cat_l2_leaf_reg": 3.5928586268989147,
    "cat_subsample": 0.9495010547832529,
    "cat_rsm": 0.6853321756361417,
    "cat_border_count": 255,
    "cat_random_strength": 0.5646444231383908,
    "cat_leaf_estimation_iterations": 18,
    "cat_bootstrap_type": "Bernoulli"
  },
  "best_trial": {
    "number": 1098,
    "value": 47.34792192589889,
    "state": "1"
  },
  "best_trial_number": 1098,
  "best_trial_seed": 1140,
  "n_trials": 1429,
  "pruned_count": 0,
  "avg_trial_time": 0.0,
  "top_k_trials": [],
  "study_name": "hpo_with_features_BINHO_h1_c2",
  "symbols": [
    "BINHO"
  ],
  "horizon": 1,
  "best_model_choice": "all",
  "feature_flags": {
    "enable_external_features": false,
    "enable_fingpt_features": true,
    "enable_yolo_features": false,
    "enable_directional_loss": true,
    "enable_seed_bagging": true,
    "enable_talib_patterns": false,
    "enable_smart_ensemble": true,
    "enable_stacked_short": true,
    "enable_meta_stacking": false,
    "enable_regime_detection": false,
    "enable_fingpt": true,
    "enable_talib_patterns_short": false
  },
  "feature_params": {
    "ml_loss_mse_weight": 0.6629360582268803,
    "ml_loss_threshold": 0.003718230189209386,
    "ml_dir_penalty": 4.411517070733452,
    "n_seeds": 3,
    "ml_adaptive_k_1d": 1.932490263791931,
    "ml_pattern_weight_scale_1d": 1.174323617575508,
    "external_min_days": 40,
    "external_smooth_alpha": 0.08874653878636342,
    "smart_consensus_weight": 0.42154576856064974,
    "smart_performance_weight": 0.5969476953417595,
    "smart_sigma": 0.0011739890706104093,
    "smart_weight_xgb": 0.8296443800878833,
    "smart_weight_lgbm": 1.2033438264071306,
    "smart_weight_cat": 1.4996595815497293,
    "fingpt_confidence_threshold": 0.3351396467050439
  },
  "hyperparameters": {
    "model_choice": "all",
    "xgb_n_estimators": 421,
    "xgb_max_depth": 4,
    "xgb_learning_rate": 0.03281021987430495,
    "xgb_subsample": 0.7346279887513311,
    "xgb_colsample_bytree": 0.8411005730633312,
    "xgb_reg_alpha": 4.256064155733793e-05,
    "xgb_reg_lambda": 0.019201541780769348,
    "xgb_min_child_weight": 8,
    "xgb_gamma": 0.010524320707941352,
    "xgb_grow_policy": "depthwise",
    "xgb_tree_method": "hist",
    "xgb_max_bin": 250,
    "lgb_n_estimators": 225,
    "lgb_max_depth": 5,
    "lgb_learning_rate": 0.06964124249983733,
    "lgb_num_leaves": 60,
    "lgb_subsample": 0.5391578048076922,
    "lgb_colsample_bytree": 0.8019585643362085,
    "lgb_reg_alpha": 1.0133501272691652e-06,
    "lgb_reg_lambda": 0.003210857963726638,
    "lgb_min_data_in_leaf": 92,
    "lgb_feature_fraction_bynode": 0.9758877499108656,
    "lgb_bagging_freq": 3,
    "lgb_min_gain_to_split": 0.5007031871782076,
    "cat_iterations": 558,
    "cat_depth": 8,
    "cat_learning_rate": 0.13445426437174668,
    "cat_l2_leaf_reg": 3.5928586268989147,
    "cat_subsample": 0.9495010547832529,
    "cat_rsm": 0.6853321756361417,
    "cat_border_count": 255,
    "cat_random_strength": 0.5646444231383908,
    "cat_leaf_estimation_iterations": 18,
    "cat_bootstrap_type": "Bernoulli"
  },
  "features_enabled": {
    "ENABLE_EXTERNAL_FEATURES": "0",
    "ENABLE_FINGPT_FEATURES": "1",
    "ENABLE_YOLO_FEATURES": "0",
    "ML_USE_DIRECTIONAL_LOSS": "1",
    "ENABLE_SEED_BAGGING": "1",
    "ENABLE_TALIB_PATTERNS": "0",
    "ML_USE_SMART_ENSEMBLE": "1",
    "ML_USE_STACKED_SHORT": "1",
    "ENABLE_META_STACKING": "0",
    "ML_USE_REGIME_DETECTION": "0",
    "ENABLE_FINGPT": "1",
    "ML_USE_ADAPTIVE_LEARNING": "0",
    "ENABLE_XGBOOST": "1",
    "ENABLE_LIGHTGBM": "1",
    "ENABLE_CATBOOST": "1"
  },
  "best_trial_metrics": {
    "BINHO_1d": {
      "symbol": "BINHO",
      "horizon": 1,
      "split_metrics": [
        {
          "split_index": 1,
          "train_days": 384,
          "test_days": 30,
          "train_end_idx": 384,
          "test_end_idx": 414,
          "train_start": "2023-11-20T00:00:00",
          "train_end": "2025-06-11T00:00:00",
          "test_start": "2025-06-12T00:00:00",
          "test_end": "2025-07-24T00:00:00",
          "valid_predictions": 29,
          "model_metrics": {
            "xgboost": {
              "raw_r2": -8.582010436767268,
              "rmse": 0.11188002049560085,
              "mape": 1.6598634207540033,
              "confidence": 0.3
            },
            "lightgbm": {
              "raw_r2": -0.12293302199953778,
              "rmse": 0.03979535367850349,
              "mape": 1.5835298523207144,
              "confidence": 0.5281472434361735
            },
            "catboost": {
              "raw_r2": -0.1314266546450288,
              "rmse": 0.04001027108657833,
              "mape": 1.5976840178194254,
              "confidence": 0.5218995191755613
            }
          },
          "dirhit": null,
          "rmse": 0.03149226263090665,
          "mape": 171.5782765117492,
          "nrmse": 0.9873965175276737,
          "mask_count": 6,
          "mask_pct": 20.689655172413794,
          "low_support": true,
          "min_mask_count": 10,
          "min_mask_pct": 5.0
        },
        {
          "split_index": 2,
          "train_days": 414,
          "test_days": 30,
          "train_end_idx": 414,
          "test_end_idx": 444,
          "train_start": "2023-11-20T00:00:00",
          "train_end": "2025-07-24T00:00:00",
          "test_start": "2025-07-25T00:00:00",
          "test_end": "2025-09-04T00:00:00",
          "valid_predictions": 29,
          "model_metrics": {
            "xgboost": {
              "raw_r2": -10.377847173487842,
              "rmse": 0.11373952166680543,
              "mape": 1.6620858089999013,
              "confidence": 0.3
            },
            "lightgbm": {
              "raw_r2": -0.1253833013648725,