{
  "best_value": 77.77777777777777,
  "best_dirhit": 57.638888888888886,
  "best_params": {
    "enable_external_features": false,
    "enable_fingpt_features": false,
    "enable_yolo_features": false,
    "enable_directional_loss": true,
    "enable_seed_bagging": false,
    "enable_talib_patterns": false,
    "enable_smart_ensemble": false,
    "enable_stacked_short": true,
    "enable_meta_stacking": true,
    "enable_regime_detection": true,
    "enable_fingpt": false,
    "model_choice": "all",
    "ml_loss_mse_weight": 0.5158074381907273,
    "ml_loss_threshold": 0.0035411115016336435,
    "ml_dir_penalty": 3.250043847781735,
    "meta_stacking_alpha": 0.025854839393168818,
    "ml_adaptive_k_1d": 2.003708993459816,
    "ml_pattern_weight_scale_1d": 1.0966398985840489,
    "enable_talib_patterns_short": true,
    "external_min_days": 57,
    "external_smooth_alpha": 0.18207705276523856,
    "regime_scale_low": 0.858281512120837,
    "regime_scale_high": 1.0687076189426787,
    "xgb_n_estimators": 487,
    "xgb_max_depth": 4,
    "xgb_learning_rate": 0.034790175403497506,
    "xgb_subsample": 0.5711175349817731,
    "xgb_colsample_bytree": 0.6555241283080789,
    "xgb_reg_alpha": 0.0014899123675927181,
    "xgb_reg_lambda": 0.003984605955360466,
    "xgb_min_child_weight": 6,
    "xgb_gamma": 0.0025221744581770673,
    "xgb_grow_policy": "lossguide",
    "xgb_tree_method": "hist",
    "xgb_max_bin": 385,
    "lgb_n_estimators": 496,
    "lgb_max_depth": 6,
    "lgb_learning_rate": 0.01002424957038285,
    "lgb_num_leaves": 62,
    "lgb_subsample": 0.658696749983214,
    "lgb_colsample_bytree": 0.8973008620740124,
    "lgb_reg_alpha": 0.012124574479711115,
    "lgb_reg_lambda": 0.22190510307100195,
    "lgb_min_data_in_leaf": 72,
    "lgb_feature_fraction_bynode": 0.9383900076985291,
    "lgb_bagging_freq": 3,
    "lgb_min_gain_to_split": 0.2807701898757625,
    "cat_iterations": 254,
    "cat_depth": 7,
    "cat_learning_rate": 0.036749829724366835,
    "cat_l2_leaf_reg": 2.9203922447786477,
    "cat_subsample": 0.8761705839582863,
    "cat_rsm": 0.8985366602668012,
    "cat_border_count": 57,
    "cat_random_strength": 0.80244583984677,
    "cat_leaf_estimation_iterations": 8,
    "cat_bootstrap_type": "No"
  },
  "best_trial": {
    "number": 58,
    "value": 34.115432297004354,
    "state": "1"
  },
  "best_trial_number": 58,
  "best_trial_seed": 100,
  "n_trials": 696,
  "pruned_count": 0,
  "avg_trial_time": 0.0,
  "top_k_trials": [],
  "study_name": "hpo_with_features_AYEN_h1_c2",
  "symbols": [
    "AYEN"
  ],
  "horizon": 1,
  "best_model_choice": "all",
  "feature_flags": {
    "enable_external_features": false,
    "enable_fingpt_features": false,
    "enable_yolo_features": false,
    "enable_directional_loss": true,
    "enable_seed_bagging": false,
    "enable_talib_patterns": false,
    "enable_smart_ensemble": false,
    "enable_stacked_short": true,
    "enable_meta_stacking": true,
    "enable_regime_detection": true,
    "enable_fingpt": false,
    "enable_talib_patterns_short": true
  },
  "feature_params": {
    "ml_loss_mse_weight": 0.5158074381907273,
    "ml_loss_threshold": 0.0035411115016336435,
    "ml_dir_penalty": 3.250043847781735,
    "meta_stacking_alpha": 0.025854839393168818,
    "ml_adaptive_k_1d": 2.003708993459816,
    "ml_pattern_weight_scale_1d": 1.0966398985840489,
    "external_min_days": 57,
    "external_smooth_alpha": 0.18207705276523856,
    "regime_scale_low": 0.858281512120837,
    "regime_scale_high": 1.0687076189426787
  },
  "hyperparameters": {
    "model_choice": "all",
    "xgb_n_estimators": 487,
    "xgb_max_depth": 4,
    "xgb_learning_rate": 0.034790175403497506,
    "xgb_subsample": 0.5711175349817731,
    "xgb_colsample_bytree": 0.6555241283080789,
    "xgb_reg_alpha": 0.0014899123675927181,
    "xgb_reg_lambda": 0.003984605955360466,
    "xgb_min_child_weight": 6,
    "xgb_gamma": 0.0025221744581770673,
    "xgb_grow_policy": "lossguide",
    "xgb_tree_method": "hist",
    "xgb_max_bin": 385,
    "lgb_n_estimators": 496,
    "lgb_max_depth": 6,
    "lgb_learning_rate": 0.01002424957038285,
    "lgb_num_leaves": 62,
    "lgb_subsample": 0.658696749983214,
    "lgb_colsample_bytree": 0.8973008620740124,
    "lgb_reg_alpha": 0.012124574479711115,
    "lgb_reg_lambda": 0.22190510307100195,
    "lgb_min_data_in_leaf": 72,
    "lgb_feature_fraction_bynode": 0.9383900076985291,
    "lgb_bagging_freq": 3,
    "lgb_min_gain_to_split": 0.2807701898757625,
    "cat_iterations": 254,
    "cat_depth": 7,
    "cat_learning_rate": 0.036749829724366835,
    "cat_l2_leaf_reg": 2.9203922447786477,
    "cat_subsample": 0.8761705839582863,
    "cat_rsm": 0.8985366602668012,
    "cat_border_count": 57,
    "cat_random_strength": 0.80244583984677,
    "cat_leaf_estimation_iterations": 8,
    "cat_bootstrap_type": "No"
  },
  "features_enabled": {
    "ENABLE_EXTERNAL_FEATURES": "0",
    "ENABLE_FINGPT_FEATURES": "0",
    "ENABLE_YOLO_FEATURES": "0",
    "ML_USE_DIRECTIONAL_LOSS": "1",
    "ENABLE_SEED_BAGGING": "0",
    "ENABLE_TALIB_PATTERNS": "0",
    "ML_USE_SMART_ENSEMBLE": "0",
    "ML_USE_STACKED_SHORT": "1",
    "ENABLE_META_STACKING": "1",
    "ML_USE_REGIME_DETECTION": "1",
    "ENABLE_FINGPT": "0",
    "ML_USE_ADAPTIVE_LEARNING": "0",
    "ENABLE_XGBOOST": "1",
    "ENABLE_LIGHTGBM": "1",
    "ENABLE_CATBOOST": "1"
  },
  "best_trial_metrics": {
    "AYEN_1d": {
      "symbol": "AYEN",
      "horizon": 1,
      "split_metrics": [
        {
          "split_index": 1,
          "train_days": 449,
          "test_days": 30,
          "train_end_idx": 449,
          "test_end_idx": 479,
          "train_start": "2023-08-21T00:00:00",
          "train_end": "2025-06-05T00:00:00",
          "test_start": "2025-06-10T00:00:00",
          "test_end": "2025-07-22T00:00:00",
          "valid_predictions": 29,
          "model_metrics": {
            "xgboost": {
              "raw_r2": -10.280505714893017,
              "rmse": 0.07971697761544325,
              "mape": 1.6659675299136585,
              "confidence": 0.3
            },
            "lightgbm": {
              "raw_r2": -0.014203462290277727,
              "rmse": 0.025930661356571013,
              "mape": 1.74866325905424,
              "confidence": 0.6134645347017356
            },
            "catboost": {
              "raw_r2": 0.0007095703957655056,
              "rmse": 0.025764188378684834,
              "mape": 1.634943131057012,
              "confidence": 0.6255765253418204
            }
          },
          "dirhit": 55.55555555555556,
          "rmse": 0.016902555522343682,
          "mape": 1257927.62494478,
          "nrmse": 1.0543510341746831,
          "mask_count": 9,
          "mask_pct": 31.03448275862069,
          "low_support": false,
          "min_mask_count": 0,
          "min_mask_pct": 0.0
        },
        {
          "split_index": 2,
          "train_days": 479,
          "test_days": 30,
          "train_end_idx": 479,
          "test_end_idx": 509,
          "train_start": "2023-08-21T00:00:00",
          "train_end": "2025-07-22T00:00:00",
          "test_start": "2025-07-23T00:00:00",
          "test_end": "2025-09-02T00:00:00",
          "valid_predictions": 29,
          "model_metrics": {
            "xgboost": {
              "raw_r2": -12.477842756090107,
              "rmse": 0.08187697273359767,
              "mape": 1.6776543088697111,
              "confidence": 0.3
            },
            "lightgbm": {
              "raw_r2": -0.0060764821871722345,
              "rmse": 0.02529682888878972,
              "mape": 1.7604467179275771,
              "confidence": 0.620063237973753
            },
            "catboost": {
              "raw_r2": 0.0006702476097156795,
              "rmse": 0.025152804112504337,
              "mape": 1.7585845665086532,
              "confidence": 0.6255445756732259
            }
          },
          "dirhit": 0.0,
          "rmse": 0.017191967105617687,