{
  "best_value": 65.85266585266585,
  "best_dirhit": 65.85266585266585,
  "best_params": {
    "enable_external_features": true,
    "enable_fingpt_features": true,
    "enable_yolo_features": true,
    "enable_directional_loss": true,
    "enable_seed_bagging": true,
    "enable_talib_patterns": false,
    "enable_smart_ensemble": false,
    "enable_stacked_short": true,
    "enable_meta_stacking": true,
    "enable_regime_detection": true,
    "enable_fingpt": false,
    "model_choice": "all",
    "ml_loss_mse_weight": 0.22522231702685053,
    "ml_loss_threshold": 0.001229821306372086,
    "ml_dir_penalty": 3.453931705675608,
    "n_seeds": 4,
    "meta_stacking_alpha": 0.02252193229974861,
    "ml_adaptive_k_1d": 2.1781404444898507,
    "ml_pattern_weight_scale_1d": 0.9774474537355482,
    "enable_talib_patterns_short": false,
    "external_min_days": 27,
    "external_smooth_alpha": 0.41873533798677764,
    "regime_scale_low": 0.9148252038575412,
    "regime_scale_high": 1.078846622182645,
    "yolo_min_conf": 0.7306451073186196,
    "fingpt_confidence_threshold": 0.2165887194492922,
    "xgb_n_estimators": 347,
    "xgb_max_depth": 6,
    "xgb_learning_rate": 0.05097320455744201,
    "xgb_subsample": 0.6153879145605669,
    "xgb_colsample_bytree": 0.8437301737638161,
    "xgb_reg_alpha": 0.007131261830197044,
    "xgb_reg_lambda": 0.0032814905807645347,
    "xgb_min_child_weight": 10,
    "xgb_gamma": 0.00020234135587365032,
    "xgb_grow_policy": "lossguide",
    "xgb_tree_method": "hist",
    "xgb_max_bin": 367,
    "lgb_n_estimators": 525,
    "lgb_max_depth": 4,
    "lgb_learning_rate": 0.014183412853953895,
    "lgb_num_leaves": 39,
    "lgb_subsample": 0.782709183245382,
    "lgb_colsample_bytree": 0.8988763457595426,
    "lgb_reg_alpha": 0.0002816037358347042,
    "lgb_reg_lambda": 0.0006034528839535445,
    "lgb_min_data_in_leaf": 86,
    "lgb_feature_fraction_bynode": 0.5714699772751386,
    "lgb_bagging_freq": 3,
    "lgb_min_gain_to_split": 0.6420690499708119,
    "cat_iterations": 332,
    "cat_depth": 3,
    "cat_learning_rate": 0.010882934616422597,
    "cat_l2_leaf_reg": 7.501422036403408,
    "cat_subsample": 0.9399110053404997,
    "cat_rsm": 0.7092969634838059,
    "cat_border_count": 71,
    "cat_random_strength": 0.2450714665138478,
    "cat_leaf_estimation_iterations": 11,
    "cat_bootstrap_type": "Bayesian"
  },
  "best_trial": {
    "number": 95,
    "value": 35.48400751437258,
    "state": "1"
  },
  "best_trial_number": 95,
  "best_trial_seed": 137,
  "n_trials": 309,
  "pruned_count": 0,
  "avg_trial_time": 0.0,
  "top_k_trials": [],
  "study_name": "hpo_with_features_BEGYO_h1_c2",
  "symbols": [
    "BEGYO"
  ],
  "horizon": 1,
  "best_model_choice": "all",
  "feature_flags": {
    "enable_external_features": true,
    "enable_fingpt_features": true,
    "enable_yolo_features": true,
    "enable_directional_loss": true,
    "enable_seed_bagging": true,
    "enable_talib_patterns": false,
    "enable_smart_ensemble": false,
    "enable_stacked_short": true,
    "enable_meta_stacking": true,
    "enable_regime_detection": true,
    "enable_fingpt": false,
    "enable_talib_patterns_short": false
  },
  "feature_params": {
    "ml_loss_mse_weight": 0.22522231702685053,
    "ml_loss_threshold": 0.001229821306372086,
    "ml_dir_penalty": 3.453931705675608,
    "n_seeds": 4,
    "meta_stacking_alpha": 0.02252193229974861,
    "ml_adaptive_k_1d": 2.1781404444898507,
    "ml_pattern_weight_scale_1d": 0.9774474537355482,
    "external_min_days": 27,
    "external_smooth_alpha": 0.41873533798677764,
    "regime_scale_low": 0.9148252038575412,
    "regime_scale_high": 1.078846622182645,
    "yolo_min_conf": 0.7306451073186196,
    "fingpt_confidence_threshold": 0.2165887194492922
  },
  "hyperparameters": {
    "model_choice": "all",
    "xgb_n_estimators": 347,
    "xgb_max_depth": 6,
    "xgb_learning_rate": 0.05097320455744201,
    "xgb_subsample": 0.6153879145605669,
    "xgb_colsample_bytree": 0.8437301737638161,
    "xgb_reg_alpha": 0.007131261830197044,
    "xgb_reg_lambda": 0.0032814905807645347,
    "xgb_min_child_weight": 10,
    "xgb_gamma": 0.00020234135587365032,
    "xgb_grow_policy": "lossguide",
    "xgb_tree_method": "hist",
    "xgb_max_bin": 367,
    "lgb_n_estimators": 525,
    "lgb_max_depth": 4,
    "lgb_learning_rate": 0.014183412853953895,
    "lgb_num_leaves": 39,
    "lgb_subsample": 0.782709183245382,
    "lgb_colsample_bytree": 0.8988763457595426,
    "lgb_reg_alpha": 0.0002816037358347042,
    "lgb_reg_lambda": 0.0006034528839535445,
    "lgb_min_data_in_leaf": 86,
    "lgb_feature_fraction_bynode": 0.5714699772751386,
    "lgb_bagging_freq": 3,
    "lgb_min_gain_to_split": 0.6420690499708119,
    "cat_iterations": 332,
    "cat_depth": 3,
    "cat_learning_rate": 0.010882934616422597,
    "cat_l2_leaf_reg": 7.501422036403408,
    "cat_subsample": 0.9399110053404997,
    "cat_rsm": 0.7092969634838059,
    "cat_border_count": 71,
    "cat_random_strength": 0.2450714665138478,
    "cat_leaf_estimation_iterations": 11,
    "cat_bootstrap_type": "Bayesian"
  },
  "features_enabled": {
    "ENABLE_EXTERNAL_FEATURES": "1",
    "ENABLE_FINGPT_FEATURES": "1",
    "ENABLE_YOLO_FEATURES": "1",
    "ML_USE_DIRECTIONAL_LOSS": "1",
    "ENABLE_SEED_BAGGING": "1",
    "ENABLE_TALIB_PATTERNS": "0",
    "ML_USE_SMART_ENSEMBLE": "0",
    "ML_USE_STACKED_SHORT": "1",
    "ENABLE_META_STACKING": "1",
    "ML_USE_REGIME_DETECTION": "1",
    "ENABLE_FINGPT": "0",
    "ML_USE_ADAPTIVE_LEARNING": "0",
    "ENABLE_XGBOOST": "1",
    "ENABLE_LIGHTGBM": "1",
    "ENABLE_CATBOOST": "1"
  },
  "best_trial_metrics": {
    "BEGYO_1d": {
      "symbol": "BEGYO",
      "horizon": 1,
      "split_metrics": [
        {
          "split_index": 1,
          "train_days": 369,
          "test_days": 30,
          "train_end_idx": 369,
          "test_end_idx": 399,
          "train_start": "2023-12-08T00:00:00",
          "train_end": "2025-06-10T00:00:00",
          "test_start": "2025-06-11T00:00:00",
          "test_end": "2025-07-23T00:00:00",
          "valid_predictions": 29,
          "model_metrics": {
            "xgboost": {
              "raw_r2": -0.8727351261965852,
              "rmse": 0.05337331458236696,
              "mape": 1.4597942081876036,
              "confidence": 0.3081714436197552
            },
            "lightgbm": {
              "raw_r2": -0.037293854077699175,
              "rmse": 0.04076675995637793,
              "mape": 1.5764017505060848,
              "confidence": 0.594786239227457
            },
            "catboost": {
              "raw_r2": -0.014653627196330935,
              "rmse": 0.040174401855271,
              "mape": 1.478936526407995,
              "confidence": 0.61309925124626
            }
          },
          "dirhit": 69.23076923076923,
          "rmse": 0.06644656833304047,
          "mape": 650.3152541632386,
          "nrmse": 1.5727438543350476,
          "mask_count": 26,
          "mask_pct": 89.65517241379311,
          "low_support": false,
          "min_mask_count": 0,
          "min_mask_pct": 0.0
        },
        {
          "split_index": 2,
          "train_days": 399,
          "test_days": 30,
          "train_end_idx": 399,
          "test_end_idx": 429,
          "train_start": "2023-12-08T00:00:00",
          "train_end": "2025-07-23T00:00:00",
          "test_start": "2025-07-24T00:00:00",
          "test_end": "2025-09-03T00:00:00",
          "valid_predictions": 29,
          "model_metrics": {
            "xgboost": {
              "raw_r2": -0.3956382446087871,
              "rmse": 0.04643075474444411,
              "mape": 1.4461124708591597,
              "confidence": 0.3789826613337902
            },
            "lightgbm": {
              "raw_r2": -0.06269968435633892,
              "rmse": 0.041500393963710594,
              "mape": 1.6137192490178054,
              "confidence": 0.5744696787884542
            },