{
  "best_value": 69.634484228474,
  "best_dirhit": 64.7258631713555,
  "best_params": {
    "enable_external_features": false,
    "enable_fingpt_features": false,
    "enable_yolo_features": true,
    "enable_directional_loss": true,
    "enable_seed_bagging": false,
    "enable_talib_patterns": false,
    "enable_smart_ensemble": false,
    "enable_stacked_short": true,
    "enable_meta_stacking": true,
    "enable_regime_detection": false,
    "enable_fingpt": true,
    "model_choice": "all",
    "ml_loss_mse_weight": 0.6919879120961877,
    "ml_loss_threshold": 0.0012269759540109112,
    "ml_dir_penalty": 1.0068041143664896,
    "meta_stacking_alpha": 1.7624287152267595,
    "ml_adaptive_k_1d": 2.435374780628076,
    "ml_pattern_weight_scale_1d": 1.9155879681675658,
    "enable_talib_patterns_short": false,
    "external_min_days": 37,
    "external_smooth_alpha": 0.4574909824768294,
    "yolo_min_conf": 0.4405436874620084,
    "xgb_n_estimators": 527,
    "xgb_max_depth": 4,
    "xgb_learning_rate": 0.10650174807969752,
    "xgb_subsample": 0.8845124866262773,
    "xgb_colsample_bytree": 0.8625423374085,
    "xgb_reg_alpha": 0.00026218675428054826,
    "xgb_reg_lambda": 15.150144140718412,
    "xgb_min_child_weight": 9,
    "xgb_gamma": 0.4708756605243718,
    "xgb_grow_policy": "lossguide",
    "xgb_tree_method": "hist",
    "xgb_max_bin": 137,
    "lgb_n_estimators": 120,
    "lgb_max_depth": 5,
    "lgb_learning_rate": 0.011115196136845857,
    "lgb_num_leaves": 13,
    "lgb_subsample": 0.8113669413877242,
    "lgb_colsample_bytree": 0.5567606264438041,
    "lgb_reg_alpha": 0.08414870596441378,
    "lgb_reg_lambda": 0.09494393565025651,
    "lgb_min_data_in_leaf": 88,
    "lgb_feature_fraction_bynode": 0.8084026324004459,
    "lgb_bagging_freq": 5,
    "lgb_min_gain_to_split": 0.9046532774133424,
    "cat_iterations": 426,
    "cat_depth": 2,
    "cat_learning_rate": 0.02670773098393911,
    "cat_l2_leaf_reg": 7.143330657749069,
    "cat_subsample": 0.6955523257720696,
    "cat_rsm": 0.6792907057478446,
    "cat_border_count": 159,
    "cat_random_strength": 0.1545286095781084,
    "cat_leaf_estimation_iterations": 11,
    "cat_bootstrap_type": "Bayesian"
  },
  "best_trial": {
    "number": 224,
    "value": 36.6451472469288,
    "state": "1"
  },
  "best_trial_number": 224,
  "best_trial_seed": 266,
  "n_trials": 841,
  "pruned_count": 0,
  "avg_trial_time": 0.0,
  "top_k_trials": [],
  "study_name": "hpo_with_features_AKYHO_h1_c2",
  "symbols": [
    "AKYHO"
  ],
  "horizon": 1,
  "best_model_choice": "all",
  "feature_flags": {
    "enable_external_features": false,
    "enable_fingpt_features": false,
    "enable_yolo_features": true,
    "enable_directional_loss": true,
    "enable_seed_bagging": false,
    "enable_talib_patterns": false,
    "enable_smart_ensemble": false,
    "enable_stacked_short": true,
    "enable_meta_stacking": true,
    "enable_regime_detection": false,
    "enable_fingpt": true,
    "enable_talib_patterns_short": false
  },
  "feature_params": {
    "ml_loss_mse_weight": 0.6919879120961877,
    "ml_loss_threshold": 0.0012269759540109112,
    "ml_dir_penalty": 1.0068041143664896,
    "meta_stacking_alpha": 1.7624287152267595,
    "ml_adaptive_k_1d": 2.435374780628076,
    "ml_pattern_weight_scale_1d": 1.9155879681675658,
    "external_min_days": 37,
    "external_smooth_alpha": 0.4574909824768294,
    "yolo_min_conf": 0.4405436874620084
  },
  "hyperparameters": {
    "model_choice": "all",
    "xgb_n_estimators": 527,
    "xgb_max_depth": 4,
    "xgb_learning_rate": 0.10650174807969752,
    "xgb_subsample": 0.8845124866262773,
    "xgb_colsample_bytree": 0.8625423374085,
    "xgb_reg_alpha": 0.00026218675428054826,
    "xgb_reg_lambda": 15.150144140718412,
    "xgb_min_child_weight": 9,
    "xgb_gamma": 0.4708756605243718,
    "xgb_grow_policy": "lossguide",
    "xgb_tree_method": "hist",
    "xgb_max_bin": 137,
    "lgb_n_estimators": 120,
    "lgb_max_depth": 5,
    "lgb_learning_rate": 0.011115196136845857,
    "lgb_num_leaves": 13,
    "lgb_subsample": 0.8113669413877242,
    "lgb_colsample_bytree": 0.5567606264438041,
    "lgb_reg_alpha": 0.08414870596441378,
    "lgb_reg_lambda": 0.09494393565025651,
    "lgb_min_data_in_leaf": 88,
    "lgb_feature_fraction_bynode": 0.8084026324004459,
    "lgb_bagging_freq": 5,
    "lgb_min_gain_to_split": 0.9046532774133424,
    "cat_iterations": 426,
    "cat_depth": 2,
    "cat_learning_rate": 0.02670773098393911,
    "cat_l2_leaf_reg": 7.143330657749069,
    "cat_subsample": 0.6955523257720696,
    "cat_rsm": 0.6792907057478446,
    "cat_border_count": 159,
    "cat_random_strength": 0.1545286095781084,
    "cat_leaf_estimation_iterations": 11,
    "cat_bootstrap_type": "Bayesian"
  },
  "features_enabled": {
    "ENABLE_EXTERNAL_FEATURES": "0",
    "ENABLE_FINGPT_FEATURES": "0",
    "ENABLE_YOLO_FEATURES": "1",
    "ML_USE_DIRECTIONAL_LOSS": "1",
    "ENABLE_SEED_BAGGING": "0",
    "ENABLE_TALIB_PATTERNS": "0",
    "ML_USE_SMART_ENSEMBLE": "0",
    "ML_USE_STACKED_SHORT": "1",
    "ENABLE_META_STACKING": "1",
    "ML_USE_REGIME_DETECTION": "0",
    "ENABLE_FINGPT": "1",
    "ML_USE_ADAPTIVE_LEARNING": "0",
    "ENABLE_XGBOOST": "1",
    "ENABLE_LIGHTGBM": "1",
    "ENABLE_CATBOOST": "1"
  },
  "best_trial_metrics": {
    "AKYHO_1d": {
      "symbol": "AKYHO",
      "horizon": 1,
      "split_metrics": [
        {
          "split_index": 1,
          "train_days": 449,
          "test_days": 30,
          "train_end_idx": 449,
          "test_end_idx": 479,
          "train_start": "2023-08-21T00:00:00",
          "train_end": "2025-06-05T00:00:00",
          "test_start": "2025-06-10T00:00:00",
          "test_end": "2025-07-22T00:00:00",
          "valid_predictions": 29,
          "model_metrics": {
            "xgboost": {
              "raw_r2": -0.006216782499490907,
              "rmse": 0.0658804368122785,
              "mape": 1.565326349544054,
              "confidence": 0.6199492708845349
            },
            "lightgbm": {
              "raw_r2": -0.007199109762535831,
              "rmse": 0.06576720503404028,
              "mape": 1.6947458554127195,
              "confidence": 0.6191513548017937
            },
            "catboost": {
              "raw_r2": 0.02574962616484285,
              "rmse": 0.06426725646802155,
              "mape": 1.604572118410487,
              "confidence": 0.6458927192779503
            }
          },
          "dirhit": 68.75,
          "rmse": 0.059503316865026856,
          "mape": 46365078.414728604,
          "nrmse": 1.7294864789857258,
          "mask_count": 16,
          "mask_pct": 55.172413793103445,
          "low_support": false,
          "min_mask_count": 0,
          "min_mask_pct": 0.0
        },
        {
          "split_index": 2,
          "train_days": 479,
          "test_days": 30,
          "train_end_idx": 479,
          "test_end_idx": 509,
          "train_start": "2023-08-21T00:00:00",
          "train_end": "2025-07-22T00:00:00",
          "test_start": "2025-07-23T00:00:00",
          "test_end": "2025-09-02T00:00:00",
          "valid_predictions": 29,
          "model_metrics": {
            "xgboost": {
              "raw_r2": -0.007125053734732785,
              "rmse": 0.06439581575850373,
              "mape": 1.579257456521213,
              "confidence": 0.6192115060378847
            },
            "lightgbm": {
              "raw_r2": -0.009446352407691242,
              "rmse": 0.0642984240983355,
              "mape": 1.7271600214923262,
              "confidence": 0.6173262651881747
            },
            "catboost": {
              "raw_r2": 0.032538978218686565,
              "rmse": 0.06318229026882326,
              "mape": 1.6860400640797533,
              "confidence": 0.6513797569285135
            }
          },
          "dirhit": 69.56521739130434,
          "rmse": 0.05326652086981331,
          "mape": 7926076.885880284,