{
  "best_value": 63.33333333333333,
  "best_dirhit": 31.666666666666664,
  "best_params": {
    "enable_external_features": false,
    "enable_fingpt_features": true,
    "enable_yolo_features": true,
    "enable_directional_loss": false,
    "enable_seed_bagging": false,
    "enable_talib_patterns": false,
    "enable_smart_ensemble": true,
    "enable_stacked_short": false,
    "enable_meta_stacking": false,
    "enable_regime_detection": true,
    "enable_fingpt": true,
    "model_choice": "all",
    "ml_adaptive_k_1d": 1.865728157163979,
    "ml_pattern_weight_scale_1d": 1.0272075429991294,
    "enable_talib_patterns_short": true,
    "external_min_days": 51,
    "external_smooth_alpha": 0.08172818894637056,
    "regime_scale_low": 0.8893651281059419,
    "regime_scale_high": 1.0564696813248577,
    "yolo_min_conf": 0.4914782618716549,
    "smart_consensus_weight": 0.5243744131337315,
    "smart_performance_weight": 0.6508052722766071,
    "smart_sigma": 0.007710033906533557,
    "smart_weight_xgb": 1.360209799354236,
    "smart_weight_lgbm": 0.5190069955881174,
    "smart_weight_cat": 1.2186166965714165,
    "fingpt_confidence_threshold": 0.2616455787139609,
    "xgb_n_estimators": 327,
    "xgb_max_depth": 2,
    "xgb_learning_rate": 0.014432791593226886,
    "xgb_subsample": 0.6593234863051587,
    "xgb_colsample_bytree": 0.5779693898893603,
    "xgb_reg_alpha": 0.004861426697671011,
    "xgb_reg_lambda": 0.0010653855325010117,
    "xgb_min_child_weight": 6,
    "xgb_gamma": 0.960031887464932,
    "xgb_grow_policy": "lossguide",
    "xgb_tree_method": "hist",
    "xgb_max_bin": 430,
    "lgb_n_estimators": 384,
    "lgb_max_depth": 7,
    "lgb_learning_rate": 0.050133652679504,
    "lgb_num_leaves": 31,
    "lgb_subsample": 0.6245806227826982,
    "lgb_colsample_bytree": 0.6304384874619416,
    "lgb_reg_alpha": 0.00202791300093026,
    "lgb_reg_lambda": 0.012259016468467157,
    "lgb_min_data_in_leaf": 79,
    "lgb_feature_fraction_bynode": 0.5639022555068999,
    "lgb_bagging_freq": 3,
    "lgb_min_gain_to_split": 0.9126259477297218,
    "cat_iterations": 160,
    "cat_depth": 5,
    "cat_learning_rate": 0.014727400989807016,
    "cat_l2_leaf_reg": 4.39277610533731,
    "cat_subsample": 0.9193849826343892,
    "cat_rsm": 0.6195161173815709,
    "cat_border_count": 144,
    "cat_random_strength": 1.4859438186344804,
    "cat_leaf_estimation_iterations": 6,
    "cat_bootstrap_type": "Bayesian"
  },
  "best_trial": {
    "number": 41,
    "value": 16.094041998527587,
    "state": "1"
  },
  "best_trial_number": 41,
  "best_trial_seed": 83,
  "n_trials": 35,
  "pruned_count": 0,
  "avg_trial_time": 0.0,
  "top_k_trials": [],
  "study_name": "hpo_with_features_GENTS_h1_c2",
  "symbols": [
    "GENTS"
  ],
  "horizon": 1,
  "best_model_choice": "all",
  "feature_flags": {
    "enable_external_features": false,
    "enable_fingpt_features": true,
    "enable_yolo_features": true,
    "enable_directional_loss": false,
    "enable_seed_bagging": false,
    "enable_talib_patterns": false,
    "enable_smart_ensemble": true,
    "enable_stacked_short": false,
    "enable_meta_stacking": false,
    "enable_regime_detection": true,
    "enable_fingpt": true,
    "enable_talib_patterns_short": true
  },
  "feature_params": {
    "ml_adaptive_k_1d": 1.865728157163979,
    "ml_pattern_weight_scale_1d": 1.0272075429991294,
    "external_min_days": 51,
    "external_smooth_alpha": 0.08172818894637056,
    "regime_scale_low": 0.8893651281059419,
    "regime_scale_high": 1.0564696813248577,
    "yolo_min_conf": 0.4914782618716549,
    "smart_consensus_weight": 0.5243744131337315,
    "smart_performance_weight": 0.6508052722766071,
    "smart_sigma": 0.007710033906533557,
    "smart_weight_xgb": 1.360209799354236,
    "smart_weight_lgbm": 0.5190069955881174,
    "smart_weight_cat": 1.2186166965714165,
    "fingpt_confidence_threshold": 0.2616455787139609
  },
  "hyperparameters": {
    "model_choice": "all",
    "xgb_n_estimators": 327,
    "xgb_max_depth": 2,
    "xgb_learning_rate": 0.014432791593226886,
    "xgb_subsample": 0.6593234863051587,
    "xgb_colsample_bytree": 0.5779693898893603,
    "xgb_reg_alpha": 0.004861426697671011,
    "xgb_reg_lambda": 0.0010653855325010117,
    "xgb_min_child_weight": 6,
    "xgb_gamma": 0.960031887464932,
    "xgb_grow_policy": "lossguide",
    "xgb_tree_method": "hist",
    "xgb_max_bin": 430,
    "lgb_n_estimators": 384,
    "lgb_max_depth": 7,
    "lgb_learning_rate": 0.050133652679504,
    "lgb_num_leaves": 31,
    "lgb_subsample": 0.6245806227826982,
    "lgb_colsample_bytree": 0.6304384874619416,
    "lgb_reg_alpha": 0.00202791300093026,
    "lgb_reg_lambda": 0.012259016468467157,
    "lgb_min_data_in_leaf": 79,
    "lgb_feature_fraction_bynode": 0.5639022555068999,
    "lgb_bagging_freq": 3,
    "lgb_min_gain_to_split": 0.9126259477297218,
    "cat_iterations": 160,
    "cat_depth": 5,
    "cat_learning_rate": 0.014727400989807016,
    "cat_l2_leaf_reg": 4.39277610533731,
    "cat_subsample": 0.9193849826343892,
    "cat_rsm": 0.6195161173815709,
    "cat_border_count": 144,
    "cat_random_strength": 1.4859438186344804,
    "cat_leaf_estimation_iterations": 6,
    "cat_bootstrap_type": "Bayesian"
  },
  "features_enabled": {
    "ENABLE_EXTERNAL_FEATURES": "0",
    "ENABLE_FINGPT_FEATURES": "1",
    "ENABLE_YOLO_FEATURES": "1",
    "ML_USE_DIRECTIONAL_LOSS": "0",
    "ENABLE_SEED_BAGGING": "0",
    "ENABLE_TALIB_PATTERNS": "0",
    "ML_USE_SMART_ENSEMBLE": "1",
    "ML_USE_STACKED_SHORT": "0",
    "ENABLE_META_STACKING": "0",
    "ML_USE_REGIME_DETECTION": "1",
    "ENABLE_FINGPT": "1",
    "ML_USE_ADAPTIVE_LEARNING": "0",
    "ENABLE_XGBOOST": "1",
    "ENABLE_LIGHTGBM": "1",
    "ENABLE_CATBOOST": "1"
  },
  "best_trial_metrics": {
    "GENTS_1d": {
      "symbol": "GENTS",
      "horizon": 1,
      "split_metrics": [
        {
          "split_index": 1,
          "train_days": 454,
          "test_days": 30,
          "train_end_idx": 454,
          "test_end_idx": 484,
          "train_start": "2023-08-21T00:00:00",
          "train_end": "2025-06-16T00:00:00",
          "test_start": "2025-06-17T00:00:00",
          "test_end": "2025-07-29T00:00:00",
          "valid_predictions": 29,
          "model_metrics": {
            "xgboost": {
              "raw_r2": -0.010833279904339799,
              "rmse": 0.03186067126524399,
              "mape": 1.838734283082007,
              "confidence": 0.616200111544394
            },
            "lightgbm": {
              "raw_r2": -0.010417708105894041,
              "rmse": 0.03184318201055938,
              "mape": 1.8082559482300695,
              "confidence": 0.6165375254542598
            },
            "catboost": {
              "raw_r2": -0.005084340079618703,
              "rmse": 0.031790946994557916,
              "mape": 1.7804899183853158,
              "confidence": 0.6208691961483366
            }
          },
          "dirhit": 60.0,
          "rmse": 0.03514902514428995,
          "mape": 3080169.2115940396,
          "nrmse": 0.9806279660557194,
          "mask_count": 5,
          "mask_pct": 17.24137931034483,
          "low_support": false,
          "min_mask_count": 0,
          "min_mask_pct": 0.0,
          "ensemble_debug": {
            "historical_r2": {
              "xgboost": -0.010833279904339799,
              "lightgbm": -0.010417708105894041,
              "catboost": -0.005084340079618703
            },
            "ensemble_weights": {
              "xgboost": 0.224823833077286,
              "lightgbm": 0.08580249182424406,
              "catboost": 0.6893736750984699
            },
            "source": "model"
          }
        },
        {
          "split_index": 2,
          "train_days": 484,
          "test_days": 30,
          "train_end_idx": 484,
          "test_end_idx": 514,
          "train_start": "2023-08-21T00:00:00",
          "train_end": "2025-07-29T00:00:00",