{
  "best_value": 83.33333333333333,
  "best_dirhit": 66.66666666666666,
  "best_params": {
    "enable_external_features": true,
    "enable_fingpt_features": true,
    "enable_yolo_features": true,
    "enable_directional_loss": false,
    "enable_seed_bagging": true,
    "enable_talib_patterns": true,
    "enable_smart_ensemble": true,
    "enable_stacked_short": false,
    "enable_meta_stacking": false,
    "enable_regime_detection": true,
    "enable_fingpt": true,
    "model_choice": "all",
    "n_seeds": 5,
    "ml_adaptive_k_1d": 2.3681456487981847,
    "ml_pattern_weight_scale_1d": 1.5541572977332951,
    "enable_talib_patterns_short": false,
    "external_min_days": 21,
    "external_smooth_alpha": 0.08438135769650285,
    "regime_scale_low": 0.9702604314071778,
    "regime_scale_high": 1.115640361731562,
    "yolo_min_conf": 0.7177368414903261,
    "smart_consensus_weight": 0.6294319416715001,
    "smart_performance_weight": 0.6990125121544288,
    "smart_sigma": 0.002862540939004742,
    "smart_weight_xgb": 0.9832085160893187,
    "smart_weight_lgbm": 1.4260522438873544,
    "smart_weight_cat": 1.3335992219836066,
    "fingpt_confidence_threshold": 0.2946577249512016,
    "xgb_n_estimators": 499,
    "xgb_max_depth": 2,
    "xgb_learning_rate": 0.08677522864709676,
    "xgb_subsample": 0.8137520341885202,
    "xgb_colsample_bytree": 0.5264606794040841,
    "xgb_reg_alpha": 1.2477432237518778e-05,
    "xgb_reg_lambda": 0.0012510382700471358,
    "xgb_min_child_weight": 15,
    "xgb_gamma": 0.11530227062373415,
    "xgb_grow_policy": "lossguide",
    "xgb_tree_method": "hist",
    "xgb_max_bin": 352,
    "lgb_n_estimators": 537,
    "lgb_max_depth": 5,
    "lgb_learning_rate": 0.010885470266960224,
    "lgb_num_leaves": 14,
    "lgb_subsample": 0.8940180325472695,
    "lgb_colsample_bytree": 0.5073386332202144,
    "lgb_reg_alpha": 0.0003618199089736656,
    "lgb_reg_lambda": 2.172779939600862,
    "lgb_min_data_in_leaf": 46,
    "lgb_feature_fraction_bynode": 0.7859449522464896,
    "lgb_bagging_freq": 6,
    "lgb_min_gain_to_split": 0.07587817904717979,
    "cat_iterations": 158,
    "cat_depth": 3,
    "cat_learning_rate": 0.023450627313130648,
    "cat_l2_leaf_reg": 8.55173906592174,
    "cat_subsample": 0.6062296351918209,
    "cat_rsm": 0.7612281869071055,
    "cat_border_count": 65,
    "cat_random_strength": 4.444825512866454,
    "cat_leaf_estimation_iterations": 2,
    "cat_bootstrap_type": "Bayesian"
  },
  "best_trial": {
    "number": 173,
    "value": 40.704006006800384,
    "state": "1"
  },
  "best_trial_number": 173,
  "best_trial_seed": 215,
  "n_trials": 1408,
  "pruned_count": 0,
  "avg_trial_time": 0.0,
  "top_k_trials": [],
  "study_name": "hpo_with_features_DEVA_h1_c2",
  "symbols": [
    "DEVA"
  ],
  "horizon": 1,
  "best_model_choice": "all",
  "feature_flags": {
    "enable_external_features": true,
    "enable_fingpt_features": true,
    "enable_yolo_features": true,
    "enable_directional_loss": false,
    "enable_seed_bagging": true,
    "enable_talib_patterns": true,
    "enable_smart_ensemble": true,
    "enable_stacked_short": false,
    "enable_meta_stacking": false,
    "enable_regime_detection": true,
    "enable_fingpt": true,
    "enable_talib_patterns_short": false
  },
  "feature_params": {
    "n_seeds": 5,
    "ml_adaptive_k_1d": 2.3681456487981847,
    "ml_pattern_weight_scale_1d": 1.5541572977332951,
    "external_min_days": 21,
    "external_smooth_alpha": 0.08438135769650285,
    "regime_scale_low": 0.9702604314071778,
    "regime_scale_high": 1.115640361731562,
    "yolo_min_conf": 0.7177368414903261,
    "smart_consensus_weight": 0.6294319416715001,
    "smart_performance_weight": 0.6990125121544288,
    "smart_sigma": 0.002862540939004742,
    "smart_weight_xgb": 0.9832085160893187,
    "smart_weight_lgbm": 1.4260522438873544,
    "smart_weight_cat": 1.3335992219836066,
    "fingpt_confidence_threshold": 0.2946577249512016
  },
  "hyperparameters": {
    "model_choice": "all",
    "xgb_n_estimators": 499,
    "xgb_max_depth": 2,
    "xgb_learning_rate": 0.08677522864709676,
    "xgb_subsample": 0.8137520341885202,
    "xgb_colsample_bytree": 0.5264606794040841,
    "xgb_reg_alpha": 1.2477432237518778e-05,
    "xgb_reg_lambda": 0.0012510382700471358,
    "xgb_min_child_weight": 15,
    "xgb_gamma": 0.11530227062373415,
    "xgb_grow_policy": "lossguide",
    "xgb_tree_method": "hist",
    "xgb_max_bin": 352,
    "lgb_n_estimators": 537,
    "lgb_max_depth": 5,
    "lgb_learning_rate": 0.010885470266960224,
    "lgb_num_leaves": 14,
    "lgb_subsample": 0.8940180325472695,
    "lgb_colsample_bytree": 0.5073386332202144,
    "lgb_reg_alpha": 0.0003618199089736656,
    "lgb_reg_lambda": 2.172779939600862,
    "lgb_min_data_in_leaf": 46,
    "lgb_feature_fraction_bynode": 0.7859449522464896,
    "lgb_bagging_freq": 6,
    "lgb_min_gain_to_split": 0.07587817904717979,
    "cat_iterations": 158,
    "cat_depth": 3,
    "cat_learning_rate": 0.023450627313130648,
    "cat_l2_leaf_reg": 8.55173906592174,
    "cat_subsample": 0.6062296351918209,
    "cat_rsm": 0.7612281869071055,
    "cat_border_count": 65,
    "cat_random_strength": 4.444825512866454,
    "cat_leaf_estimation_iterations": 2,
    "cat_bootstrap_type": "Bayesian"
  },
  "features_enabled": {
    "ENABLE_EXTERNAL_FEATURES": "1",
    "ENABLE_FINGPT_FEATURES": "1",
    "ENABLE_YOLO_FEATURES": "1",
    "ML_USE_DIRECTIONAL_LOSS": "0",
    "ENABLE_SEED_BAGGING": "1",
    "ENABLE_TALIB_PATTERNS": "1",
    "ML_USE_SMART_ENSEMBLE": "1",
    "ML_USE_STACKED_SHORT": "0",
    "ENABLE_META_STACKING": "0",
    "ML_USE_REGIME_DETECTION": "1",
    "ENABLE_FINGPT": "1",
    "ML_USE_ADAPTIVE_LEARNING": "0",
    "ENABLE_XGBOOST": "1",
    "ENABLE_LIGHTGBM": "1",
    "ENABLE_CATBOOST": "1"
  },
  "best_trial_metrics": {
    "DEVA_1d": {
      "symbol": "DEVA",
      "horizon": 1,
      "split_metrics": [
        {
          "split_index": 1,
          "train_days": 451,
          "test_days": 30,
          "train_end_idx": 451,
          "test_end_idx": 481,
          "train_start": "2023-08-21T00:00:00",
          "train_end": "2025-06-11T00:00:00",
          "test_start": "2025-06-12T00:00:00",
          "test_end": "2025-07-24T00:00:00",
          "valid_predictions": 29,
          "model_metrics": {
            "xgboost": {
              "raw_r2": -0.003238724761154869,
              "rmse": 0.02413677458598377,
              "mape": 1.9631876976533764,
              "confidence": 0.622368593634875
            },
            "lightgbm": {
              "raw_r2": -0.004642503415424715,
              "rmse": 0.02415079822974336,
              "mape": 1.9165256130716746,
              "confidence": 0.6212281353367546
            },
            "catboost": {
              "raw_r2": 0.007917413182541874,
              "rmse": 0.024028518681044542,
              "mape": 1.8041565670210868,
              "confidence": 0.6314320582403661
            }
          },
          "dirhit": 66.66666666666666,
          "rmse": 0.019646735729610742,
          "mape": 117155.11311187147,
          "nrmse": 0.9941920043386681,
          "mask_count": 6,
          "mask_pct": 20.689655172413794,
          "low_support": false,
          "min_mask_count": 0,
          "min_mask_pct": 0.0,
          "ensemble_debug": {
            "historical_r2": {
              "xgboost": -0.003238724761154869,
              "lightgbm": -0.004642503415424715,
              "catboost": 0.007917413182541874
            },
            "ensemble_weights": {
              "xgboost": 0.13362901950359948,
              "lightgbm": 0.19368043860115874,
              "catboost": 0.6726905418952418
            },
            "source": "model"
          }
        },
        {
          "split_index": 2,
          "train_days": 481,
          "test_days": 30,
          "train_end_idx": 481,
          "test_end_idx": 511,
          "train_start": "2023-08-21T00:00:00",