{
  "best_value": 74.19372294372295,
  "best_dirhit": 74.19372294372295,
  "best_params": {
    "enable_external_features": false,
    "enable_fingpt_features": false,
    "enable_yolo_features": true,
    "enable_directional_loss": false,
    "enable_seed_bagging": true,
    "enable_talib_patterns": false,
    "enable_smart_ensemble": true,
    "enable_stacked_short": false,
    "enable_meta_stacking": false,
    "enable_regime_detection": false,
    "enable_fingpt": true,
    "model_choice": "all",
    "n_seeds": 3,
    "ml_adaptive_k_1d": 1.6092688028549724,
    "ml_pattern_weight_scale_1d": 0.5012981862009444,
    "enable_talib_patterns_short": false,
    "external_min_days": 41,
    "external_smooth_alpha": 0.48650992586144926,
    "yolo_min_conf": 0.6666540476989546,
    "smart_consensus_weight": 0.4754074405603451,
    "smart_performance_weight": 0.3299048232400402,
    "smart_sigma": 0.015428839454511126,
    "smart_weight_xgb": 1.3599011108853913,
    "smart_weight_lgbm": 1.2760280877193673,
    "smart_weight_cat": 0.6487284487378264,
    "xgb_n_estimators": 314,
    "xgb_max_depth": 6,
    "xgb_learning_rate": 0.03092750086613398,
    "xgb_subsample": 0.6728927554107154,
    "xgb_colsample_bytree": 0.5923816645873741,
    "xgb_reg_alpha": 1.3883651480476402e-06,
    "xgb_reg_lambda": 0.02681192025046745,
    "xgb_min_child_weight": 8,
    "xgb_gamma": 0.5840341198802608,
    "xgb_grow_policy": "lossguide",
    "xgb_tree_method": "hist",
    "xgb_max_bin": 142,
    "lgb_n_estimators": 234,
    "lgb_max_depth": 8,
    "lgb_learning_rate": 0.04530163704060955,
    "lgb_num_leaves": 29,
    "lgb_subsample": 0.6345987691125398,
    "lgb_colsample_bytree": 0.7051083813460896,
    "lgb_reg_alpha": 1.52315613744633e-05,
    "lgb_reg_lambda": 1.1985571498767613,
    "lgb_min_data_in_leaf": 97,
    "lgb_feature_fraction_bynode": 0.6931784252676634,
    "lgb_bagging_freq": 2,
    "lgb_min_gain_to_split": 0.30697684120658697,
    "cat_iterations": 263,
    "cat_depth": 3,
    "cat_learning_rate": 0.010896615213248667,
    "cat_l2_leaf_reg": 5.038882145453729,
    "cat_subsample": 0.7982130634302227,
    "cat_rsm": 0.6772678846917465,
    "cat_border_count": 70,
    "cat_random_strength": 0.7907596799958921,
    "cat_leaf_estimation_iterations": 7,
    "cat_bootstrap_type": "Bayesian"
  },
  "best_trial": {
    "number": 529,
    "value": 46.005803292896886,
    "state": "1"
  },
  "best_trial_number": 529,
  "best_trial_seed": 571,
  "n_trials": 712,
  "pruned_count": 0,
  "avg_trial_time": 0.0,
  "top_k_trials": [],
  "study_name": "hpo_with_features_AVTUR_h1_c2",
  "symbols": [
    "AVTUR"
  ],
  "horizon": 1,
  "best_model_choice": "all",
  "feature_flags": {
    "enable_external_features": false,
    "enable_fingpt_features": false,
    "enable_yolo_features": true,
    "enable_directional_loss": false,
    "enable_seed_bagging": true,
    "enable_talib_patterns": false,
    "enable_smart_ensemble": true,
    "enable_stacked_short": false,
    "enable_meta_stacking": false,
    "enable_regime_detection": false,
    "enable_fingpt": true,
    "enable_talib_patterns_short": false
  },
  "feature_params": {
    "n_seeds": 3,
    "ml_adaptive_k_1d": 1.6092688028549724,
    "ml_pattern_weight_scale_1d": 0.5012981862009444,
    "external_min_days": 41,
    "external_smooth_alpha": 0.48650992586144926,
    "yolo_min_conf": 0.6666540476989546,
    "smart_consensus_weight": 0.4754074405603451,
    "smart_performance_weight": 0.3299048232400402,
    "smart_sigma": 0.015428839454511126,
    "smart_weight_xgb": 1.3599011108853913,
    "smart_weight_lgbm": 1.2760280877193673,
    "smart_weight_cat": 0.6487284487378264
  },
  "hyperparameters": {
    "model_choice": "all",
    "xgb_n_estimators": 314,
    "xgb_max_depth": 6,
    "xgb_learning_rate": 0.03092750086613398,
    "xgb_subsample": 0.6728927554107154,
    "xgb_colsample_bytree": 0.5923816645873741,
    "xgb_reg_alpha": 1.3883651480476402e-06,
    "xgb_reg_lambda": 0.02681192025046745,
    "xgb_min_child_weight": 8,
    "xgb_gamma": 0.5840341198802608,
    "xgb_grow_policy": "lossguide",
    "xgb_tree_method": "hist",
    "xgb_max_bin": 142,
    "lgb_n_estimators": 234,
    "lgb_max_depth": 8,
    "lgb_learning_rate": 0.04530163704060955,
    "lgb_num_leaves": 29,
    "lgb_subsample": 0.6345987691125398,
    "lgb_colsample_bytree": 0.7051083813460896,
    "lgb_reg_alpha": 1.52315613744633e-05,
    "lgb_reg_lambda": 1.1985571498767613,
    "lgb_min_data_in_leaf": 97,
    "lgb_feature_fraction_bynode": 0.6931784252676634,
    "lgb_bagging_freq": 2,
    "lgb_min_gain_to_split": 0.30697684120658697,
    "cat_iterations": 263,
    "cat_depth": 3,
    "cat_learning_rate": 0.010896615213248667,
    "cat_l2_leaf_reg": 5.038882145453729,
    "cat_subsample": 0.7982130634302227,
    "cat_rsm": 0.6772678846917465,
    "cat_border_count": 70,
    "cat_random_strength": 0.7907596799958921,
    "cat_leaf_estimation_iterations": 7,
    "cat_bootstrap_type": "Bayesian"
  },
  "features_enabled": {
    "ENABLE_EXTERNAL_FEATURES": "0",
    "ENABLE_FINGPT_FEATURES": "0",
    "ENABLE_YOLO_FEATURES": "1",
    "ML_USE_DIRECTIONAL_LOSS": "0",
    "ENABLE_SEED_BAGGING": "1",
    "ENABLE_TALIB_PATTERNS": "0",
    "ML_USE_SMART_ENSEMBLE": "1",
    "ML_USE_STACKED_SHORT": "0",
    "ENABLE_META_STACKING": "0",
    "ML_USE_REGIME_DETECTION": "0",
    "ENABLE_FINGPT": "1",
    "ML_USE_ADAPTIVE_LEARNING": "0",
    "ENABLE_XGBOOST": "1",
    "ENABLE_LIGHTGBM": "1",
    "ENABLE_CATBOOST": "1"
  },
  "best_trial_metrics": {
    "AVTUR_1d": {
      "symbol": "AVTUR",
      "horizon": 1,
      "split_metrics": [
        {
          "split_index": 1,
          "train_days": 450,
          "test_days": 30,
          "train_end_idx": 450,
          "test_end_idx": 480,
          "train_start": "2023-08-21T00:00:00",
          "train_end": "2025-06-10T00:00:00",
          "test_start": "2025-06-11T00:00:00",
          "test_end": "2025-07-23T00:00:00",
          "valid_predictions": 29,
          "model_metrics": {
            "xgboost": {
              "raw_r2": -0.022488465192213408,
              "rmse": 0.04156034001911718,
              "mape": 1.6236584380411885,
              "confidence": 0.6067473490897566
            },
            "lightgbm": {
              "raw_r2": -0.01069264006402637,
              "rmse": 0.04141865442767822,
              "mape": 1.716131732048758,
              "confidence": 0.6163142987210712
            },
            "catboost": {
              "raw_r2": 0.015078544752348785,
              "rmse": 0.0408365018696473,
              "mape": 1.602795353777509,
              "confidence": 0.6372455178030219
            }
          },
          "dirhit": 72.72727272727273,
          "rmse": 0.044964723211853054,
          "mape": 110.01491378642343,
          "nrmse": 0.9756236147887898,
          "mask_count": 11,
          "mask_pct": 37.93103448275862,
          "low_support": false,
          "min_mask_count": 0,
          "min_mask_pct": 0.0,
          "ensemble_debug": {
            "historical_r2": {
              "xgboost": -0.022488465192213408,
              "lightgbm": -0.01069264006402637,
              "catboost": 0.015078544752348785
            },
            "ensemble_weights": {
              "xgboost": 0.3886471306964025,
              "lightgbm": 0.4425980531267937,
              "catboost": 0.16875481617680388
            },
            "source": "model"
          }
        },
        {
          "split_index": 2,
          "train_days": 480,
          "test_days": 30,
          "train_end_idx": 480,
          "test_end_idx": 510,
          "train_start": "2023-08-21T00:00:00",
          "train_end": "2025-07-23T00:00:00",
          "test_start": "2025-07-24T00:00:00",
          "test_end": "2025-09-03T00:00:00",
          "valid_predictions": 29,
          "model_metrics": {
            "xgboost": {
              "raw_r2": -0.00798352126752285,
              "rmse": 0.041887892290899696,