{
  "best_value": 75.47619047619048,
  "best_dirhit": 75.47619047619047,
  "best_params": {
    "enable_external_features": true,
    "enable_fingpt_features": true,
    "enable_yolo_features": false,
    "enable_directional_loss": false,
    "enable_seed_bagging": false,
    "enable_talib_patterns": true,
    "enable_smart_ensemble": true,
    "enable_stacked_short": false,
    "enable_meta_stacking": false,
    "enable_regime_detection": true,
    "enable_fingpt": false,
    "model_choice": "all",
    "ml_adaptive_k_1d": 1.7308961669927083,
    "ml_pattern_weight_scale_1d": 0.6005362456900809,
    "enable_talib_patterns_short": false,
    "external_min_days": 20,
    "external_smooth_alpha": 0.46664315302606646,
    "regime_scale_low": 0.9518210216779335,
    "regime_scale_high": 1.0722143630667114,
    "smart_consensus_weight": 0.6938230992646359,
    "smart_performance_weight": 0.26577054161766167,
    "smart_sigma": 0.014710691415793634,
    "smart_weight_xgb": 1.1626353855134657,
    "smart_weight_lgbm": 0.5875654030101244,
    "smart_weight_cat": 1.202370105976597,
    "fingpt_confidence_threshold": 0.3402714394893524,
    "xgb_n_estimators": 304,
    "xgb_max_depth": 2,
    "xgb_learning_rate": 0.044958953769017776,
    "xgb_subsample": 0.5726499823723115,
    "xgb_colsample_bytree": 0.70180128470354,
    "xgb_reg_alpha": 0.00462025823857747,
    "xgb_reg_lambda": 0.17987095822492633,
    "xgb_min_child_weight": 15,
    "xgb_gamma": 0.011364334786190056,
    "xgb_grow_policy": "depthwise",
    "xgb_tree_method": "hist",
    "xgb_max_bin": 255,
    "lgb_n_estimators": 457,
    "lgb_max_depth": 6,
    "lgb_learning_rate": 0.010531283802158403,
    "lgb_num_leaves": 56,
    "lgb_subsample": 0.8707674131698965,
    "lgb_colsample_bytree": 0.6130710004578402,
    "lgb_reg_alpha": 3.4178463225995484e-06,
    "lgb_reg_lambda": 3.456832732789748,
    "lgb_min_data_in_leaf": 24,
    "lgb_feature_fraction_bynode": 0.6299947187714738,
    "lgb_bagging_freq": 7,
    "lgb_min_gain_to_split": 0.16937808151245207,
    "cat_iterations": 581,
    "cat_depth": 5,
    "cat_learning_rate": 0.011886752091116616,
    "cat_l2_leaf_reg": 4.117428053217815,
    "cat_subsample": 0.5998359736029086,
    "cat_rsm": 0.8621417143332778,
    "cat_border_count": 32,
    "cat_random_strength": 2.8055848718636685,
    "cat_leaf_estimation_iterations": 6,
    "cat_bootstrap_type": "Bayesian"
  },
  "best_trial": {
    "number": 260,
    "value": 46.75309952346517,
    "state": "1"
  },
  "best_trial_number": 260,
  "best_trial_seed": 302,
  "n_trials": 307,
  "pruned_count": 0,
  "avg_trial_time": 0.0,
  "top_k_trials": [],
  "study_name": "hpo_with_features_BEYAZ_h1_c2",
  "symbols": [
    "BEYAZ"
  ],
  "horizon": 1,
  "best_model_choice": "all",
  "feature_flags": {
    "enable_external_features": true,
    "enable_fingpt_features": true,
    "enable_yolo_features": false,
    "enable_directional_loss": false,
    "enable_seed_bagging": false,
    "enable_talib_patterns": true,
    "enable_smart_ensemble": true,
    "enable_stacked_short": false,
    "enable_meta_stacking": false,
    "enable_regime_detection": true,
    "enable_fingpt": false,
    "enable_talib_patterns_short": false
  },
  "feature_params": {
    "ml_adaptive_k_1d": 1.7308961669927083,
    "ml_pattern_weight_scale_1d": 0.6005362456900809,
    "external_min_days": 20,
    "external_smooth_alpha": 0.46664315302606646,
    "regime_scale_low": 0.9518210216779335,
    "regime_scale_high": 1.0722143630667114,
    "smart_consensus_weight": 0.6938230992646359,
    "smart_performance_weight": 0.26577054161766167,
    "smart_sigma": 0.014710691415793634,
    "smart_weight_xgb": 1.1626353855134657,
    "smart_weight_lgbm": 0.5875654030101244,
    "smart_weight_cat": 1.202370105976597,
    "fingpt_confidence_threshold": 0.3402714394893524
  },
  "hyperparameters": {
    "model_choice": "all",
    "xgb_n_estimators": 304,
    "xgb_max_depth": 2,
    "xgb_learning_rate": 0.044958953769017776,
    "xgb_subsample": 0.5726499823723115,
    "xgb_colsample_bytree": 0.70180128470354,
    "xgb_reg_alpha": 0.00462025823857747,
    "xgb_reg_lambda": 0.17987095822492633,
    "xgb_min_child_weight": 15,
    "xgb_gamma": 0.011364334786190056,
    "xgb_grow_policy": "depthwise",
    "xgb_tree_method": "hist",
    "xgb_max_bin": 255,
    "lgb_n_estimators": 457,
    "lgb_max_depth": 6,
    "lgb_learning_rate": 0.010531283802158403,
    "lgb_num_leaves": 56,
    "lgb_subsample": 0.8707674131698965,
    "lgb_colsample_bytree": 0.6130710004578402,
    "lgb_reg_alpha": 3.4178463225995484e-06,
    "lgb_reg_lambda": 3.456832732789748,
    "lgb_min_data_in_leaf": 24,
    "lgb_feature_fraction_bynode": 0.6299947187714738,
    "lgb_bagging_freq": 7,
    "lgb_min_gain_to_split": 0.16937808151245207,
    "cat_iterations": 581,
    "cat_depth": 5,
    "cat_learning_rate": 0.011886752091116616,
    "cat_l2_leaf_reg": 4.117428053217815,
    "cat_subsample": 0.5998359736029086,
    "cat_rsm": 0.8621417143332778,
    "cat_border_count": 32,
    "cat_random_strength": 2.8055848718636685,
    "cat_leaf_estimation_iterations": 6,
    "cat_bootstrap_type": "Bayesian"
  },
  "features_enabled": {
    "ENABLE_EXTERNAL_FEATURES": "1",
    "ENABLE_FINGPT_FEATURES": "1",
    "ENABLE_YOLO_FEATURES": "0",
    "ML_USE_DIRECTIONAL_LOSS": "0",
    "ENABLE_SEED_BAGGING": "0",
    "ENABLE_TALIB_PATTERNS": "1",
    "ML_USE_SMART_ENSEMBLE": "1",
    "ML_USE_STACKED_SHORT": "0",
    "ENABLE_META_STACKING": "0",
    "ML_USE_REGIME_DETECTION": "1",
    "ENABLE_FINGPT": "0",
    "ML_USE_ADAPTIVE_LEARNING": "0",
    "ENABLE_XGBOOST": "1",
    "ENABLE_LIGHTGBM": "1",
    "ENABLE_CATBOOST": "1"
  },
  "best_trial_metrics": {
    "BEYAZ_1d": {
      "symbol": "BEYAZ",
      "horizon": 1,
      "split_metrics": [
        {
          "split_index": 1,
          "train_days": 452,
          "test_days": 30,
          "train_end_idx": 452,
          "test_end_idx": 482,
          "train_start": "2023-08-21T00:00:00",
          "train_end": "2025-06-12T00:00:00",
          "test_start": "2025-06-13T00:00:00",
          "test_end": "2025-07-25T00:00:00",
          "valid_predictions": 29,
          "model_metrics": {
            "xgboost": {
              "raw_r2": 0.006640888798979579,
              "rmse": 0.03249477102485198,
              "mape": 1.6500134442205783,
              "confidence": 0.6303952264560673
            },
            "lightgbm": {
              "raw_r2": -0.007328312524275423,
              "rmse": 0.03275274059759526,
              "mape": 1.8286353612692972,
              "confidence": 0.6190464121684129
            },
            "catboost": {
              "raw_r2": 0.005222427108028486,
              "rmse": 0.03253478985690832,
              "mape": 1.6781392371016182,
              "confidence": 0.6292429809405549
            }
          },
          "dirhit": 61.111111111111114,
          "rmse": 0.0178863308801861,
          "mape": 4271203.195015744,
          "nrmse": 0.9950343322577041,
          "mask_count": 18,
          "mask_pct": 62.06896551724138,
          "low_support": false,
          "min_mask_count": 10,
          "min_mask_pct": 5.0,
          "ensemble_debug": {
            "historical_r2": {
              "xgboost": 0.006640888798979579,
              "lightgbm": -0.007328312524275423,
              "catboost": 0.005222427108028486
            },
            "ensemble_weights": {
              "xgboost": 0.13024094650695997,
              "lightgbm": 0.09151434476601013,
              "catboost": 0.7782447087270299
            },
            "source": "model"
          }
        },
        {
          "split_index": 2,
          "train_days": 482,
          "test_days": 30,
          "train_end_idx": 482,
          "test_end_idx": 512,
          "train_start": "2023-08-21T00:00:00",
          "train_end": "2025-07-25T00:00:00",
          "test_start": "2025-07-28T00:00:00",
          "test_end": "2025-09-05T00:00:00",