{
  "best_value": 77.5,
  "best_dirhit": 70.0,
  "best_params": {
    "enable_external_features": false,
    "enable_fingpt_features": false,
    "enable_yolo_features": true,
    "enable_directional_loss": false,
    "enable_seed_bagging": true,
    "enable_talib_patterns": false,
    "enable_smart_ensemble": true,
    "enable_stacked_short": false,
    "enable_meta_stacking": false,
    "enable_regime_detection": false,
    "enable_fingpt": true,
    "model_choice": "all",
    "n_seeds": 4,
    "ml_adaptive_k_1d": 1.7913000518391986,
    "ml_pattern_weight_scale_1d": 0.843970375296614,
    "enable_talib_patterns_short": true,
    "external_min_days": 31,
    "external_smooth_alpha": 0.2030568076744826,
    "yolo_min_conf": 0.44543118665231124,
    "smart_consensus_weight": 0.4945870072864525,
    "smart_performance_weight": 0.6105924364668754,
    "smart_sigma": 0.0020613225972442007,
    "smart_weight_xgb": 1.3694970879520456,
    "smart_weight_lgbm": 1.2113502170397177,
    "smart_weight_cat": 0.5863448660598983,
    "xgb_n_estimators": 588,
    "xgb_max_depth": 2,
    "xgb_learning_rate": 0.12932980786910253,
    "xgb_subsample": 0.5875210805834996,
    "xgb_colsample_bytree": 0.770574216276008,
    "xgb_reg_alpha": 4.177386305389824e-06,
    "xgb_reg_lambda": 0.026044646388733324,
    "xgb_min_child_weight": 12,
    "xgb_gamma": 0.5993066741002266,
    "xgb_grow_policy": "lossguide",
    "xgb_tree_method": "hist",
    "xgb_max_bin": 275,
    "lgb_n_estimators": 258,
    "lgb_max_depth": 8,
    "lgb_learning_rate": 0.012463634804409582,
    "lgb_num_leaves": 44,
    "lgb_subsample": 0.6229795754030129,
    "lgb_colsample_bytree": 0.6738871372558497,
    "lgb_reg_alpha": 0.0010443884671192491,
    "lgb_reg_lambda": 0.11420488402363185,
    "lgb_min_data_in_leaf": 50,
    "lgb_feature_fraction_bynode": 0.5998118768191648,
    "lgb_bagging_freq": 1,
    "lgb_min_gain_to_split": 0.03742133555370397,
    "cat_iterations": 166,
    "cat_depth": 4,
    "cat_learning_rate": 0.012764860136976112,
    "cat_l2_leaf_reg": 8.504840571888352,
    "cat_subsample": 0.8805147903948275,
    "cat_rsm": 0.7619062615829288,
    "cat_border_count": 222,
    "cat_random_strength": 2.650125307701332,
    "cat_leaf_estimation_iterations": 16,
    "cat_bootstrap_type": "Bayesian"
  },
  "best_trial": {
    "number": 179,
    "value": 43.02273083120456,
    "state": "1"
  },
  "best_trial_number": 179,
  "best_trial_seed": 221,
  "n_trials": 276,
  "pruned_count": 0,
  "avg_trial_time": 0.0,
  "top_k_trials": [],
  "study_name": "hpo_with_features_BIGCH_h1_c2",
  "symbols": [
    "BIGCH"
  ],
  "horizon": 1,
  "best_model_choice": "all",
  "feature_flags": {
    "enable_external_features": false,
    "enable_fingpt_features": false,
    "enable_yolo_features": true,
    "enable_directional_loss": false,
    "enable_seed_bagging": true,
    "enable_talib_patterns": false,
    "enable_smart_ensemble": true,
    "enable_stacked_short": false,
    "enable_meta_stacking": false,
    "enable_regime_detection": false,
    "enable_fingpt": true,
    "enable_talib_patterns_short": true
  },
  "feature_params": {
    "n_seeds": 4,
    "ml_adaptive_k_1d": 1.7913000518391986,
    "ml_pattern_weight_scale_1d": 0.843970375296614,
    "external_min_days": 31,
    "external_smooth_alpha": 0.2030568076744826,
    "yolo_min_conf": 0.44543118665231124,
    "smart_consensus_weight": 0.4945870072864525,
    "smart_performance_weight": 0.6105924364668754,
    "smart_sigma": 0.0020613225972442007,
    "smart_weight_xgb": 1.3694970879520456,
    "smart_weight_lgbm": 1.2113502170397177,
    "smart_weight_cat": 0.5863448660598983
  },
  "hyperparameters": {
    "model_choice": "all",
    "xgb_n_estimators": 588,
    "xgb_max_depth": 2,
    "xgb_learning_rate": 0.12932980786910253,
    "xgb_subsample": 0.5875210805834996,
    "xgb_colsample_bytree": 0.770574216276008,
    "xgb_reg_alpha": 4.177386305389824e-06,
    "xgb_reg_lambda": 0.026044646388733324,
    "xgb_min_child_weight": 12,
    "xgb_gamma": 0.5993066741002266,
    "xgb_grow_policy": "lossguide",
    "xgb_tree_method": "hist",
    "xgb_max_bin": 275,
    "lgb_n_estimators": 258,
    "lgb_max_depth": 8,
    "lgb_learning_rate": 0.012463634804409582,
    "lgb_num_leaves": 44,
    "lgb_subsample": 0.6229795754030129,
    "lgb_colsample_bytree": 0.6738871372558497,
    "lgb_reg_alpha": 0.0010443884671192491,
    "lgb_reg_lambda": 0.11420488402363185,
    "lgb_min_data_in_leaf": 50,
    "lgb_feature_fraction_bynode": 0.5998118768191648,
    "lgb_bagging_freq": 1,
    "lgb_min_gain_to_split": 0.03742133555370397,
    "cat_iterations": 166,
    "cat_depth": 4,
    "cat_learning_rate": 0.012764860136976112,
    "cat_l2_leaf_reg": 8.504840571888352,
    "cat_subsample": 0.8805147903948275,
    "cat_rsm": 0.7619062615829288,
    "cat_border_count": 222,
    "cat_random_strength": 2.650125307701332,
    "cat_leaf_estimation_iterations": 16,
    "cat_bootstrap_type": "Bayesian"
  },
  "features_enabled": {
    "ENABLE_EXTERNAL_FEATURES": "0",
    "ENABLE_FINGPT_FEATURES": "0",
    "ENABLE_YOLO_FEATURES": "1",
    "ML_USE_DIRECTIONAL_LOSS": "0",
    "ENABLE_SEED_BAGGING": "1",
    "ENABLE_TALIB_PATTERNS": "0",
    "ML_USE_SMART_ENSEMBLE": "1",
    "ML_USE_STACKED_SHORT": "0",
    "ENABLE_META_STACKING": "0",
    "ML_USE_REGIME_DETECTION": "0",
    "ENABLE_FINGPT": "1",
    "ML_USE_ADAPTIVE_LEARNING": "0",
    "ENABLE_XGBOOST": "1",
    "ENABLE_LIGHTGBM": "1",
    "ENABLE_CATBOOST": "1"
  },
  "best_trial_metrics": {
    "BIGCH_1d": {
      "symbol": "BIGCH",
      "horizon": 1,
      "split_metrics": [
        {
          "split_index": 1,
          "train_days": 445,
          "test_days": 30,
          "train_end_idx": 445,
          "test_end_idx": 475,
          "train_start": "2023-08-21T00:00:00",
          "train_end": "2025-06-10T00:00:00",
          "test_start": "2025-06-11T00:00:00",
          "test_end": "2025-07-23T00:00:00",
          "valid_predictions": 29,
          "model_metrics": {
            "xgboost": {
              "raw_r2": -0.0022825812406929527,
              "rmse": 0.03232703520956948,
              "mape": 1.9274416720147667,
              "confidence": 0.6231454228724669
            },
            "lightgbm": {
              "raw_r2": -0.0063512301584778275,
              "rmse": 0.03239212746134312,
              "mape": 1.8090884411329269,
              "confidence": 0.6198400591188191
            },
            "catboost": {
              "raw_r2": 0.0013237737814867367,
              "rmse": 0.03225824272768703,
              "mape": 1.7511343925298637,
              "confidence": 0.6260755622708136
            }
          },
          "dirhit": 80.0,
          "rmse": 0.04675948454999867,
          "mape": 115.80541945110663,
          "nrmse": 0.9888407894384141,
          "mask_count": 10,
          "mask_pct": 34.48275862068966,
          "low_support": false,
          "min_mask_count": 0,
          "min_mask_pct": 0.0,
          "ensemble_debug": {
            "historical_r2": {
              "xgboost": -0.0022825812406929527,
              "lightgbm": -0.0063512301584778275,
              "catboost": 0.0013237737814867367
            },
            "ensemble_weights": {
              "xgboost": 0.2983316338555081,
              "lightgbm": 0.26334460101021806,
              "catboost": 0.43832376513427385
            },
            "source": "model"
          }
        },
        {
          "split_index": 2,
          "train_days": 475,
          "test_days": 30,
          "train_end_idx": 475,
          "test_end_idx": 505,
          "train_start": "2023-08-21T00:00:00",
          "train_end": "2025-07-23T00:00:00",
          "test_start": "2025-07-24T00:00:00",
          "test_end": "2025-09-03T00:00:00",
          "valid_predictions": 29,
          "model_metrics": {
            "xgboost": {
              "raw_r2": -0.005539701761626843,
              "rmse": 0.03444531986449735,