{
  "best_value": 82.53968253968253,
  "best_dirhit": 82.53968253968253,
  "best_params": {
    "enable_external_features": false,
    "enable_fingpt_features": false,
    "enable_yolo_features": false,
    "enable_directional_loss": false,
    "enable_seed_bagging": true,
    "enable_talib_patterns": false,
    "enable_smart_ensemble": true,
    "enable_stacked_short": false,
    "enable_meta_stacking": true,
    "enable_regime_detection": true,
    "enable_fingpt": false,
    "model_choice": "all",
    "n_seeds": 3,
    "meta_stacking_alpha": 5.525177112797038,
    "ml_adaptive_k_1d": 1.039724783620587,
    "ml_pattern_weight_scale_1d": 1.1039539325488248,
    "enable_talib_patterns_short": false,
    "external_min_days": 38,
    "external_smooth_alpha": 0.20666939436831525,
    "regime_scale_low": 0.9741516167133754,
    "regime_scale_high": 1.1108959876017628,
    "smart_consensus_weight": 0.3196666047239545,
    "smart_performance_weight": 0.4980307824728508,
    "smart_sigma": 0.005420307484481881,
    "smart_weight_xgb": 1.195409025686076,
    "smart_weight_lgbm": 0.6195890155681287,
    "smart_weight_cat": 1.470453385127836,
    "xgb_n_estimators": 448,
    "xgb_max_depth": 2,
    "xgb_learning_rate": 0.06280954479545951,
    "xgb_subsample": 0.7682161761994382,
    "xgb_colsample_bytree": 0.6275580150887694,
    "xgb_reg_alpha": 0.0004618540523880066,
    "xgb_reg_lambda": 1.195992935457135,
    "xgb_min_child_weight": 9,
    "xgb_gamma": 0.42420144573005875,
    "xgb_grow_policy": "depthwise",
    "xgb_tree_method": "hist",
    "xgb_max_bin": 153,
    "lgb_n_estimators": 459,
    "lgb_max_depth": 5,
    "lgb_learning_rate": 0.03085688968471517,
    "lgb_num_leaves": 52,
    "lgb_subsample": 0.5304540497872261,
    "lgb_colsample_bytree": 0.7950351462010425,
    "lgb_reg_alpha": 0.14386032999271214,
    "lgb_reg_lambda": 0.00018745885268623953,
    "lgb_min_data_in_leaf": 23,
    "lgb_feature_fraction_bynode": 0.6402945631259019,
    "lgb_bagging_freq": 6,
    "lgb_min_gain_to_split": 0.3079929022990439,
    "cat_iterations": 365,
    "cat_depth": 2,
    "cat_learning_rate": 0.011083976931898163,
    "cat_l2_leaf_reg": 9.552739473566286,
    "cat_subsample": 0.6205828156181462,
    "cat_rsm": 0.5341515185613064,
    "cat_border_count": 75,
    "cat_random_strength": 3.17815292356323,
    "cat_leaf_estimation_iterations": 8,
    "cat_bootstrap_type": "MVS"
  },
  "best_trial": {
    "number": 780,
    "value": 52.53001585424334,
    "state": "1"
  },
  "best_trial_number": 780,
  "best_trial_seed": 822,
  "n_trials": 995,
  "pruned_count": 0,
  "avg_trial_time": 0.0,
  "top_k_trials": [],
  "study_name": "hpo_with_features_ENDAE_h1_c2",
  "symbols": [
    "ENDAE"
  ],
  "horizon": 1,
  "best_model_choice": "all",
  "feature_flags": {
    "enable_external_features": false,
    "enable_fingpt_features": false,
    "enable_yolo_features": false,
    "enable_directional_loss": false,
    "enable_seed_bagging": true,
    "enable_talib_patterns": false,
    "enable_smart_ensemble": true,
    "enable_stacked_short": false,
    "enable_meta_stacking": true,
    "enable_regime_detection": true,
    "enable_fingpt": false,
    "enable_talib_patterns_short": false
  },
  "feature_params": {
    "n_seeds": 3,
    "meta_stacking_alpha": 5.525177112797038,
    "ml_adaptive_k_1d": 1.039724783620587,
    "ml_pattern_weight_scale_1d": 1.1039539325488248,
    "external_min_days": 38,
    "external_smooth_alpha": 0.20666939436831525,
    "regime_scale_low": 0.9741516167133754,
    "regime_scale_high": 1.1108959876017628,
    "smart_consensus_weight": 0.3196666047239545,
    "smart_performance_weight": 0.4980307824728508,
    "smart_sigma": 0.005420307484481881,
    "smart_weight_xgb": 1.195409025686076,
    "smart_weight_lgbm": 0.6195890155681287,
    "smart_weight_cat": 1.470453385127836
  },
  "hyperparameters": {
    "model_choice": "all",
    "xgb_n_estimators": 448,
    "xgb_max_depth": 2,
    "xgb_learning_rate": 0.06280954479545951,
    "xgb_subsample": 0.7682161761994382,
    "xgb_colsample_bytree": 0.6275580150887694,
    "xgb_reg_alpha": 0.0004618540523880066,
    "xgb_reg_lambda": 1.195992935457135,
    "xgb_min_child_weight": 9,
    "xgb_gamma": 0.42420144573005875,
    "xgb_grow_policy": "depthwise",
    "xgb_tree_method": "hist",
    "xgb_max_bin": 153,
    "lgb_n_estimators": 459,
    "lgb_max_depth": 5,
    "lgb_learning_rate": 0.03085688968471517,
    "lgb_num_leaves": 52,
    "lgb_subsample": 0.5304540497872261,
    "lgb_colsample_bytree": 0.7950351462010425,
    "lgb_reg_alpha": 0.14386032999271214,
    "lgb_reg_lambda": 0.00018745885268623953,
    "lgb_min_data_in_leaf": 23,
    "lgb_feature_fraction_bynode": 0.6402945631259019,
    "lgb_bagging_freq": 6,
    "lgb_min_gain_to_split": 0.3079929022990439,
    "cat_iterations": 365,
    "cat_depth": 2,
    "cat_learning_rate": 0.011083976931898163,
    "cat_l2_leaf_reg": 9.552739473566286,
    "cat_subsample": 0.6205828156181462,
    "cat_rsm": 0.5341515185613064,
    "cat_border_count": 75,
    "cat_random_strength": 3.17815292356323,
    "cat_leaf_estimation_iterations": 8,
    "cat_bootstrap_type": "MVS"
  },
  "features_enabled": {
    "ENABLE_EXTERNAL_FEATURES": "0",
    "ENABLE_FINGPT_FEATURES": "0",
    "ENABLE_YOLO_FEATURES": "0",
    "ML_USE_DIRECTIONAL_LOSS": "0",
    "ENABLE_SEED_BAGGING": "1",
    "ENABLE_TALIB_PATTERNS": "0",
    "ML_USE_SMART_ENSEMBLE": "1",
    "ML_USE_STACKED_SHORT": "0",
    "ENABLE_META_STACKING": "1",
    "ML_USE_REGIME_DETECTION": "1",
    "ENABLE_FINGPT": "0",
    "ML_USE_ADAPTIVE_LEARNING": "0",
    "ENABLE_XGBOOST": "1",
    "ENABLE_LIGHTGBM": "1",
    "ENABLE_CATBOOST": "1"
  },
  "best_trial_metrics": {
    "ENDAE_1d": {
      "symbol": "ENDAE",
      "horizon": 1,
      "split_metrics": [
        {
          "split_index": 1,
          "train_days": 132,
          "test_days": 30,
          "train_end_idx": 132,
          "test_end_idx": 162,
          "train_start": "2025-02-13T00:00:00",
          "train_end": "2025-08-27T00:00:00",
          "test_start": "2025-08-28T00:00:00",
          "test_end": "2025-10-08T00:00:00",
          "valid_predictions": 29,
          "model_metrics": {
            "xgboost": {
              "raw_r2": -0.24031969057353245,
              "rmse": 0.04404771401259953,
              "mape": 1.612901054410976,
              "confidence": 0.4502741387437841
            },
            "lightgbm": {
              "raw_r2": -0.1373277298545461,
              "rmse": 0.041896287956890814,
              "mape": 1.7448787728373922,
              "confidence": 0.5176078054354905
            },
            "catboost": {
              "raw_r2": -0.1138623992002759,
              "rmse": 0.04156916305469245,
              "mape": 1.6792547995101568,
              "confidence": 0.5349071356674926
            }
          },
          "dirhit": 76.19047619047619,
          "rmse": 0.022547443698466767,
          "mape": 830507.6757065473,
          "nrmse": 0.9003728813120819,
          "mask_count": 21,
          "mask_pct": 72.41379310344827,
          "low_support": false,
          "min_mask_count": 10,
          "min_mask_pct": 5.0
        },
        {
          "split_index": 2,
          "train_days": 162,
          "test_days": 30,
          "train_end_idx": 162,
          "test_end_idx": 192,
          "train_start": "2025-02-13T00:00:00",
          "train_end": "2025-10-08T00:00:00",
          "test_start": "2025-10-09T00:00:00",
          "test_end": "2025-11-20T00:00:00",
          "valid_predictions": 29,
          "model_metrics": {
            "xgboost": {
              "raw_r2": -0.07655004245651176,
              "rmse": 0.03808123703015727,
              "mape": 1.596041440355594,
              "confidence": 0.5635514381028396
            },
            "lightgbm": {
              "raw_r2": -0.06043187388655132,
              "rmse": 0.03797547989376379,
              "mape": 1.6819017220768828,