{
  "best_value": 79.04761904761905,
  "best_dirhit": 65.53571428571428,
  "best_params": {
    "enable_external_features": false,
    "enable_fingpt_features": true,
    "enable_yolo_features": true,
    "enable_directional_loss": false,
    "enable_seed_bagging": false,
    "enable_talib_patterns": false,
    "enable_smart_ensemble": true,
    "enable_stacked_short": false,
    "enable_meta_stacking": false,
    "enable_regime_detection": true,
    "enable_fingpt": true,
    "model_choice": "all",
    "ml_adaptive_k_1d": 2.26556025284835,
    "ml_pattern_weight_scale_1d": 0.634842968673324,
    "enable_talib_patterns_short": true,
    "external_min_days": 44,
    "external_smooth_alpha": 0.15029916402588273,
    "regime_scale_low": 0.9630216681456873,
    "regime_scale_high": 1.1935357415965206,
    "yolo_min_conf": 0.4126990468914453,
    "smart_consensus_weight": 0.7171881576469169,
    "smart_performance_weight": 0.2497956390147267,
    "smart_sigma": 0.001085055485012558,
    "smart_weight_xgb": 1.369438750216804,
    "smart_weight_lgbm": 0.5959832467772966,
    "smart_weight_cat": 0.9923681282042613,
    "fingpt_confidence_threshold": 0.4025629167144346,
    "xgb_n_estimators": 239,
    "xgb_max_depth": 4,
    "xgb_learning_rate": 0.11440360369611319,
    "xgb_subsample": 0.595410730837335,
    "xgb_colsample_bytree": 0.5682794000823392,
    "xgb_reg_alpha": 6.419646385497293e-05,
    "xgb_reg_lambda": 6.322780543845206,
    "xgb_min_child_weight": 6,
    "xgb_gamma": 0.025341349003437673,
    "xgb_grow_policy": "depthwise",
    "xgb_tree_method": "hist",
    "xgb_max_bin": 347,
    "lgb_n_estimators": 128,
    "lgb_max_depth": 3,
    "lgb_learning_rate": 0.013116775128030559,
    "lgb_num_leaves": 50,
    "lgb_subsample": 0.6769352998731,
    "lgb_colsample_bytree": 0.6014340684071864,
    "lgb_reg_alpha": 0.8761430828783349,
    "lgb_reg_lambda": 0.1755067802479322,
    "lgb_min_data_in_leaf": 10,
    "lgb_feature_fraction_bynode": 0.8341993340887361,
    "lgb_bagging_freq": 3,
    "lgb_min_gain_to_split": 0.5869424604553989,
    "cat_iterations": 132,
    "cat_depth": 5,
    "cat_learning_rate": 0.0668859642919537,
    "cat_l2_leaf_reg": 9.968640200271857,
    "cat_subsample": 0.6974632292488911,
    "cat_rsm": 0.7163397998745547,
    "cat_border_count": 180,
    "cat_random_strength": 1.1298121478580845,
    "cat_leaf_estimation_iterations": 20,
    "cat_bootstrap_type": "No"
  },
  "best_trial": {
    "number": 174,
    "value": 39.83279453588805,
    "state": "1"
  },
  "best_trial_number": 174,
  "best_trial_seed": 216,
  "n_trials": 1423,
  "pruned_count": 0,
  "avg_trial_time": 0.0,
  "top_k_trials": [],
  "study_name": "hpo_with_features_CMBTN_h1_c2",
  "symbols": [
    "CMBTN"
  ],
  "horizon": 1,
  "best_model_choice": "all",
  "feature_flags": {
    "enable_external_features": false,
    "enable_fingpt_features": true,
    "enable_yolo_features": true,
    "enable_directional_loss": false,
    "enable_seed_bagging": false,
    "enable_talib_patterns": false,
    "enable_smart_ensemble": true,
    "enable_stacked_short": false,
    "enable_meta_stacking": false,
    "enable_regime_detection": true,
    "enable_fingpt": true,
    "enable_talib_patterns_short": true
  },
  "feature_params": {
    "ml_adaptive_k_1d": 2.26556025284835,
    "ml_pattern_weight_scale_1d": 0.634842968673324,
    "external_min_days": 44,
    "external_smooth_alpha": 0.15029916402588273,
    "regime_scale_low": 0.9630216681456873,
    "regime_scale_high": 1.1935357415965206,
    "yolo_min_conf": 0.4126990468914453,
    "smart_consensus_weight": 0.7171881576469169,
    "smart_performance_weight": 0.2497956390147267,
    "smart_sigma": 0.001085055485012558,
    "smart_weight_xgb": 1.369438750216804,
    "smart_weight_lgbm": 0.5959832467772966,
    "smart_weight_cat": 0.9923681282042613,
    "fingpt_confidence_threshold": 0.4025629167144346
  },
  "hyperparameters": {
    "model_choice": "all",
    "xgb_n_estimators": 239,
    "xgb_max_depth": 4,
    "xgb_learning_rate": 0.11440360369611319,
    "xgb_subsample": 0.595410730837335,
    "xgb_colsample_bytree": 0.5682794000823392,
    "xgb_reg_alpha": 6.419646385497293e-05,
    "xgb_reg_lambda": 6.322780543845206,
    "xgb_min_child_weight": 6,
    "xgb_gamma": 0.025341349003437673,
    "xgb_grow_policy": "depthwise",
    "xgb_tree_method": "hist",
    "xgb_max_bin": 347,
    "lgb_n_estimators": 128,
    "lgb_max_depth": 3,
    "lgb_learning_rate": 0.013116775128030559,
    "lgb_num_leaves": 50,
    "lgb_subsample": 0.6769352998731,
    "lgb_colsample_bytree": 0.6014340684071864,
    "lgb_reg_alpha": 0.8761430828783349,
    "lgb_reg_lambda": 0.1755067802479322,
    "lgb_min_data_in_leaf": 10,
    "lgb_feature_fraction_bynode": 0.8341993340887361,
    "lgb_bagging_freq": 3,
    "lgb_min_gain_to_split": 0.5869424604553989,
    "cat_iterations": 132,
    "cat_depth": 5,
    "cat_learning_rate": 0.0668859642919537,
    "cat_l2_leaf_reg": 9.968640200271857,
    "cat_subsample": 0.6974632292488911,
    "cat_rsm": 0.7163397998745547,
    "cat_border_count": 180,
    "cat_random_strength": 1.1298121478580845,
    "cat_leaf_estimation_iterations": 20,
    "cat_bootstrap_type": "No"
  },
  "features_enabled": {
    "ENABLE_EXTERNAL_FEATURES": "0",
    "ENABLE_FINGPT_FEATURES": "1",
    "ENABLE_YOLO_FEATURES": "1",
    "ML_USE_DIRECTIONAL_LOSS": "0",
    "ENABLE_SEED_BAGGING": "0",
    "ENABLE_TALIB_PATTERNS": "0",
    "ML_USE_SMART_ENSEMBLE": "1",
    "ML_USE_STACKED_SHORT": "0",
    "ENABLE_META_STACKING": "0",
    "ML_USE_REGIME_DETECTION": "1",
    "ENABLE_FINGPT": "1",
    "ML_USE_ADAPTIVE_LEARNING": "0",
    "ENABLE_XGBOOST": "1",
    "ENABLE_LIGHTGBM": "1",
    "ENABLE_CATBOOST": "1"
  },
  "best_trial_metrics": {
    "CMBTN_1d": {
      "symbol": "CMBTN",
      "horizon": 1,
      "split_metrics": [
        {
          "split_index": 1,
          "train_days": 451,
          "test_days": 30,
          "train_end_idx": 451,
          "test_end_idx": 481,
          "train_start": "2023-08-21T00:00:00",
          "train_end": "2025-06-11T00:00:00",
          "test_start": "2025-06-12T00:00:00",
          "test_end": "2025-07-24T00:00:00",
          "valid_predictions": 29,
          "model_metrics": {
            "xgboost": {
              "raw_r2": 0.01913317741284874,
              "rmse": 0.033547858931779424,
              "mape": 1.618125340718768,
              "confidence": 0.6405338613456226
            },
            "lightgbm": {
              "raw_r2": -0.0631799427016515,
              "rmse": 0.03508468805143566,
              "mape": 1.530232858363851,
              "confidence": 0.5740889728263879
            },
            "catboost": {
              "raw_r2": 0.010959282628358435,
              "rmse": 0.03348444309338439,
              "mape": 1.5471184961057136,
              "confidence": 0.6339021897359776
            }
          },
          "dirhit": 71.42857142857143,
          "rmse": 0.031195397367528844,
          "mape": 131.4873901876531,
          "nrmse": 0.9692710158456239,
          "mask_count": 7,
          "mask_pct": 24.137931034482758,
          "low_support": false,
          "min_mask_count": 0,
          "min_mask_pct": 0.0,
          "ensemble_debug": {
            "historical_r2": {
              "xgboost": 0.01913317741284874,
              "lightgbm": -0.0631799427016515,
              "catboost": 0.010959282628358435
            },
            "ensemble_weights": {
              "xgboost": 0.46414472672350815,
              "lightgbm": 0.1998696332859801,
              "catboost": 0.3359856399905118
            },
            "source": "model"
          }
        },
        {
          "split_index": 2,
          "train_days": 481,
          "test_days": 30,
          "train_end_idx": 481,
          "test_end_idx": 511,
          "train_start": "2023-08-21T00:00:00",
          "train_end": "2025-07-24T00:00:00",
          "test_start": "2025-07-25T00:00:00",