{
  "best_value": 71.25,
  "best_dirhit": 73.125,
  "best_params": {
    "enable_external_features": false,
    "enable_fingpt_features": true,
    "enable_yolo_features": true,
    "enable_directional_loss": false,
    "enable_seed_bagging": false,
    "enable_talib_patterns": false,
    "enable_smart_ensemble": true,
    "enable_stacked_short": false,
    "enable_meta_stacking": false,
    "enable_regime_detection": true,
    "enable_fingpt": true,
    "model_choice": "all",
    "ml_adaptive_k_1d": 1.3993475643167195,
    "ml_pattern_weight_scale_1d": 1.2713516576204174,
    "enable_talib_patterns_short": true,
    "external_min_days": 44,
    "external_smooth_alpha": 0.1267358556592812,
    "regime_scale_low": 0.8117092867373503,
    "regime_scale_high": 1.1907993967055999,
    "yolo_min_conf": 0.7828160165372797,
    "smart_consensus_weight": 0.7041986740582306,
    "smart_performance_weight": 0.35230688458668535,
    "smart_sigma": 0.0013399060561509793,
    "smart_weight_xgb": 1.1842330265121568,
    "smart_weight_lgbm": 0.9401524937396013,
    "smart_weight_cat": 0.6220382348447788,
    "fingpt_confidence_threshold": 0.34855307303338107,
    "xgb_n_estimators": 165,
    "xgb_max_depth": 6,
    "xgb_learning_rate": 0.020153425505297702,
    "xgb_subsample": 0.7650089137415927,
    "xgb_colsample_bytree": 0.6246844304357644,
    "xgb_reg_alpha": 0.0013194961490425666,
    "xgb_reg_lambda": 0.37065955814875856,
    "xgb_min_child_weight": 7,
    "xgb_gamma": 0.755681014127442,
    "xgb_grow_policy": "lossguide",
    "xgb_tree_method": "hist",
    "xgb_max_bin": 472,
    "lgb_n_estimators": 407,
    "lgb_max_depth": 8,
    "lgb_learning_rate": 0.01303561122512888,
    "lgb_num_leaves": 18,
    "lgb_subsample": 0.5180909155642153,
    "lgb_colsample_bytree": 0.6301321323053057,
    "lgb_reg_alpha": 0.0003292379844056765,
    "lgb_reg_lambda": 0.001979459933014259,
    "lgb_min_data_in_leaf": 85,
    "lgb_feature_fraction_bynode": 0.6783766633467947,
    "lgb_bagging_freq": 3,
    "lgb_min_gain_to_split": 0.5426960831582485,
    "cat_iterations": 187,
    "cat_depth": 7,
    "cat_learning_rate": 0.012502377950801122,
    "cat_l2_leaf_reg": 9.881982429404655,
    "cat_subsample": 0.8475101461834957,
    "cat_rsm": 0.5894220566903776,
    "cat_border_count": 17,
    "cat_random_strength": 2.429095036825495,
    "cat_leaf_estimation_iterations": 15,
    "cat_bootstrap_type": "Bernoulli"
  },
  "best_trial": {
    "number": 8,
    "value": 45.17995839279283,
    "state": "1"
  },
  "best_trial_number": 8,
  "best_trial_seed": 50,
  "n_trials": 35,
  "pruned_count": 0,
  "avg_trial_time": 0.0,
  "top_k_trials": [],
  "study_name": "hpo_with_features_GEDIK_h1_c2",
  "symbols": [
    "GEDIK"
  ],
  "horizon": 1,
  "best_model_choice": "all",
  "feature_flags": {
    "enable_external_features": false,
    "enable_fingpt_features": true,
    "enable_yolo_features": true,
    "enable_directional_loss": false,
    "enable_seed_bagging": false,
    "enable_talib_patterns": false,
    "enable_smart_ensemble": true,
    "enable_stacked_short": false,
    "enable_meta_stacking": false,
    "enable_regime_detection": true,
    "enable_fingpt": true,
    "enable_talib_patterns_short": true
  },
  "feature_params": {
    "ml_adaptive_k_1d": 1.3993475643167195,
    "ml_pattern_weight_scale_1d": 1.2713516576204174,
    "external_min_days": 44,
    "external_smooth_alpha": 0.1267358556592812,
    "regime_scale_low": 0.8117092867373503,
    "regime_scale_high": 1.1907993967055999,
    "yolo_min_conf": 0.7828160165372797,
    "smart_consensus_weight": 0.7041986740582306,
    "smart_performance_weight": 0.35230688458668535,
    "smart_sigma": 0.0013399060561509793,
    "smart_weight_xgb": 1.1842330265121568,
    "smart_weight_lgbm": 0.9401524937396013,
    "smart_weight_cat": 0.6220382348447788,
    "fingpt_confidence_threshold": 0.34855307303338107
  },
  "hyperparameters": {
    "model_choice": "all",
    "xgb_n_estimators": 165,
    "xgb_max_depth": 6,
    "xgb_learning_rate": 0.020153425505297702,
    "xgb_subsample": 0.7650089137415927,
    "xgb_colsample_bytree": 0.6246844304357644,
    "xgb_reg_alpha": 0.0013194961490425666,
    "xgb_reg_lambda": 0.37065955814875856,
    "xgb_min_child_weight": 7,
    "xgb_gamma": 0.755681014127442,
    "xgb_grow_policy": "lossguide",
    "xgb_tree_method": "hist",
    "xgb_max_bin": 472,
    "lgb_n_estimators": 407,
    "lgb_max_depth": 8,
    "lgb_learning_rate": 0.01303561122512888,
    "lgb_num_leaves": 18,
    "lgb_subsample": 0.5180909155642153,
    "lgb_colsample_bytree": 0.6301321323053057,
    "lgb_reg_alpha": 0.0003292379844056765,
    "lgb_reg_lambda": 0.001979459933014259,
    "lgb_min_data_in_leaf": 85,
    "lgb_feature_fraction_bynode": 0.6783766633467947,
    "lgb_bagging_freq": 3,
    "lgb_min_gain_to_split": 0.5426960831582485,
    "cat_iterations": 187,
    "cat_depth": 7,
    "cat_learning_rate": 0.012502377950801122,
    "cat_l2_leaf_reg": 9.881982429404655,
    "cat_subsample": 0.8475101461834957,
    "cat_rsm": 0.5894220566903776,
    "cat_border_count": 17,
    "cat_random_strength": 2.429095036825495,
    "cat_leaf_estimation_iterations": 15,
    "cat_bootstrap_type": "Bernoulli"
  },
  "features_enabled": {
    "ENABLE_EXTERNAL_FEATURES": "0",
    "ENABLE_FINGPT_FEATURES": "1",
    "ENABLE_YOLO_FEATURES": "1",
    "ML_USE_DIRECTIONAL_LOSS": "0",
    "ENABLE_SEED_BAGGING": "0",
    "ENABLE_TALIB_PATTERNS": "0",
    "ML_USE_SMART_ENSEMBLE": "1",
    "ML_USE_STACKED_SHORT": "0",
    "ENABLE_META_STACKING": "0",
    "ML_USE_REGIME_DETECTION": "1",
    "ENABLE_FINGPT": "1",
    "ML_USE_ADAPTIVE_LEARNING": "0",
    "ENABLE_XGBOOST": "1",
    "ENABLE_LIGHTGBM": "1",
    "ENABLE_CATBOOST": "1"
  },
  "best_trial_metrics": {
    "GEDIK_1d": {
      "symbol": "GEDIK",
      "horizon": 1,
      "split_metrics": [
        {
          "split_index": 1,
          "train_days": 455,
          "test_days": 30,
          "train_end_idx": 455,
          "test_end_idx": 485,
          "train_start": "2023-08-21T00:00:00",
          "train_end": "2025-06-16T00:00:00",
          "test_start": "2025-06-17T00:00:00",
          "test_end": "2025-07-29T00:00:00",
          "valid_predictions": 29,
          "model_metrics": {
            "xgboost": {
              "raw_r2": -0.00689800501263127,
              "rmse": 0.023696676736817905,
              "mape": 1.9058672895914097,
              "confidence": 0.6193959264488886
            },
            "lightgbm": {
              "raw_r2": -0.0015178334939317157,
              "rmse": 0.023632275360161152,
              "mape": 1.8174986726672508,
              "confidence": 0.6237667662052307
            },
            "catboost": {
              "raw_r2": 0.011309948514934462,
              "rmse": 0.023479514497369947,
              "mape": 1.7235213134988632,
              "confidence": 0.6341868850909148
            }
          },
          "dirhit": 80.0,
          "rmse": 0.07378550190476649,
          "mape": 102.02270769739232,
          "nrmse": 0.9929233523362837,
          "mask_count": 5,
          "mask_pct": 17.24137931034483,
          "low_support": false,
          "min_mask_count": 0,
          "min_mask_pct": 0.0,
          "ensemble_debug": {
            "historical_r2": {
              "xgboost": -0.00689800501263127,
              "lightgbm": -0.0015178334939317157,
              "catboost": 0.011309948514934462
            },
            "ensemble_weights": {
              "xgboost": 0.18220662476547128,
              "lightgbm": 0.1450419353990833,
              "catboost": 0.6727514398354454
            },
            "source": "model"
          }
        },
        {
          "split_index": 2,
          "train_days": 485,
          "test_days": 30,
          "train_end_idx": 485,
          "test_end_idx": 515,
          "train_start": "2023-08-21T00:00:00",
          "train_end": "2025-07-29T00:00:00",
          "test_start": "2025-07-30T00:00:00",