{
  "best_value": 61.506477591036415,
  "best_dirhit": 61.506477591036415,
  "best_params": {
    "enable_external_features": false,
    "enable_fingpt_features": false,
    "enable_yolo_features": true,
    "enable_directional_loss": true,
    "enable_seed_bagging": true,
    "enable_talib_patterns": false,
    "enable_smart_ensemble": false,
    "enable_stacked_short": true,
    "enable_meta_stacking": false,
    "enable_regime_detection": false,
    "enable_fingpt": false,
    "model_choice": "all",
    "ml_loss_mse_weight": 0.5991790624682068,
    "ml_loss_threshold": 0.002700034716643182,
    "ml_dir_penalty": 4.374227157046041,
    "n_seeds": 2,
    "ml_adaptive_k_1d": 1.4328084066663993,
    "ml_pattern_weight_scale_1d": 1.8655021230179551,
    "enable_talib_patterns_short": true,
    "external_min_days": 44,
    "external_smooth_alpha": 0.24384152645478874,
    "yolo_min_conf": 0.6097894579556978,
    "xgb_n_estimators": 282,
    "xgb_max_depth": 6,
    "xgb_learning_rate": 0.08826281148763374,
    "xgb_subsample": 0.8918486877123513,
    "xgb_colsample_bytree": 0.8583876699729257,
    "xgb_reg_alpha": 0.08262948904725682,
    "xgb_reg_lambda": 0.3121233956838247,
    "xgb_min_child_weight": 12,
    "xgb_gamma": 0.0007300380837952022,
    "xgb_grow_policy": "depthwise",
    "xgb_tree_method": "hist",
    "xgb_max_bin": 282,
    "lgb_n_estimators": 147,
    "lgb_max_depth": 5,
    "lgb_learning_rate": 0.010689580552081255,
    "lgb_num_leaves": 36,
    "lgb_subsample": 0.7061452612772328,
    "lgb_colsample_bytree": 0.6256753288317329,
    "lgb_reg_alpha": 0.6713336774426837,
    "lgb_reg_lambda": 0.0008878346773766642,
    "lgb_min_data_in_leaf": 75,
    "lgb_feature_fraction_bynode": 0.6677910703840273,
    "lgb_bagging_freq": 3,
    "lgb_min_gain_to_split": 0.45541656052932883,
    "cat_iterations": 348,
    "cat_depth": 7,
    "cat_learning_rate": 0.01750993467397752,
    "cat_l2_leaf_reg": 2.590934871700646,
    "cat_subsample": 0.9285929221454754,
    "cat_rsm": 0.691223984617456,
    "cat_border_count": 21,
    "cat_random_strength": 0.13770704857964555,
    "cat_leaf_estimation_iterations": 9,
    "cat_bootstrap_type": "Bayesian"
  },
  "best_trial": {
    "number": 172,
    "value": 36.99103201179153,
    "state": "1"
  },
  "best_trial_number": 172,
  "best_trial_seed": 214,
  "n_trials": 260,
  "pruned_count": 0,
  "avg_trial_time": 0.0,
  "top_k_trials": [],
  "study_name": "hpo_with_features_DURDO_h1_c2",
  "symbols": [
    "DURDO"
  ],
  "horizon": 1,
  "best_model_choice": "all",
  "feature_flags": {
    "enable_external_features": false,
    "enable_fingpt_features": false,
    "enable_yolo_features": true,
    "enable_directional_loss": true,
    "enable_seed_bagging": true,
    "enable_talib_patterns": false,
    "enable_smart_ensemble": false,
    "enable_stacked_short": true,
    "enable_meta_stacking": false,
    "enable_regime_detection": false,
    "enable_fingpt": false,
    "enable_talib_patterns_short": true
  },
  "feature_params": {
    "ml_loss_mse_weight": 0.5991790624682068,
    "ml_loss_threshold": 0.002700034716643182,
    "ml_dir_penalty": 4.374227157046041,
    "n_seeds": 2,
    "ml_adaptive_k_1d": 1.4328084066663993,
    "ml_pattern_weight_scale_1d": 1.8655021230179551,
    "external_min_days": 44,
    "external_smooth_alpha": 0.24384152645478874,
    "yolo_min_conf": 0.6097894579556978
  },
  "hyperparameters": {
    "model_choice": "all",
    "xgb_n_estimators": 282,
    "xgb_max_depth": 6,
    "xgb_learning_rate": 0.08826281148763374,
    "xgb_subsample": 0.8918486877123513,
    "xgb_colsample_bytree": 0.8583876699729257,
    "xgb_reg_alpha": 0.08262948904725682,
    "xgb_reg_lambda": 0.3121233956838247,
    "xgb_min_child_weight": 12,
    "xgb_gamma": 0.0007300380837952022,
    "xgb_grow_policy": "depthwise",
    "xgb_tree_method": "hist",
    "xgb_max_bin": 282,
    "lgb_n_estimators": 147,
    "lgb_max_depth": 5,
    "lgb_learning_rate": 0.010689580552081255,
    "lgb_num_leaves": 36,
    "lgb_subsample": 0.7061452612772328,
    "lgb_colsample_bytree": 0.6256753288317329,
    "lgb_reg_alpha": 0.6713336774426837,
    "lgb_reg_lambda": 0.0008878346773766642,
    "lgb_min_data_in_leaf": 75,
    "lgb_feature_fraction_bynode": 0.6677910703840273,
    "lgb_bagging_freq": 3,
    "lgb_min_gain_to_split": 0.45541656052932883,
    "cat_iterations": 348,
    "cat_depth": 7,
    "cat_learning_rate": 0.01750993467397752,
    "cat_l2_leaf_reg": 2.590934871700646,
    "cat_subsample": 0.9285929221454754,
    "cat_rsm": 0.691223984617456,
    "cat_border_count": 21,
    "cat_random_strength": 0.13770704857964555,
    "cat_leaf_estimation_iterations": 9,
    "cat_bootstrap_type": "Bayesian"
  },
  "features_enabled": {
    "ENABLE_EXTERNAL_FEATURES": "0",
    "ENABLE_FINGPT_FEATURES": "0",
    "ENABLE_YOLO_FEATURES": "1",
    "ML_USE_DIRECTIONAL_LOSS": "1",
    "ENABLE_SEED_BAGGING": "1",
    "ENABLE_TALIB_PATTERNS": "0",
    "ML_USE_SMART_ENSEMBLE": "0",
    "ML_USE_STACKED_SHORT": "1",
    "ENABLE_META_STACKING": "0",
    "ML_USE_REGIME_DETECTION": "0",
    "ENABLE_FINGPT": "0",
    "ML_USE_ADAPTIVE_LEARNING": "0",
    "ENABLE_XGBOOST": "1",
    "ENABLE_LIGHTGBM": "1",
    "ENABLE_CATBOOST": "1"
  },
  "best_trial_metrics": {
    "DURDO_1d": {
      "symbol": "DURDO",
      "horizon": 1,
      "split_metrics": [
        {
          "split_index": 1,
          "train_days": 452,
          "test_days": 30,
          "train_end_idx": 452,
          "test_end_idx": 482,
          "train_start": "2023-08-21T00:00:00",
          "train_end": "2025-06-11T00:00:00",
          "test_start": "2025-06-12T00:00:00",
          "test_end": "2025-07-24T00:00:00",
          "valid_predictions": 29,
          "model_metrics": {
            "xgboost": {
              "raw_r2": -0.07533719808727331,
              "rmse": 0.04373112985027793,
              "mape": 1.541358656863919,
              "confidence": 0.5645021885222594
            },
            "lightgbm": {
              "raw_r2": -0.009739517997627919,
              "rmse": 0.0423868090586112,
              "mape": 1.8481808205336705,
              "confidence": 0.6170882051041087
            },
            "catboost": {
              "raw_r2": -0.005932145381490265,
              "rmse": 0.04237213258329554,
              "mape": 1.8149252331851156,
              "confidence": 0.6201804852065391
            }
          },
          "dirhit": 56.25,
          "rmse": 0.03179499416512199,
          "mape": 3878889.9352127695,
          "nrmse": 1.016535990925384,
          "mask_count": 16,
          "mask_pct": 55.172413793103445,
          "low_support": false,
          "min_mask_count": 0,
          "min_mask_pct": 0.0
        },
        {
          "split_index": 2,
          "train_days": 482,
          "test_days": 30,
          "train_end_idx": 482,
          "test_end_idx": 512,
          "train_start": "2023-08-21T00:00:00",
          "train_end": "2025-07-24T00:00:00",
          "test_start": "2025-07-25T00:00:00",
          "test_end": "2025-09-04T00:00:00",
          "valid_predictions": 29,
          "model_metrics": {
            "xgboost": {
              "raw_r2": -0.17386053938023807,
              "rmse": 0.04353804498895,
              "mape": 1.514583937952885,
              "confidence": 0.4920096210398818
            },
            "lightgbm": {
              "raw_r2": -0.011250672608452916,
              "rmse": 0.04157186615567527,
              "mape": 1.8613238244459025,
              "confidence": 0.6158612383011133
            },
            "catboost": {
              "raw_r2": -0.00480401626674339,
              "rmse": 0.04149472928792446,
              "mape": 1.8115215521447463,
              "confidence": 0.6210969244427402
            }
          },
          "dirhit": 47.61904761904761,
          "rmse": 0.044381095211157774,
          "mape": 154.98996053127306,
          "nrmse": 1.0236844077971663,
          "mask_count": 21,