{
  "best_value": 70.97902097902099,
  "best_dirhit": 70.97902097902099,
  "best_params": {
    "enable_external_features": false,
    "enable_fingpt_features": true,
    "enable_yolo_features": true,
    "enable_directional_loss": false,
    "enable_seed_bagging": false,
    "enable_talib_patterns": false,
    "enable_smart_ensemble": true,
    "enable_stacked_short": true,
    "enable_meta_stacking": false,
    "enable_regime_detection": false,
    "enable_fingpt": false,
    "model_choice": "all",
    "ml_adaptive_k_1d": 2.807596578675892,
    "ml_pattern_weight_scale_1d": 0.6653657106566815,
    "enable_talib_patterns_short": true,
    "external_min_days": 25,
    "external_smooth_alpha": 0.4464398590608216,
    "yolo_min_conf": 0.7556931779823906,
    "smart_consensus_weight": 0.6746788451733604,
    "smart_performance_weight": 0.39520427582632045,
    "smart_sigma": 0.0016312915154810838,
    "smart_weight_xgb": 0.7929837409981034,
    "smart_weight_lgbm": 1.2004468559849275,
    "smart_weight_cat": 1.2729968958004114,
    "fingpt_confidence_threshold": 0.21320380759741192,
    "xgb_n_estimators": 585,
    "xgb_max_depth": 3,
    "xgb_learning_rate": 0.042803288319980023,
    "xgb_subsample": 0.6091675284075175,
    "xgb_colsample_bytree": 0.6804606335895801,
    "xgb_reg_alpha": 3.131390881869923e-05,
    "xgb_reg_lambda": 5.035905359138745,
    "xgb_min_child_weight": 13,
    "xgb_gamma": 0.006714517725676566,
    "xgb_grow_policy": "depthwise",
    "xgb_tree_method": "hist",
    "xgb_max_bin": 448,
    "lgb_n_estimators": 545,
    "lgb_max_depth": 2,
    "lgb_learning_rate": 0.019388519650048758,
    "lgb_num_leaves": 51,
    "lgb_subsample": 0.7980941029314178,
    "lgb_colsample_bytree": 0.5253278790386142,
    "lgb_reg_alpha": 1.0095624353024089,
    "lgb_reg_lambda": 0.08509576078532917,
    "lgb_min_data_in_leaf": 100,
    "lgb_feature_fraction_bynode": 0.7279868549582127,
    "lgb_bagging_freq": 5,
    "lgb_min_gain_to_split": 0.1619784633110244,
    "cat_iterations": 216,
    "cat_depth": 7,
    "cat_learning_rate": 0.12124665433056127,
    "cat_l2_leaf_reg": 9.497992239154687,
    "cat_subsample": 0.6650310498779536,
    "cat_rsm": 0.6253860954735566,
    "cat_border_count": 155,
    "cat_random_strength": 1.365330522957622,
    "cat_leaf_estimation_iterations": 19,
    "cat_bootstrap_type": "Bernoulli"
  },
  "best_trial": {
    "number": 929,
    "value": 43.43212771631093,
    "state": "1"
  },
  "best_trial_number": 929,
  "best_trial_seed": 971,
  "n_trials": 1183,
  "pruned_count": 0,
  "avg_trial_time": 0.0,
  "top_k_trials": [],
  "study_name": "hpo_with_features_EBEBK_h1_c2",
  "symbols": [
    "EBEBK"
  ],
  "horizon": 1,
  "best_model_choice": "all",
  "feature_flags": {
    "enable_external_features": false,
    "enable_fingpt_features": true,
    "enable_yolo_features": true,
    "enable_directional_loss": false,
    "enable_seed_bagging": false,
    "enable_talib_patterns": false,
    "enable_smart_ensemble": true,
    "enable_stacked_short": true,
    "enable_meta_stacking": false,
    "enable_regime_detection": false,
    "enable_fingpt": false,
    "enable_talib_patterns_short": true
  },
  "feature_params": {
    "ml_adaptive_k_1d": 2.807596578675892,
    "ml_pattern_weight_scale_1d": 0.6653657106566815,
    "external_min_days": 25,
    "external_smooth_alpha": 0.4464398590608216,
    "yolo_min_conf": 0.7556931779823906,
    "smart_consensus_weight": 0.6746788451733604,
    "smart_performance_weight": 0.39520427582632045,
    "smart_sigma": 0.0016312915154810838,
    "smart_weight_xgb": 0.7929837409981034,
    "smart_weight_lgbm": 1.2004468559849275,
    "smart_weight_cat": 1.2729968958004114,
    "fingpt_confidence_threshold": 0.21320380759741192
  },
  "hyperparameters": {
    "model_choice": "all",
    "xgb_n_estimators": 585,
    "xgb_max_depth": 3,
    "xgb_learning_rate": 0.042803288319980023,
    "xgb_subsample": 0.6091675284075175,
    "xgb_colsample_bytree": 0.6804606335895801,
    "xgb_reg_alpha": 3.131390881869923e-05,
    "xgb_reg_lambda": 5.035905359138745,
    "xgb_min_child_weight": 13,
    "xgb_gamma": 0.006714517725676566,
    "xgb_grow_policy": "depthwise",
    "xgb_tree_method": "hist",
    "xgb_max_bin": 448,
    "lgb_n_estimators": 545,
    "lgb_max_depth": 2,
    "lgb_learning_rate": 0.019388519650048758,
    "lgb_num_leaves": 51,
    "lgb_subsample": 0.7980941029314178,
    "lgb_colsample_bytree": 0.5253278790386142,
    "lgb_reg_alpha": 1.0095624353024089,
    "lgb_reg_lambda": 0.08509576078532917,
    "lgb_min_data_in_leaf": 100,
    "lgb_feature_fraction_bynode": 0.7279868549582127,
    "lgb_bagging_freq": 5,
    "lgb_min_gain_to_split": 0.1619784633110244,
    "cat_iterations": 216,
    "cat_depth": 7,
    "cat_learning_rate": 0.12124665433056127,
    "cat_l2_leaf_reg": 9.497992239154687,
    "cat_subsample": 0.6650310498779536,
    "cat_rsm": 0.6253860954735566,
    "cat_border_count": 155,
    "cat_random_strength": 1.365330522957622,
    "cat_leaf_estimation_iterations": 19,
    "cat_bootstrap_type": "Bernoulli"
  },
  "features_enabled": {
    "ENABLE_EXTERNAL_FEATURES": "0",
    "ENABLE_FINGPT_FEATURES": "1",
    "ENABLE_YOLO_FEATURES": "1",
    "ML_USE_DIRECTIONAL_LOSS": "0",
    "ENABLE_SEED_BAGGING": "0",
    "ENABLE_TALIB_PATTERNS": "0",
    "ML_USE_SMART_ENSEMBLE": "1",
    "ML_USE_STACKED_SHORT": "1",
    "ENABLE_META_STACKING": "0",
    "ML_USE_REGIME_DETECTION": "0",
    "ENABLE_FINGPT": "0",
    "ML_USE_ADAPTIVE_LEARNING": "0",
    "ENABLE_XGBOOST": "1",
    "ENABLE_LIGHTGBM": "1",
    "ENABLE_CATBOOST": "1"
  },
  "best_trial_metrics": {
    "EBEBK_1d": {
      "symbol": "EBEBK",
      "horizon": 1,
      "split_metrics": [
        {
          "split_index": 1,
          "train_days": 434,
          "test_days": 30,
          "train_end_idx": 434,
          "test_end_idx": 464,
          "train_start": "2023-09-07T00:00:00",
          "train_end": "2025-06-11T00:00:00",
          "test_start": "2025-06-12T00:00:00",
          "test_end": "2025-07-24T00:00:00",
          "valid_predictions": 29,
          "model_metrics": {
            "xgboost": {
              "raw_r2": 0.004820750404028333,
              "rmse": 0.021556159543167426,
              "mape": 1.7077595332155988,
              "confidence": 0.6289166700759824
            },
            "lightgbm": {
              "raw_r2": -0.032655655567419416,
              "rmse": 0.02198372910602418,
              "mape": 1.778925728916337,
              "confidence": 0.5985260695332557
            },
            "catboost": {
              "raw_r2": -0.027200550308185023,
              "rmse": 0.021988609672579866,
              "mape": 1.6601563513350743,
              "confidence": 0.6029335555163696
            }
          },
          "dirhit": null,
          "rmse": 0.02685250665710867,
          "mape": 1996137.275655873,
          "nrmse": 1.0302947611250617,
          "mask_count": 7,
          "mask_pct": 24.137931034482758,
          "low_support": true,
          "min_mask_count": 10,
          "min_mask_pct": 5.0
        },
        {
          "split_index": 2,
          "train_days": 464,
          "test_days": 30,
          "train_end_idx": 464,
          "test_end_idx": 494,
          "train_start": "2023-09-07T00:00:00",
          "train_end": "2025-07-24T00:00:00",
          "test_start": "2025-07-25T00:00:00",
          "test_end": "2025-09-04T00:00:00",
          "valid_predictions": 29,
          "model_metrics": {
            "xgboost": {
              "raw_r2": -0.007877466641735017,
              "rmse": 0.021908345917365006,
              "mape": 1.7384929400851648,
              "confidence": 0.618600385675415
            },
            "lightgbm": {
              "raw_r2": -0.03598305318725884,
              "rmse": 0.022305525334764435,
              "mape": 1.8026501082769588,
              "confidence": 0.5958423783627611
            },