{
  "best_value": 75.55555555555556,
  "best_dirhit": 81.66666666666666,
  "best_params": {
    "enable_external_features": false,
    "enable_fingpt_features": false,
    "enable_yolo_features": true,
    "enable_directional_loss": false,
    "enable_seed_bagging": false,
    "enable_talib_patterns": false,
    "enable_smart_ensemble": true,
    "enable_stacked_short": false,
    "enable_meta_stacking": false,
    "enable_regime_detection": true,
    "enable_fingpt": true,
    "model_choice": "all",
    "ml_adaptive_k_1d": 1.4671755523827046,
    "ml_pattern_weight_scale_1d": 1.3412220535927633,
    "enable_talib_patterns_short": false,
    "external_min_days": 36,
    "external_smooth_alpha": 0.14208569734781182,
    "regime_scale_low": 0.9174088661455533,
    "regime_scale_high": 1.0652948428267917,
    "yolo_min_conf": 0.7332933551080276,
    "smart_consensus_weight": 0.7718403354143276,
    "smart_performance_weight": 0.38377976870999964,
    "smart_sigma": 0.0011337362274566904,
    "smart_weight_xgb": 0.998417681304146,
    "smart_weight_lgbm": 0.8357618814933745,
    "smart_weight_cat": 1.1051368052186363,
    "xgb_n_estimators": 570,
    "xgb_max_depth": 4,
    "xgb_learning_rate": 0.04112836879742117,
    "xgb_subsample": 0.847847407247473,
    "xgb_colsample_bytree": 0.6972997979289861,
    "xgb_reg_alpha": 0.16031612287652774,
    "xgb_reg_lambda": 0.32051537826997034,
    "xgb_min_child_weight": 13,
    "xgb_gamma": 0.001015453867217232,
    "xgb_grow_policy": "depthwise",
    "xgb_tree_method": "hist",
    "xgb_max_bin": 486,
    "lgb_n_estimators": 383,
    "lgb_max_depth": 8,
    "lgb_learning_rate": 0.013653326113557377,
    "lgb_num_leaves": 50,
    "lgb_subsample": 0.8158907737211601,
    "lgb_colsample_bytree": 0.511049217204065,
    "lgb_reg_alpha": 5.202399030426752e-06,
    "lgb_reg_lambda": 0.5742741064425038,
    "lgb_min_data_in_leaf": 94,
    "lgb_feature_fraction_bynode": 0.6992178033431881,
    "lgb_bagging_freq": 7,
    "lgb_min_gain_to_split": 0.048263979111260055,
    "cat_iterations": 462,
    "cat_depth": 5,
    "cat_learning_rate": 0.012502240866584666,
    "cat_l2_leaf_reg": 8.479159916055316,
    "cat_subsample": 0.8855239764132414,
    "cat_rsm": 0.7450324963318631,
    "cat_border_count": 54,
    "cat_random_strength": 2.3548359606808127,
    "cat_leaf_estimation_iterations": 7,
    "cat_bootstrap_type": "No"
  },
  "best_trial": {
    "number": 218,
    "value": 51.14869665910773,
    "state": "1"
  },
  "best_trial_number": 218,
  "best_trial_seed": 260,
  "n_trials": 1419,
  "pruned_count": 0,
  "avg_trial_time": 0.0,
  "top_k_trials": [],
  "study_name": "hpo_with_features_BRKVY_h1_c2",
  "symbols": [
    "BRKVY"
  ],
  "horizon": 1,
  "best_model_choice": "all",
  "feature_flags": {
    "enable_external_features": false,
    "enable_fingpt_features": false,
    "enable_yolo_features": true,
    "enable_directional_loss": false,
    "enable_seed_bagging": false,
    "enable_talib_patterns": false,
    "enable_smart_ensemble": true,
    "enable_stacked_short": false,
    "enable_meta_stacking": false,
    "enable_regime_detection": true,
    "enable_fingpt": true,
    "enable_talib_patterns_short": false
  },
  "feature_params": {
    "ml_adaptive_k_1d": 1.4671755523827046,
    "ml_pattern_weight_scale_1d": 1.3412220535927633,
    "external_min_days": 36,
    "external_smooth_alpha": 0.14208569734781182,
    "regime_scale_low": 0.9174088661455533,
    "regime_scale_high": 1.0652948428267917,
    "yolo_min_conf": 0.7332933551080276,
    "smart_consensus_weight": 0.7718403354143276,
    "smart_performance_weight": 0.38377976870999964,
    "smart_sigma": 0.0011337362274566904,
    "smart_weight_xgb": 0.998417681304146,
    "smart_weight_lgbm": 0.8357618814933745,
    "smart_weight_cat": 1.1051368052186363
  },
  "hyperparameters": {
    "model_choice": "all",
    "xgb_n_estimators": 570,
    "xgb_max_depth": 4,
    "xgb_learning_rate": 0.04112836879742117,
    "xgb_subsample": 0.847847407247473,
    "xgb_colsample_bytree": 0.6972997979289861,
    "xgb_reg_alpha": 0.16031612287652774,
    "xgb_reg_lambda": 0.32051537826997034,
    "xgb_min_child_weight": 13,
    "xgb_gamma": 0.001015453867217232,
    "xgb_grow_policy": "depthwise",
    "xgb_tree_method": "hist",
    "xgb_max_bin": 486,
    "lgb_n_estimators": 383,
    "lgb_max_depth": 8,
    "lgb_learning_rate": 0.013653326113557377,
    "lgb_num_leaves": 50,
    "lgb_subsample": 0.8158907737211601,
    "lgb_colsample_bytree": 0.511049217204065,
    "lgb_reg_alpha": 5.202399030426752e-06,
    "lgb_reg_lambda": 0.5742741064425038,
    "lgb_min_data_in_leaf": 94,
    "lgb_feature_fraction_bynode": 0.6992178033431881,
    "lgb_bagging_freq": 7,
    "lgb_min_gain_to_split": 0.048263979111260055,
    "cat_iterations": 462,
    "cat_depth": 5,
    "cat_learning_rate": 0.012502240866584666,
    "cat_l2_leaf_reg": 8.479159916055316,
    "cat_subsample": 0.8855239764132414,
    "cat_rsm": 0.7450324963318631,
    "cat_border_count": 54,
    "cat_random_strength": 2.3548359606808127,
    "cat_leaf_estimation_iterations": 7,
    "cat_bootstrap_type": "No"
  },
  "features_enabled": {
    "ENABLE_EXTERNAL_FEATURES": "0",
    "ENABLE_FINGPT_FEATURES": "0",
    "ENABLE_YOLO_FEATURES": "1",
    "ML_USE_DIRECTIONAL_LOSS": "0",
    "ENABLE_SEED_BAGGING": "0",
    "ENABLE_TALIB_PATTERNS": "0",
    "ML_USE_SMART_ENSEMBLE": "1",
    "ML_USE_STACKED_SHORT": "0",
    "ENABLE_META_STACKING": "0",
    "ML_USE_REGIME_DETECTION": "1",
    "ENABLE_FINGPT": "1",
    "ML_USE_ADAPTIVE_LEARNING": "0",
    "ENABLE_XGBOOST": "1",
    "ENABLE_LIGHTGBM": "1",
    "ENABLE_CATBOOST": "1"
  },
  "best_trial_metrics": {
    "BRKVY_1d": {
      "symbol": "BRKVY",
      "horizon": 1,
      "split_metrics": [
        {
          "split_index": 1,
          "train_days": 453,
          "test_days": 30,
          "train_end_idx": 453,
          "test_end_idx": 483,
          "train_start": "2023-08-21T00:00:00",
          "train_end": "2025-06-12T00:00:00",
          "test_start": "2025-06-13T00:00:00",
          "test_end": "2025-07-25T00:00:00",
          "valid_predictions": 29,
          "model_metrics": {
            "xgboost": {
              "raw_r2": -0.0003456489918180668,
              "rmse": 0.04772186082308671,
              "mape": 1.6862513283034877,
              "confidence": 0.6247191602640496
            },
            "lightgbm": {
              "raw_r2": -0.0021444675514191345,
              "rmse": 0.04787226845821855,
              "mape": 1.8001665632053399,
              "confidence": 0.6232576368075174
            },
            "catboost": {
              "raw_r2": 0.008711617089175524,
              "rmse": 0.04759666607556971,
              "mape": 1.7557024263034273,
              "confidence": 0.6320770699725835
            }
          },
          "dirhit": 100.0,
          "rmse": 0.03161071334980641,
          "mape": 99.68211930766105,
          "nrmse": 1.0267127081945624,
          "mask_count": 4,
          "mask_pct": 13.793103448275861,
          "low_support": false,
          "min_mask_count": 0,
          "min_mask_pct": 0.0,
          "ensemble_debug": {
            "historical_r2": {
              "xgboost": -0.0003456489918180668,
              "lightgbm": -0.0021444675514191345,
              "catboost": 0.008711617089175524
            },
            "ensemble_weights": {
              "xgboost": 0.33951337200185644,
              "lightgbm": 0.28411725061184023,
              "catboost": 0.37636937738630327
            },
            "source": "model"
          }
        },
        {
          "split_index": 2,
          "train_days": 483,
          "test_days": 30,
          "train_end_idx": 483,
          "test_end_idx": 513,
          "train_start": "2023-08-21T00:00:00",
          "train_end": "2025-07-25T00:00:00",
          "test_start": "2025-07-28T00:00:00",
          "test_end": "2025-09-05T00:00:00",
          "valid_predictions": 29,