{
  "best_value": 70.38461538461539,
  "best_dirhit": 70.38461538461539,
  "best_params": {
    "enable_external_features": false,
    "enable_fingpt_features": true,
    "enable_yolo_features": false,
    "enable_directional_loss": false,
    "enable_seed_bagging": false,
    "enable_talib_patterns": false,
    "enable_smart_ensemble": true,
    "enable_stacked_short": false,
    "enable_meta_stacking": false,
    "enable_regime_detection": false,
    "enable_fingpt": true,
    "model_choice": "all",
    "ml_adaptive_k_1d": 1.1845301241123936,
    "ml_pattern_weight_scale_1d": 1.4017849227667711,
    "enable_talib_patterns_short": true,
    "external_min_days": 54,
    "external_smooth_alpha": 0.2200378684081523,
    "smart_consensus_weight": 0.711904299300098,
    "smart_performance_weight": 0.30145227293681026,
    "smart_sigma": 0.006229042073280983,
    "smart_weight_xgb": 0.6039258299169751,
    "smart_weight_lgbm": 0.9440553359067836,
    "smart_weight_cat": 0.6402852994925957,
    "fingpt_confidence_threshold": 0.24585027579546456,
    "xgb_n_estimators": 246,
    "xgb_max_depth": 5,
    "xgb_learning_rate": 0.10304050812738633,
    "xgb_subsample": 0.666211213257868,
    "xgb_colsample_bytree": 0.5591091979647919,
    "xgb_reg_alpha": 0.003156666587103514,
    "xgb_reg_lambda": 0.6192217148542225,
    "xgb_min_child_weight": 10,
    "xgb_gamma": 0.6488802828412416,
    "xgb_grow_policy": "lossguide",
    "xgb_tree_method": "hist",
    "xgb_max_bin": 408,
    "lgb_n_estimators": 403,
    "lgb_max_depth": 4,
    "lgb_learning_rate": 0.06359148387365449,
    "lgb_num_leaves": 55,
    "lgb_subsample": 0.6349469609648536,
    "lgb_colsample_bytree": 0.8153349935387433,
    "lgb_reg_alpha": 0.0015062568899553645,
    "lgb_reg_lambda": 1.376706898720203,
    "lgb_min_data_in_leaf": 85,
    "lgb_feature_fraction_bynode": 0.9471216697238463,
    "lgb_bagging_freq": 2,
    "lgb_min_gain_to_split": 0.8367494086166976,
    "cat_iterations": 201,
    "cat_depth": 7,
    "cat_learning_rate": 0.016174450317362705,
    "cat_l2_leaf_reg": 7.386017810765814,
    "cat_subsample": 0.7625220851456225,
    "cat_rsm": 0.8287279822663961,
    "cat_border_count": 27,
    "cat_random_strength": 0.3396919700936703,
    "cat_leaf_estimation_iterations": 17,
    "cat_bootstrap_type": "Bernoulli"
  },
  "best_trial": {
    "number": 203,
    "value": 43.09155675388417,
    "state": "1"
  },
  "best_trial_number": 203,
  "best_trial_seed": 245,
  "n_trials": 711,
  "pruned_count": 0,
  "avg_trial_time": 0.0,
  "top_k_trials": [],
  "study_name": "hpo_with_features_AVOD_h1_c2",
  "symbols": [
    "AVOD"
  ],
  "horizon": 1,
  "best_model_choice": "all",
  "feature_flags": {
    "enable_external_features": false,
    "enable_fingpt_features": true,
    "enable_yolo_features": false,
    "enable_directional_loss": false,
    "enable_seed_bagging": false,
    "enable_talib_patterns": false,
    "enable_smart_ensemble": true,
    "enable_stacked_short": false,
    "enable_meta_stacking": false,
    "enable_regime_detection": false,
    "enable_fingpt": true,
    "enable_talib_patterns_short": true
  },
  "feature_params": {
    "ml_adaptive_k_1d": 1.1845301241123936,
    "ml_pattern_weight_scale_1d": 1.4017849227667711,
    "external_min_days": 54,
    "external_smooth_alpha": 0.2200378684081523,
    "smart_consensus_weight": 0.711904299300098,
    "smart_performance_weight": 0.30145227293681026,
    "smart_sigma": 0.006229042073280983,
    "smart_weight_xgb": 0.6039258299169751,
    "smart_weight_lgbm": 0.9440553359067836,
    "smart_weight_cat": 0.6402852994925957,
    "fingpt_confidence_threshold": 0.24585027579546456
  },
  "hyperparameters": {
    "model_choice": "all",
    "xgb_n_estimators": 246,
    "xgb_max_depth": 5,
    "xgb_learning_rate": 0.10304050812738633,
    "xgb_subsample": 0.666211213257868,
    "xgb_colsample_bytree": 0.5591091979647919,
    "xgb_reg_alpha": 0.003156666587103514,
    "xgb_reg_lambda": 0.6192217148542225,
    "xgb_min_child_weight": 10,
    "xgb_gamma": 0.6488802828412416,
    "xgb_grow_policy": "lossguide",
    "xgb_tree_method": "hist",
    "xgb_max_bin": 408,
    "lgb_n_estimators": 403,
    "lgb_max_depth": 4,
    "lgb_learning_rate": 0.06359148387365449,
    "lgb_num_leaves": 55,
    "lgb_subsample": 0.6349469609648536,
    "lgb_colsample_bytree": 0.8153349935387433,
    "lgb_reg_alpha": 0.0015062568899553645,
    "lgb_reg_lambda": 1.376706898720203,
    "lgb_min_data_in_leaf": 85,
    "lgb_feature_fraction_bynode": 0.9471216697238463,
    "lgb_bagging_freq": 2,
    "lgb_min_gain_to_split": 0.8367494086166976,
    "cat_iterations": 201,
    "cat_depth": 7,
    "cat_learning_rate": 0.016174450317362705,
    "cat_l2_leaf_reg": 7.386017810765814,
    "cat_subsample": 0.7625220851456225,
    "cat_rsm": 0.8287279822663961,
    "cat_border_count": 27,
    "cat_random_strength": 0.3396919700936703,
    "cat_leaf_estimation_iterations": 17,
    "cat_bootstrap_type": "Bernoulli"
  },
  "features_enabled": {
    "ENABLE_EXTERNAL_FEATURES": "0",
    "ENABLE_FINGPT_FEATURES": "1",
    "ENABLE_YOLO_FEATURES": "0",
    "ML_USE_DIRECTIONAL_LOSS": "0",
    "ENABLE_SEED_BAGGING": "0",
    "ENABLE_TALIB_PATTERNS": "0",
    "ML_USE_SMART_ENSEMBLE": "1",
    "ML_USE_STACKED_SHORT": "0",
    "ENABLE_META_STACKING": "0",
    "ML_USE_REGIME_DETECTION": "0",
    "ENABLE_FINGPT": "1",
    "ML_USE_ADAPTIVE_LEARNING": "0",
    "ENABLE_XGBOOST": "1",
    "ENABLE_LIGHTGBM": "1",
    "ENABLE_CATBOOST": "1"
  },
  "best_trial_metrics": {
    "AVOD_1d": {
      "symbol": "AVOD",
      "horizon": 1,
      "split_metrics": [
        {
          "split_index": 1,
          "train_days": 449,
          "test_days": 30,
          "train_end_idx": 449,
          "test_end_idx": 479,
          "train_start": "2023-08-21T00:00:00",
          "train_end": "2025-06-05T00:00:00",
          "test_start": "2025-06-10T00:00:00",
          "test_end": "2025-07-22T00:00:00",
          "valid_predictions": 29,
          "model_metrics": {
            "xgboost": {
              "raw_r2": -0.0004338840545752287,
              "rmse": 0.02668897788159854,
              "mape": 1.9260876864009187,
              "confidence": 0.6246474693439197
            },
            "lightgbm": {
              "raw_r2": -0.001888329107516092,
              "rmse": 0.026704994120510896,
              "mape": 1.924108850220912,
              "confidence": 0.6234657439976883
            },
            "catboost": {
              "raw_r2": 0.03670147514955957,
              "rmse": 0.026164525350499058,
              "mape": 1.5892935305797373,
              "confidence": 0.6547365472775443
            }
          },
          "dirhit": 100.0,
          "rmse": 0.025710065715916865,
          "mape": 586755.6404840884,
          "nrmse": 1.0049306766251067,
          "mask_count": 5,
          "mask_pct": 17.24137931034483,
          "low_support": false,
          "min_mask_count": 0,
          "min_mask_pct": 0.0,
          "ensemble_debug": {
            "historical_r2": {
              "xgboost": -0.0004338840545752287,
              "lightgbm": -0.001888329107516092,
              "catboost": 0.03670147514955957
            },
            "ensemble_weights": {
              "xgboost": 0.35818528069163985,
              "lightgbm": 0.1420541815693094,
              "catboost": 0.49976053773905077
            },
            "source": "model"
          }
        },
        {
          "split_index": 2,
          "train_days": 479,
          "test_days": 30,
          "train_end_idx": 479,
          "test_end_idx": 509,
          "train_start": "2023-08-21T00:00:00",
          "train_end": "2025-07-22T00:00:00",
          "test_start": "2025-07-23T00:00:00",
          "test_end": "2025-09-02T00:00:00",
          "valid_predictions": 29,
          "model_metrics": {
            "xgboost": {
              "raw_r2": -0.00033286730480715693,
              "rmse": 0.026371708185807013,