{
  "best_value": 90.0,
  "best_dirhit": 90.0,
  "best_params": {
    "enable_external_features": true,
    "enable_fingpt_features": false,
    "enable_yolo_features": false,
    "enable_directional_loss": false,
    "enable_seed_bagging": false,
    "enable_talib_patterns": true,
    "enable_smart_ensemble": true,
    "enable_stacked_short": false,
    "enable_meta_stacking": false,
    "enable_regime_detection": true,
    "enable_fingpt": true,
    "model_choice": "all",
    "ml_adaptive_k_1d": 2.5572407638586014,
    "ml_pattern_weight_scale_1d": 1.6719139325205672,
    "enable_talib_patterns_short": false,
    "external_min_days": 44,
    "external_smooth_alpha": 0.061428731205760014,
    "regime_scale_low": 0.9106411129106377,
    "regime_scale_high": 1.1305028737121001,
    "smart_consensus_weight": 0.46188069481655875,
    "smart_performance_weight": 0.4351282928377339,
    "smart_sigma": 0.009701268029181526,
    "smart_weight_xgb": 1.4021811810467033,
    "smart_weight_lgbm": 1.0625080475048836,
    "smart_weight_cat": 1.107377251412157,
    "xgb_n_estimators": 496,
    "xgb_max_depth": 5,
    "xgb_learning_rate": 0.07634374297044152,
    "xgb_subsample": 0.593350907971375,
    "xgb_colsample_bytree": 0.5613812305440273,
    "xgb_reg_alpha": 0.00014038928265176355,
    "xgb_reg_lambda": 1.0962031227106588,
    "xgb_min_child_weight": 12,
    "xgb_gamma": 0.0010525383230451575,
    "xgb_grow_policy": "depthwise",
    "xgb_tree_method": "hist",
    "xgb_max_bin": 221,
    "lgb_n_estimators": 250,
    "lgb_max_depth": 5,
    "lgb_learning_rate": 0.010039632232574308,
    "lgb_num_leaves": 28,
    "lgb_subsample": 0.6757096345192216,
    "lgb_colsample_bytree": 0.73798059300304,
    "lgb_reg_alpha": 0.007842943326876552,
    "lgb_reg_lambda": 0.3298869919109607,
    "lgb_min_data_in_leaf": 55,
    "lgb_feature_fraction_bynode": 0.8235441273823381,
    "lgb_bagging_freq": 8,
    "lgb_min_gain_to_split": 0.4032679823379268,
    "cat_iterations": 247,
    "cat_depth": 8,
    "cat_learning_rate": 0.18708821321216693,
    "cat_l2_leaf_reg": 4.87391545384574,
    "cat_subsample": 0.7108340536153541,
    "cat_rsm": 0.8851543884278211,
    "cat_border_count": 22,
    "cat_random_strength": 2.4430668129986612,
    "cat_leaf_estimation_iterations": 10,
    "cat_bootstrap_type": "Bayesian"
  },
  "best_trial": {
    "number": 131,
    "value": 56.98201578373921,
    "state": "1"
  },
  "best_trial_number": 131,
  "best_trial_seed": 173,
  "n_trials": 1113,
  "pruned_count": 0,
  "avg_trial_time": 0.0,
  "top_k_trials": [],
  "study_name": "hpo_with_features_EKGYO_h1_c2",
  "symbols": [
    "EKGYO"
  ],
  "horizon": 1,
  "best_model_choice": "all",
  "feature_flags": {
    "enable_external_features": true,
    "enable_fingpt_features": false,
    "enable_yolo_features": false,
    "enable_directional_loss": false,
    "enable_seed_bagging": false,
    "enable_talib_patterns": true,
    "enable_smart_ensemble": true,
    "enable_stacked_short": false,
    "enable_meta_stacking": false,
    "enable_regime_detection": true,
    "enable_fingpt": true,
    "enable_talib_patterns_short": false
  },
  "feature_params": {
    "ml_adaptive_k_1d": 2.5572407638586014,
    "ml_pattern_weight_scale_1d": 1.6719139325205672,
    "external_min_days": 44,
    "external_smooth_alpha": 0.061428731205760014,
    "regime_scale_low": 0.9106411129106377,
    "regime_scale_high": 1.1305028737121001,
    "smart_consensus_weight": 0.46188069481655875,
    "smart_performance_weight": 0.4351282928377339,
    "smart_sigma": 0.009701268029181526,
    "smart_weight_xgb": 1.4021811810467033,
    "smart_weight_lgbm": 1.0625080475048836,
    "smart_weight_cat": 1.107377251412157
  },
  "hyperparameters": {
    "model_choice": "all",
    "xgb_n_estimators": 496,
    "xgb_max_depth": 5,
    "xgb_learning_rate": 0.07634374297044152,
    "xgb_subsample": 0.593350907971375,
    "xgb_colsample_bytree": 0.5613812305440273,
    "xgb_reg_alpha": 0.00014038928265176355,
    "xgb_reg_lambda": 1.0962031227106588,
    "xgb_min_child_weight": 12,
    "xgb_gamma": 0.0010525383230451575,
    "xgb_grow_policy": "depthwise",
    "xgb_tree_method": "hist",
    "xgb_max_bin": 221,
    "lgb_n_estimators": 250,
    "lgb_max_depth": 5,
    "lgb_learning_rate": 0.010039632232574308,
    "lgb_num_leaves": 28,
    "lgb_subsample": 0.6757096345192216,
    "lgb_colsample_bytree": 0.73798059300304,
    "lgb_reg_alpha": 0.007842943326876552,
    "lgb_reg_lambda": 0.3298869919109607,
    "lgb_min_data_in_leaf": 55,
    "lgb_feature_fraction_bynode": 0.8235441273823381,
    "lgb_bagging_freq": 8,
    "lgb_min_gain_to_split": 0.4032679823379268,
    "cat_iterations": 247,
    "cat_depth": 8,
    "cat_learning_rate": 0.18708821321216693,
    "cat_l2_leaf_reg": 4.87391545384574,
    "cat_subsample": 0.7108340536153541,
    "cat_rsm": 0.8851543884278211,
    "cat_border_count": 22,
    "cat_random_strength": 2.4430668129986612,
    "cat_leaf_estimation_iterations": 10,
    "cat_bootstrap_type": "Bayesian"
  },
  "features_enabled": {
    "ENABLE_EXTERNAL_FEATURES": "1",
    "ENABLE_FINGPT_FEATURES": "0",
    "ENABLE_YOLO_FEATURES": "0",
    "ML_USE_DIRECTIONAL_LOSS": "0",
    "ENABLE_SEED_BAGGING": "0",
    "ENABLE_TALIB_PATTERNS": "1",
    "ML_USE_SMART_ENSEMBLE": "1",
    "ML_USE_STACKED_SHORT": "0",
    "ENABLE_META_STACKING": "0",
    "ML_USE_REGIME_DETECTION": "1",
    "ENABLE_FINGPT": "1",
    "ML_USE_ADAPTIVE_LEARNING": "0",
    "ENABLE_XGBOOST": "1",
    "ENABLE_LIGHTGBM": "1",
    "ENABLE_CATBOOST": "1"
  },
  "best_trial_metrics": {
    "EKGYO_1d": {
      "symbol": "EKGYO",
      "horizon": 1,
      "split_metrics": [
        {
          "split_index": 1,
          "train_days": 452,
          "test_days": 30,
          "train_end_idx": 452,
          "test_end_idx": 482,
          "train_start": "2023-08-21T00:00:00",
          "train_end": "2025-06-12T00:00:00",
          "test_start": "2025-06-13T00:00:00",
          "test_end": "2025-07-25T00:00:00",
          "valid_predictions": 29,
          "model_metrics": {
            "xgboost": {
              "raw_r2": 0.021008633833408785,
              "rmse": 0.02925953611893962,
              "mape": 1.5903788043657758,
              "confidence": 0.6420538367739757
            },
            "lightgbm": {
              "raw_r2": -0.0003248149975748997,
              "rmse": 0.029580066347184887,
              "mape": 1.7899776696003316,
              "confidence": 0.6247360878724787
            },
            "catboost": {
              "raw_r2": 0.026574726649080782,
              "rmse": 0.02918683565520209,
              "mape": 1.6659062413275538,
              "confidence": 0.6465602534866948
            }
          },
          "dirhit": null,
          "rmse": 0.030713687463343815,
          "mape": 89.09259409591608,
          "nrmse": 1.0415598772624288,
          "mask_count": 7,
          "mask_pct": 24.137931034482758,
          "low_support": true,
          "min_mask_count": 10,
          "min_mask_pct": 5.0,
          "ensemble_debug": {
            "historical_r2": {
              "xgboost": 0.021008633833408785,
              "lightgbm": -0.0003248149975748997,
              "catboost": 0.026574726649080782
            },
            "ensemble_weights": {
              "xgboost": 0.7297960324147544,
              "lightgbm": 0.13113792850724407,
              "catboost": 0.13906603907800147
            },
            "source": "model"
          }
        },
        {
          "split_index": 2,
          "train_days": 482,
          "test_days": 30,
          "train_end_idx": 482,
          "test_end_idx": 512,
          "train_start": "2023-08-21T00:00:00",
          "train_end": "2025-07-25T00:00:00",
          "test_start": "2025-07-28T00:00:00",
          "test_end": "2025-09-05T00:00:00",
          "valid_predictions": 29,
          "model_metrics": {
            "xgboost": {
              "raw_r2": 0.010924210590516403,