{
  "best_value": 69.234360410831,
  "best_dirhit": 58.17577030812325,
  "best_params": {
    "enable_external_features": false,
    "enable_fingpt_features": true,
    "enable_yolo_features": true,
    "enable_directional_loss": true,
    "enable_seed_bagging": true,
    "enable_talib_patterns": false,
    "enable_smart_ensemble": true,
    "enable_stacked_short": false,
    "enable_meta_stacking": false,
    "enable_regime_detection": false,
    "enable_fingpt": false,
    "model_choice": "all",
    "ml_loss_mse_weight": 0.6056477972163332,
    "ml_loss_threshold": 0.007476618513314984,
    "ml_dir_penalty": 1.3152823054032172,
    "n_seeds": 4,
    "ml_adaptive_k_1d": 2.9732783555177433,
    "ml_pattern_weight_scale_1d": 0.885179217231355,
    "enable_talib_patterns_short": false,
    "external_min_days": 35,
    "external_smooth_alpha": 0.11653896248146861,
    "yolo_min_conf": 0.6273467069323654,
    "smart_consensus_weight": 0.531684368843769,
    "smart_performance_weight": 0.2910685979454537,
    "smart_sigma": 0.014551216902983844,
    "smart_weight_xgb": 0.6840050196635477,
    "smart_weight_lgbm": 0.7040576064679438,
    "smart_weight_cat": 1.1575374362168895,
    "fingpt_confidence_threshold": 0.40787989151586207,
    "xgb_n_estimators": 362,
    "xgb_max_depth": 6,
    "xgb_learning_rate": 0.04069379028300991,
    "xgb_subsample": 0.7035050720519148,
    "xgb_colsample_bytree": 0.8401659439458026,
    "xgb_reg_alpha": 0.0015358977964788259,
    "xgb_reg_lambda": 1.2144721049012848,
    "xgb_min_child_weight": 9,
    "xgb_gamma": 0.0009154010861476573,
    "xgb_grow_policy": "lossguide",
    "xgb_tree_method": "hist",
    "xgb_max_bin": 277,
    "lgb_n_estimators": 169,
    "lgb_max_depth": 2,
    "lgb_learning_rate": 0.15969214485716782,
    "lgb_num_leaves": 51,
    "lgb_subsample": 0.5241035705537268,
    "lgb_colsample_bytree": 0.5395117198161574,
    "lgb_reg_alpha": 0.07324136587428093,
    "lgb_reg_lambda": 0.040414826885907314,
    "lgb_min_data_in_leaf": 41,
    "lgb_feature_fraction_bynode": 0.9200582198156884,
    "lgb_bagging_freq": 6,
    "lgb_min_gain_to_split": 0.26448269020985515,
    "cat_iterations": 461,
    "cat_depth": 6,
    "cat_learning_rate": 0.012264863987968002,
    "cat_l2_leaf_reg": 9.429380792344258,
    "cat_subsample": 0.5153591223672523,
    "cat_rsm": 0.9126556834487348,
    "cat_border_count": 158,
    "cat_random_strength": 1.0444696951611838,
    "cat_leaf_estimation_iterations": 19,
    "cat_bootstrap_type": "Bernoulli"
  },
  "best_trial": {
    "number": 206,
    "value": 33.756387312431265,
    "state": "1"
  },
  "best_trial_number": 206,
  "best_trial_seed": 248,
  "n_trials": 714,
  "pruned_count": 0,
  "avg_trial_time": 0.0,
  "top_k_trials": [],
  "study_name": "hpo_with_features_AKSGY_h1_c2",
  "symbols": [
    "AKSGY"
  ],
  "horizon": 1,
  "best_model_choice": "all",
  "feature_flags": {
    "enable_external_features": false,
    "enable_fingpt_features": true,
    "enable_yolo_features": true,
    "enable_directional_loss": true,
    "enable_seed_bagging": true,
    "enable_talib_patterns": false,
    "enable_smart_ensemble": true,
    "enable_stacked_short": false,
    "enable_meta_stacking": false,
    "enable_regime_detection": false,
    "enable_fingpt": false,
    "enable_talib_patterns_short": false
  },
  "feature_params": {
    "ml_loss_mse_weight": 0.6056477972163332,
    "ml_loss_threshold": 0.007476618513314984,
    "ml_dir_penalty": 1.3152823054032172,
    "n_seeds": 4,
    "ml_adaptive_k_1d": 2.9732783555177433,
    "ml_pattern_weight_scale_1d": 0.885179217231355,
    "external_min_days": 35,
    "external_smooth_alpha": 0.11653896248146861,
    "yolo_min_conf": 0.6273467069323654,
    "smart_consensus_weight": 0.531684368843769,
    "smart_performance_weight": 0.2910685979454537,
    "smart_sigma": 0.014551216902983844,
    "smart_weight_xgb": 0.6840050196635477,
    "smart_weight_lgbm": 0.7040576064679438,
    "smart_weight_cat": 1.1575374362168895,
    "fingpt_confidence_threshold": 0.40787989151586207
  },
  "hyperparameters": {
    "model_choice": "all",
    "xgb_n_estimators": 362,
    "xgb_max_depth": 6,
    "xgb_learning_rate": 0.04069379028300991,
    "xgb_subsample": 0.7035050720519148,
    "xgb_colsample_bytree": 0.8401659439458026,
    "xgb_reg_alpha": 0.0015358977964788259,
    "xgb_reg_lambda": 1.2144721049012848,
    "xgb_min_child_weight": 9,
    "xgb_gamma": 0.0009154010861476573,
    "xgb_grow_policy": "lossguide",
    "xgb_tree_method": "hist",
    "xgb_max_bin": 277,
    "lgb_n_estimators": 169,
    "lgb_max_depth": 2,
    "lgb_learning_rate": 0.15969214485716782,
    "lgb_num_leaves": 51,
    "lgb_subsample": 0.5241035705537268,
    "lgb_colsample_bytree": 0.5395117198161574,
    "lgb_reg_alpha": 0.07324136587428093,
    "lgb_reg_lambda": 0.040414826885907314,
    "lgb_min_data_in_leaf": 41,
    "lgb_feature_fraction_bynode": 0.9200582198156884,
    "lgb_bagging_freq": 6,
    "lgb_min_gain_to_split": 0.26448269020985515,
    "cat_iterations": 461,
    "cat_depth": 6,
    "cat_learning_rate": 0.012264863987968002,
    "cat_l2_leaf_reg": 9.429380792344258,
    "cat_subsample": 0.5153591223672523,
    "cat_rsm": 0.9126556834487348,
    "cat_border_count": 158,
    "cat_random_strength": 1.0444696951611838,
    "cat_leaf_estimation_iterations": 19,
    "cat_bootstrap_type": "Bernoulli"
  },
  "features_enabled": {
    "ENABLE_EXTERNAL_FEATURES": "0",
    "ENABLE_FINGPT_FEATURES": "1",
    "ENABLE_YOLO_FEATURES": "1",
    "ML_USE_DIRECTIONAL_LOSS": "1",
    "ENABLE_SEED_BAGGING": "1",
    "ENABLE_TALIB_PATTERNS": "0",
    "ML_USE_SMART_ENSEMBLE": "1",
    "ML_USE_STACKED_SHORT": "0",
    "ENABLE_META_STACKING": "0",
    "ML_USE_REGIME_DETECTION": "0",
    "ENABLE_FINGPT": "0",
    "ML_USE_ADAPTIVE_LEARNING": "0",
    "ENABLE_XGBOOST": "1",
    "ENABLE_LIGHTGBM": "1",
    "ENABLE_CATBOOST": "1"
  },
  "best_trial_metrics": {
    "AKSGY_1d": {
      "symbol": "AKSGY",
      "horizon": 1,
      "split_metrics": [
        {
          "split_index": 1,
          "train_days": 450,
          "test_days": 30,
          "train_end_idx": 450,
          "test_end_idx": 480,
          "train_start": "2023-08-21T00:00:00",
          "train_end": "2025-06-05T00:00:00",
          "test_start": "2025-06-10T00:00:00",
          "test_end": "2025-07-22T00:00:00",
          "valid_predictions": 29,
          "model_metrics": {
            "xgboost": {
              "raw_r2": -7.669421561901902,
              "rmse": 0.0657959775855876,
              "mape": 1.6075379079412546,
              "confidence": 0.3
            },
            "lightgbm": {
              "raw_r2": -0.02193024440658971,
              "rmse": 0.023732524363430995,
              "mape": 1.6198465477124415,
              "confidence": 0.6071995080354999
            },
            "catboost": {
              "raw_r2": 0.01866310770813488,
              "rmse": 0.023258773689705147,
              "mape": 1.692353072327053,
              "confidence": 0.6401527810057461
            }
          },
          "dirhit": 71.42857142857143,
          "rmse": 0.018777246185195856,
          "mape": 2084830.2673527654,
          "nrmse": 1.0592580628341879,
          "mask_count": 7,
          "mask_pct": 24.137931034482758,
          "low_support": false,
          "min_mask_count": 0,
          "min_mask_pct": 0.0,
          "ensemble_debug": {
            "historical_r2": {
              "xgboost": -7.669421561901902,
              "lightgbm": -0.02193024440658971,
              "catboost": 0.01866310770813488
            },
            "ensemble_weights": {
              "xgboost": 0.08924121734167827,
              "lightgbm": 0.7150239650268827,
              "catboost": 0.19573481763143893
            },
            "source": "model"
          }
        },
        {
          "split_index": 2,
          "train_days": 480,
          "test_days": 30,
          "train_end_idx": 480,
          "test_end_idx": 510,