{
  "best_value": 73.5042735042735,
  "best_dirhit": 61.75213675213674,
  "best_params": {
    "enable_external_features": false,
    "enable_fingpt_features": false,
    "enable_yolo_features": true,
    "enable_directional_loss": false,
    "enable_seed_bagging": true,
    "enable_talib_patterns": true,
    "enable_smart_ensemble": true,
    "enable_stacked_short": false,
    "enable_meta_stacking": false,
    "enable_regime_detection": true,
    "enable_fingpt": true,
    "model_choice": "all",
    "n_seeds": 5,
    "ml_adaptive_k_1d": 1.784715743652774,
    "ml_pattern_weight_scale_1d": 0.8314450254794072,
    "enable_talib_patterns_short": true,
    "external_min_days": 27,
    "external_smooth_alpha": 0.2733111654404201,
    "regime_scale_low": 0.9424156765587617,
    "regime_scale_high": 1.1060156184192331,
    "yolo_min_conf": 0.3476366336625532,
    "smart_consensus_weight": 0.3475200256091949,
    "smart_performance_weight": 0.2868167986391241,
    "smart_sigma": 0.0019175581496259548,
    "smart_weight_xgb": 1.3152589459216828,
    "smart_weight_lgbm": 0.7891165009359735,
    "smart_weight_cat": 0.635380282116416,
    "xgb_n_estimators": 592,
    "xgb_max_depth": 5,
    "xgb_learning_rate": 0.08210412219464781,
    "xgb_subsample": 0.7246828463890683,
    "xgb_colsample_bytree": 0.8580934781712787,
    "xgb_reg_alpha": 0.18399519557100882,
    "xgb_reg_lambda": 4.133007665460014,
    "xgb_min_child_weight": 5,
    "xgb_gamma": 0.003498348207874611,
    "xgb_grow_policy": "depthwise",
    "xgb_tree_method": "hist",
    "xgb_max_bin": 180,
    "lgb_n_estimators": 423,
    "lgb_max_depth": 5,
    "lgb_learning_rate": 0.024237501779214292,
    "lgb_num_leaves": 14,
    "lgb_subsample": 0.8587757935250894,
    "lgb_colsample_bytree": 0.7184080662217311,
    "lgb_reg_alpha": 0.4836264790820301,
    "lgb_reg_lambda": 0.02091274704724026,
    "lgb_min_data_in_leaf": 67,
    "lgb_feature_fraction_bynode": 0.830836465867231,
    "lgb_bagging_freq": 1,
    "lgb_min_gain_to_split": 0.3109978814574118,
    "cat_iterations": 316,
    "cat_depth": 8,
    "cat_learning_rate": 0.014507210259840402,
    "cat_l2_leaf_reg": 9.010260489173989,
    "cat_subsample": 0.8538502246649949,
    "cat_rsm": 0.5935195447248567,
    "cat_border_count": 181,
    "cat_random_strength": 0.4928332391042958,
    "cat_leaf_estimation_iterations": 6,
    "cat_bootstrap_type": "Bernoulli"
  },
  "best_trial": {
    "number": 112,
    "value": 37.0613056335088,
    "state": "1"
  },
  "best_trial_number": 112,
  "best_trial_seed": 154,
  "n_trials": 262,
  "pruned_count": 0,
  "avg_trial_time": 0.0,
  "top_k_trials": [],
  "study_name": "hpo_with_features_BLCYT_h1_c2",
  "symbols": [
    "BLCYT"
  ],
  "horizon": 1,
  "best_model_choice": "all",
  "feature_flags": {
    "enable_external_features": false,
    "enable_fingpt_features": false,
    "enable_yolo_features": true,
    "enable_directional_loss": false,
    "enable_seed_bagging": true,
    "enable_talib_patterns": true,
    "enable_smart_ensemble": true,
    "enable_stacked_short": false,
    "enable_meta_stacking": false,
    "enable_regime_detection": true,
    "enable_fingpt": true,
    "enable_talib_patterns_short": true
  },
  "feature_params": {
    "n_seeds": 5,
    "ml_adaptive_k_1d": 1.784715743652774,
    "ml_pattern_weight_scale_1d": 0.8314450254794072,
    "external_min_days": 27,
    "external_smooth_alpha": 0.2733111654404201,
    "regime_scale_low": 0.9424156765587617,
    "regime_scale_high": 1.1060156184192331,
    "yolo_min_conf": 0.3476366336625532,
    "smart_consensus_weight": 0.3475200256091949,
    "smart_performance_weight": 0.2868167986391241,
    "smart_sigma": 0.0019175581496259548,
    "smart_weight_xgb": 1.3152589459216828,
    "smart_weight_lgbm": 0.7891165009359735,
    "smart_weight_cat": 0.635380282116416
  },
  "hyperparameters": {
    "model_choice": "all",
    "xgb_n_estimators": 592,
    "xgb_max_depth": 5,
    "xgb_learning_rate": 0.08210412219464781,
    "xgb_subsample": 0.7246828463890683,
    "xgb_colsample_bytree": 0.8580934781712787,
    "xgb_reg_alpha": 0.18399519557100882,
    "xgb_reg_lambda": 4.133007665460014,
    "xgb_min_child_weight": 5,
    "xgb_gamma": 0.003498348207874611,
    "xgb_grow_policy": "depthwise",
    "xgb_tree_method": "hist",
    "xgb_max_bin": 180,
    "lgb_n_estimators": 423,
    "lgb_max_depth": 5,
    "lgb_learning_rate": 0.024237501779214292,
    "lgb_num_leaves": 14,
    "lgb_subsample": 0.8587757935250894,
    "lgb_colsample_bytree": 0.7184080662217311,
    "lgb_reg_alpha": 0.4836264790820301,
    "lgb_reg_lambda": 0.02091274704724026,
    "lgb_min_data_in_leaf": 67,
    "lgb_feature_fraction_bynode": 0.830836465867231,
    "lgb_bagging_freq": 1,
    "lgb_min_gain_to_split": 0.3109978814574118,
    "cat_iterations": 316,
    "cat_depth": 8,
    "cat_learning_rate": 0.014507210259840402,
    "cat_l2_leaf_reg": 9.010260489173989,
    "cat_subsample": 0.8538502246649949,
    "cat_rsm": 0.5935195447248567,
    "cat_border_count": 181,
    "cat_random_strength": 0.4928332391042958,
    "cat_leaf_estimation_iterations": 6,
    "cat_bootstrap_type": "Bernoulli"
  },
  "features_enabled": {
    "ENABLE_EXTERNAL_FEATURES": "0",
    "ENABLE_FINGPT_FEATURES": "0",
    "ENABLE_YOLO_FEATURES": "1",
    "ML_USE_DIRECTIONAL_LOSS": "0",
    "ENABLE_SEED_BAGGING": "1",
    "ENABLE_TALIB_PATTERNS": "1",
    "ML_USE_SMART_ENSEMBLE": "1",
    "ML_USE_STACKED_SHORT": "0",
    "ENABLE_META_STACKING": "0",
    "ML_USE_REGIME_DETECTION": "1",
    "ENABLE_FINGPT": "1",
    "ML_USE_ADAPTIVE_LEARNING": "0",
    "ENABLE_XGBOOST": "1",
    "ENABLE_LIGHTGBM": "1",
    "ENABLE_CATBOOST": "1"
  },
  "best_trial_metrics": {
    "BLCYT_1d": {
      "symbol": "BLCYT",
      "horizon": 1,
      "split_metrics": [
        {
          "split_index": 1,
          "train_days": 451,
          "test_days": 30,
          "train_end_idx": 451,
          "test_end_idx": 481,
          "train_start": "2023-08-21T00:00:00",
          "train_end": "2025-06-11T00:00:00",
          "test_start": "2025-06-12T00:00:00",
          "test_end": "2025-07-24T00:00:00",
          "valid_predictions": 29,
          "model_metrics": {
            "xgboost": {
              "raw_r2": 0.030696847851512943,
              "rmse": 0.028659493069148875,
              "mape": 1.5807659695588558,
              "confidence": 0.6498923414601103
            },
            "lightgbm": {
              "raw_r2": -0.006691078114657856,
              "rmse": 0.029078854122806835,
              "mape": 1.8883903859385363,
              "confidence": 0.6195640060480292
            },
            "catboost": {
              "raw_r2": 0.0007895327207442978,
              "rmse": 0.028986156178714088,
              "mape": 1.7977922863280813,
              "confidence": 0.6256414945025148
            }
          },
          "dirhit": 77.77777777777779,
          "rmse": 0.026050852769436864,
          "mape": 3395874.171644236,
          "nrmse": 1.0048384118766938,
          "mask_count": 9,
          "mask_pct": 31.03448275862069,
          "low_support": false,
          "min_mask_count": 0,
          "min_mask_pct": 0.0,
          "ensemble_debug": {
            "historical_r2": {
              "xgboost": 0.030696847851512943,
              "lightgbm": -0.006691078114657856,
              "catboost": 0.0007895327207442978
            },
            "ensemble_weights": {
              "xgboost": 0.26307329409888797,
              "lightgbm": 0.15491302637495177,
              "catboost": 0.5820136795261602
            },
            "source": "model"
          }
        },
        {
          "split_index": 2,
          "train_days": 481,
          "test_days": 30,
          "train_end_idx": 481,
          "test_end_idx": 511,
          "train_start": "2023-08-21T00:00:00",
          "train_end": "2025-07-24T00:00:00",
          "test_start": "2025-07-25T00:00:00",
          "test_end": "2025-09-04T00:00:00",