{
  "best_value": 59.62885154061624,
  "best_dirhit": 59.628851540616246,
  "best_params": {
    "enable_external_features": true,
    "enable_fingpt_features": false,
    "enable_yolo_features": false,
    "enable_directional_loss": true,
    "enable_seed_bagging": true,
    "enable_talib_patterns": false,
    "enable_smart_ensemble": true,
    "enable_stacked_short": true,
    "enable_meta_stacking": true,
    "enable_regime_detection": false,
    "enable_fingpt": false,
    "model_choice": "all",
    "ml_loss_mse_weight": 0.4320412077803225,
    "ml_loss_threshold": 0.00864430314677415,
    "ml_dir_penalty": 1.550083776583973,
    "n_seeds": 3,
    "meta_stacking_alpha": 0.021898812429056922,
    "ml_adaptive_k_1d": 2.8493872365571256,
    "ml_pattern_weight_scale_1d": 1.8160090300714715,
    "enable_talib_patterns_short": false,
    "external_min_days": 53,
    "external_smooth_alpha": 0.29984036521975804,
    "smart_consensus_weight": 0.5648252891780032,
    "smart_performance_weight": 0.32092614545022585,
    "smart_sigma": 0.0013216896636746136,
    "smart_weight_xgb": 1.3972157579533269,
    "smart_weight_lgbm": 1.4004180571633305,
    "smart_weight_cat": 1.133101457273268,
    "xgb_n_estimators": 302,
    "xgb_max_depth": 3,
    "xgb_learning_rate": 0.07141511310968733,
    "xgb_subsample": 0.8588441039810308,
    "xgb_colsample_bytree": 0.8548345697060469,
    "xgb_reg_alpha": 0.047780784401828445,
    "xgb_reg_lambda": 1.0396506923366906,
    "xgb_min_child_weight": 5,
    "xgb_gamma": 0.00044311337228576176,
    "xgb_grow_policy": "depthwise",
    "xgb_tree_method": "hist",
    "xgb_max_bin": 131,
    "lgb_n_estimators": 168,
    "lgb_max_depth": 6,
    "lgb_learning_rate": 0.010152786939077382,
    "lgb_num_leaves": 16,
    "lgb_subsample": 0.7194935157466344,
    "lgb_colsample_bytree": 0.7767580790770774,
    "lgb_reg_alpha": 0.016704448087211738,
    "lgb_reg_lambda": 0.001179214148782151,
    "lgb_min_data_in_leaf": 74,
    "lgb_feature_fraction_bynode": 0.6186245437484,
    "lgb_bagging_freq": 3,
    "lgb_min_gain_to_split": 0.7464914051180241,
    "cat_iterations": 432,
    "cat_depth": 7,
    "cat_learning_rate": 0.0717090713664527,
    "cat_l2_leaf_reg": 6.114777430019244,
    "cat_subsample": 0.5421536455226416,
    "cat_rsm": 0.665472111376745,
    "cat_border_count": 79,
    "cat_random_strength": 0.25973536453725443,
    "cat_leaf_estimation_iterations": 20,
    "cat_bootstrap_type": "Bernoulli"
  },
  "best_trial": {
    "number": 9,
    "value": 34.6276935998525,
    "state": "1"
  },
  "best_trial_number": 9,
  "best_trial_seed": 51,
  "n_trials": 9,
  "pruned_count": 0,
  "avg_trial_time": 0.0,
  "top_k_trials": [],
  "study_name": "hpo_with_features_HALKB_h1_c2",
  "symbols": [
    "HALKB"
  ],
  "horizon": 1,
  "best_model_choice": "all",
  "feature_flags": {
    "enable_external_features": true,
    "enable_fingpt_features": false,
    "enable_yolo_features": false,
    "enable_directional_loss": true,
    "enable_seed_bagging": true,
    "enable_talib_patterns": false,
    "enable_smart_ensemble": true,
    "enable_stacked_short": true,
    "enable_meta_stacking": true,
    "enable_regime_detection": false,
    "enable_fingpt": false,
    "enable_talib_patterns_short": false
  },
  "feature_params": {
    "ml_loss_mse_weight": 0.4320412077803225,
    "ml_loss_threshold": 0.00864430314677415,
    "ml_dir_penalty": 1.550083776583973,
    "n_seeds": 3,
    "meta_stacking_alpha": 0.021898812429056922,
    "ml_adaptive_k_1d": 2.8493872365571256,
    "ml_pattern_weight_scale_1d": 1.8160090300714715,
    "external_min_days": 53,
    "external_smooth_alpha": 0.29984036521975804,
    "smart_consensus_weight": 0.5648252891780032,
    "smart_performance_weight": 0.32092614545022585,
    "smart_sigma": 0.0013216896636746136,
    "smart_weight_xgb": 1.3972157579533269,
    "smart_weight_lgbm": 1.4004180571633305,
    "smart_weight_cat": 1.133101457273268
  },
  "hyperparameters": {
    "model_choice": "all",
    "xgb_n_estimators": 302,
    "xgb_max_depth": 3,
    "xgb_learning_rate": 0.07141511310968733,
    "xgb_subsample": 0.8588441039810308,
    "xgb_colsample_bytree": 0.8548345697060469,
    "xgb_reg_alpha": 0.047780784401828445,
    "xgb_reg_lambda": 1.0396506923366906,
    "xgb_min_child_weight": 5,
    "xgb_gamma": 0.00044311337228576176,
    "xgb_grow_policy": "depthwise",
    "xgb_tree_method": "hist",
    "xgb_max_bin": 131,
    "lgb_n_estimators": 168,
    "lgb_max_depth": 6,
    "lgb_learning_rate": 0.010152786939077382,
    "lgb_num_leaves": 16,
    "lgb_subsample": 0.7194935157466344,
    "lgb_colsample_bytree": 0.7767580790770774,
    "lgb_reg_alpha": 0.016704448087211738,
    "lgb_reg_lambda": 0.001179214148782151,
    "lgb_min_data_in_leaf": 74,
    "lgb_feature_fraction_bynode": 0.6186245437484,
    "lgb_bagging_freq": 3,
    "lgb_min_gain_to_split": 0.7464914051180241,
    "cat_iterations": 432,
    "cat_depth": 7,
    "cat_learning_rate": 0.0717090713664527,
    "cat_l2_leaf_reg": 6.114777430019244,
    "cat_subsample": 0.5421536455226416,
    "cat_rsm": 0.665472111376745,
    "cat_border_count": 79,
    "cat_random_strength": 0.25973536453725443,
    "cat_leaf_estimation_iterations": 20,
    "cat_bootstrap_type": "Bernoulli"
  },
  "features_enabled": {
    "ENABLE_EXTERNAL_FEATURES": "1",
    "ENABLE_FINGPT_FEATURES": "0",
    "ENABLE_YOLO_FEATURES": "0",
    "ML_USE_DIRECTIONAL_LOSS": "1",
    "ENABLE_SEED_BAGGING": "1",
    "ENABLE_TALIB_PATTERNS": "0",
    "ML_USE_SMART_ENSEMBLE": "1",
    "ML_USE_STACKED_SHORT": "1",
    "ENABLE_META_STACKING": "1",
    "ML_USE_REGIME_DETECTION": "0",
    "ENABLE_FINGPT": "0",
    "ML_USE_ADAPTIVE_LEARNING": "0",
    "ENABLE_XGBOOST": "1",
    "ENABLE_LIGHTGBM": "1",
    "ENABLE_CATBOOST": "1"
  },
  "best_trial_metrics": {
    "HALKB_1d": {
      "symbol": "HALKB",
      "horizon": 1,
      "split_metrics": [
        {
          "split_index": 1,
          "train_days": 454,
          "test_days": 30,
          "train_end_idx": 454,
          "test_end_idx": 484,
          "train_start": "2023-08-21T00:00:00",
          "train_end": "2025-06-16T00:00:00",
          "test_start": "2025-06-17T00:00:00",
          "test_end": "2025-07-29T00:00:00",
          "valid_predictions": 29,
          "model_metrics": {
            "xgboost": {
              "raw_r2": -0.21538831237928222,
              "rmse": 0.029357292699582517,
              "mape": 1.3847596932031883,
              "confidence": 0.4651554020298318
            },
            "lightgbm": {
              "raw_r2": -0.013049276755870753,
              "rmse": 0.027134524220944582,
              "mape": 1.8120277239837501,
              "confidence": 0.614401222365488
            },
            "catboost": {
              "raw_r2": -0.002399874894111087,
              "rmse": 0.027067673821855126,
              "mape": 1.709827188421075,
              "confidence": 0.6230501250445387
            }
          },
          "dirhit": 64.70588235294117,
          "rmse": 0.026632520223178163,
          "mape": 2758543.577208891,
          "nrmse": 1.051756185939575,
          "mask_count": 17,
          "mask_pct": 58.620689655172406,
          "low_support": false,
          "min_mask_count": 0,
          "min_mask_pct": 0.0
        },
        {
          "split_index": 2,
          "train_days": 484,
          "test_days": 30,
          "train_end_idx": 484,
          "test_end_idx": 514,
          "train_start": "2023-08-21T00:00:00",
          "train_end": "2025-07-29T00:00:00",
          "test_start": "2025-07-30T00:00:00",
          "test_end": "2025-09-09T00:00:00",
          "valid_predictions": 29,
          "model_metrics": {
            "xgboost": {
              "raw_r2": -0.20702707961809952,
              "rmse": 0.029828464738442157,
              "mape": 1.3907497852777821,
              "confidence": 0.47035831289806285
            },