{
  "best_value": 55.90177133655394,
  "best_dirhit": 55.90177133655394,
  "best_params": {
    "enable_external_features": false,
    "enable_fingpt_features": true,
    "enable_yolo_features": true,
    "enable_directional_loss": false,
    "enable_seed_bagging": false,
    "enable_talib_patterns": true,
    "enable_smart_ensemble": true,
    "enable_stacked_short": true,
    "enable_meta_stacking": true,
    "enable_regime_detection": true,
    "enable_fingpt": false,
    "model_choice": "all",
    "meta_stacking_alpha": 1.2248682856804867,
    "ml_adaptive_k_1d": 2.14012234017873,
    "ml_pattern_weight_scale_1d": 0.6457647406561529,
    "enable_talib_patterns_short": false,
    "external_min_days": 25,
    "external_smooth_alpha": 0.28324834356368156,
    "regime_scale_low": 0.9579271529470319,
    "regime_scale_high": 1.1533383511957567,
    "yolo_min_conf": 0.6485078704976339,
    "smart_consensus_weight": 0.6512420419935546,
    "smart_performance_weight": 0.37974557560987754,
    "smart_sigma": 0.002409748928705969,
    "smart_weight_xgb": 1.3093611554785136,
    "smart_weight_lgbm": 1.3101133946791808,
    "smart_weight_cat": 1.3670723185801037,
    "fingpt_confidence_threshold": 0.4739721657669414,
    "xgb_n_estimators": 380,
    "xgb_max_depth": 4,
    "xgb_learning_rate": 0.08686963207697722,
    "xgb_subsample": 0.7599855723111061,
    "xgb_colsample_bytree": 0.7807867509030814,
    "xgb_reg_alpha": 0.05953275989844317,
    "xgb_reg_lambda": 15.209271232644532,
    "xgb_min_child_weight": 8,
    "xgb_gamma": 0.00317930219993954,
    "xgb_grow_policy": "lossguide",
    "xgb_tree_method": "hist",
    "xgb_max_bin": 141,
    "lgb_n_estimators": 343,
    "lgb_max_depth": 5,
    "lgb_learning_rate": 0.023593847283130732,
    "lgb_num_leaves": 40,
    "lgb_subsample": 0.5122000999756198,
    "lgb_colsample_bytree": 0.5149392754996858,
    "lgb_reg_alpha": 0.21285486242871973,
    "lgb_reg_lambda": 0.005260722136740084,
    "lgb_min_data_in_leaf": 21,
    "lgb_feature_fraction_bynode": 0.7611216300274022,
    "lgb_bagging_freq": 8,
    "lgb_min_gain_to_split": 0.21582102749684318,
    "cat_iterations": 419,
    "cat_depth": 2,
    "cat_learning_rate": 0.011674531719265543,
    "cat_l2_leaf_reg": 5.782191684113332,
    "cat_subsample": 0.7432858047245479,
    "cat_rsm": 0.7868434556741929,
    "cat_border_count": 190,
    "cat_random_strength": 4.549287793265492,
    "cat_leaf_estimation_iterations": 11,
    "cat_bootstrap_type": "Bernoulli"
  },
  "best_trial": {
    "number": 10,
    "value": 31.4001988466101,
    "state": "1"
  },
  "best_trial_number": 10,
  "best_trial_seed": 52,
  "n_trials": 9,
  "pruned_count": 0,
  "avg_trial_time": 0.0,
  "top_k_trials": [],
  "study_name": "hpo_with_features_GSRAY_h1_c2",
  "symbols": [
    "GSRAY"
  ],
  "horizon": 1,
  "best_model_choice": "all",
  "feature_flags": {
    "enable_external_features": false,
    "enable_fingpt_features": true,
    "enable_yolo_features": true,
    "enable_directional_loss": false,
    "enable_seed_bagging": false,
    "enable_talib_patterns": true,
    "enable_smart_ensemble": true,
    "enable_stacked_short": true,
    "enable_meta_stacking": true,
    "enable_regime_detection": true,
    "enable_fingpt": false,
    "enable_talib_patterns_short": false
  },
  "feature_params": {
    "meta_stacking_alpha": 1.2248682856804867,
    "ml_adaptive_k_1d": 2.14012234017873,
    "ml_pattern_weight_scale_1d": 0.6457647406561529,
    "external_min_days": 25,
    "external_smooth_alpha": 0.28324834356368156,
    "regime_scale_low": 0.9579271529470319,
    "regime_scale_high": 1.1533383511957567,
    "yolo_min_conf": 0.6485078704976339,
    "smart_consensus_weight": 0.6512420419935546,
    "smart_performance_weight": 0.37974557560987754,
    "smart_sigma": 0.002409748928705969,
    "smart_weight_xgb": 1.3093611554785136,
    "smart_weight_lgbm": 1.3101133946791808,
    "smart_weight_cat": 1.3670723185801037,
    "fingpt_confidence_threshold": 0.4739721657669414
  },
  "hyperparameters": {
    "model_choice": "all",
    "xgb_n_estimators": 380,
    "xgb_max_depth": 4,
    "xgb_learning_rate": 0.08686963207697722,
    "xgb_subsample": 0.7599855723111061,
    "xgb_colsample_bytree": 0.7807867509030814,
    "xgb_reg_alpha": 0.05953275989844317,
    "xgb_reg_lambda": 15.209271232644532,
    "xgb_min_child_weight": 8,
    "xgb_gamma": 0.00317930219993954,
    "xgb_grow_policy": "lossguide",
    "xgb_tree_method": "hist",
    "xgb_max_bin": 141,
    "lgb_n_estimators": 343,
    "lgb_max_depth": 5,
    "lgb_learning_rate": 0.023593847283130732,
    "lgb_num_leaves": 40,
    "lgb_subsample": 0.5122000999756198,
    "lgb_colsample_bytree": 0.5149392754996858,
    "lgb_reg_alpha": 0.21285486242871973,
    "lgb_reg_lambda": 0.005260722136740084,
    "lgb_min_data_in_leaf": 21,
    "lgb_feature_fraction_bynode": 0.7611216300274022,
    "lgb_bagging_freq": 8,
    "lgb_min_gain_to_split": 0.21582102749684318,
    "cat_iterations": 419,
    "cat_depth": 2,
    "cat_learning_rate": 0.011674531719265543,
    "cat_l2_leaf_reg": 5.782191684113332,
    "cat_subsample": 0.7432858047245479,
    "cat_rsm": 0.7868434556741929,
    "cat_border_count": 190,
    "cat_random_strength": 4.549287793265492,
    "cat_leaf_estimation_iterations": 11,
    "cat_bootstrap_type": "Bernoulli"
  },
  "features_enabled": {
    "ENABLE_EXTERNAL_FEATURES": "0",
    "ENABLE_FINGPT_FEATURES": "1",
    "ENABLE_YOLO_FEATURES": "1",
    "ML_USE_DIRECTIONAL_LOSS": "0",
    "ENABLE_SEED_BAGGING": "0",
    "ENABLE_TALIB_PATTERNS": "1",
    "ML_USE_SMART_ENSEMBLE": "1",
    "ML_USE_STACKED_SHORT": "1",
    "ENABLE_META_STACKING": "1",
    "ML_USE_REGIME_DETECTION": "1",
    "ENABLE_FINGPT": "0",
    "ML_USE_ADAPTIVE_LEARNING": "0",
    "ENABLE_XGBOOST": "1",
    "ENABLE_LIGHTGBM": "1",
    "ENABLE_CATBOOST": "1"
  },
  "best_trial_metrics": {
    "GSRAY_1d": {
      "symbol": "GSRAY",
      "horizon": 1,
      "split_metrics": [
        {
          "split_index": 1,
          "train_days": 454,
          "test_days": 30,
          "train_end_idx": 454,
          "test_end_idx": 484,
          "train_start": "2023-08-21T00:00:00",
          "train_end": "2025-06-16T00:00:00",
          "test_start": "2025-06-17T00:00:00",
          "test_end": "2025-07-29T00:00:00",
          "valid_predictions": 29,
          "model_metrics": {
            "xgboost": {
              "raw_r2": -0.004074271773177651,
              "rmse": 0.047005477701538574,
              "mape": 1.745274566192932,
              "confidence": 0.6216897686602008
            },
            "lightgbm": {
              "raw_r2": -0.010005107852561515,
              "rmse": 0.04706631340701594,
              "mape": 1.8856558793557925,
              "confidence": 0.6168725447491321
            },
            "catboost": {
              "raw_r2": -0.0010233850505687592,
              "rmse": 0.04695796606434255,
              "mape": 1.813108537720088,
              "confidence": 0.6241685014606674
            }
          },
          "dirhit": 59.25925925925925,
          "rmse": 0.07174371623933935,
          "mape": 23636152.726322405,
          "nrmse": 1.4483844446352128,
          "mask_count": 27,
          "mask_pct": 93.10344827586206,
          "low_support": false,
          "min_mask_count": 0,
          "min_mask_pct": 0.0
        },
        {
          "split_index": 2,
          "train_days": 484,
          "test_days": 30,
          "train_end_idx": 484,
          "test_end_idx": 514,
          "train_start": "2023-08-21T00:00:00",
          "train_end": "2025-07-29T00:00:00",
          "test_start": "2025-07-30T00:00:00",
          "test_end": "2025-09-09T00:00:00",
          "valid_predictions": 29,
          "model_metrics": {
            "xgboost": {
              "raw_r2": 0.006380507334002232,
              "rmse": 0.04738981221999757,
              "mape": 1.7002308723607804,
              "confidence": 0.6301837225624276
            },