{
  "best_value": 78.48484848484848,
  "best_dirhit": 78.48484848484848,
  "best_params": {
    "enable_external_features": false,
    "enable_fingpt_features": true,
    "enable_yolo_features": false,
    "enable_directional_loss": false,
    "enable_seed_bagging": true,
    "enable_talib_patterns": true,
    "enable_smart_ensemble": true,
    "enable_stacked_short": true,
    "enable_meta_stacking": true,
    "enable_regime_detection": false,
    "enable_fingpt": true,
    "model_choice": "all",
    "n_seeds": 3,
    "meta_stacking_alpha": 5.5236587938483375,
    "ml_adaptive_k_1d": 1.8579849654654463,
    "ml_pattern_weight_scale_1d": 1.7311652371633,
    "enable_talib_patterns_short": true,
    "external_min_days": 45,
    "external_smooth_alpha": 0.26912739459985047,
    "smart_consensus_weight": 0.5966454896070436,
    "smart_performance_weight": 0.5866383440945299,
    "smart_sigma": 0.0019807843335968483,
    "smart_weight_xgb": 0.8708215614450221,
    "smart_weight_lgbm": 0.685887384723798,
    "smart_weight_cat": 1.0762206803738104,
    "fingpt_confidence_threshold": 0.4003915641444696,
    "xgb_n_estimators": 372,
    "xgb_max_depth": 6,
    "xgb_learning_rate": 0.01558754275902297,
    "xgb_subsample": 0.5376896035058027,
    "xgb_colsample_bytree": 0.5422454009588588,
    "xgb_reg_alpha": 0.08805567015879219,
    "xgb_reg_lambda": 0.012042308728003086,
    "xgb_min_child_weight": 8,
    "xgb_gamma": 0.0021691075649542834,
    "xgb_grow_policy": "lossguide",
    "xgb_tree_method": "hist",
    "xgb_max_bin": 338,
    "lgb_n_estimators": 181,
    "lgb_max_depth": 7,
    "lgb_learning_rate": 0.04281777391179464,
    "lgb_num_leaves": 52,
    "lgb_subsample": 0.5845909051302391,
    "lgb_colsample_bytree": 0.5079701319643145,
    "lgb_reg_alpha": 0.47820765205914245,
    "lgb_reg_lambda": 0.018773714964201015,
    "lgb_min_data_in_leaf": 85,
    "lgb_feature_fraction_bynode": 0.9324750553515943,
    "lgb_bagging_freq": 2,
    "lgb_min_gain_to_split": 0.1612911441621169,
    "cat_iterations": 227,
    "cat_depth": 5,
    "cat_learning_rate": 0.015573749869699253,
    "cat_l2_leaf_reg": 8.974723198785545,
    "cat_subsample": 0.9440667296700417,
    "cat_rsm": 0.845800768974167,
    "cat_border_count": 163,
    "cat_random_strength": 2.746608471016861,
    "cat_leaf_estimation_iterations": 13,
    "cat_bootstrap_type": "No"
  },
  "best_trial": {
    "number": 788,
    "value": 48.93185505752845,
    "state": "1"
  },
  "best_trial_number": 788,
  "best_trial_seed": 830,
  "n_trials": 1391,
  "pruned_count": 0,
  "avg_trial_time": 0.0,
  "top_k_trials": [],
  "study_name": "hpo_with_features_DOKTA_h1_c2",
  "symbols": [
    "DOKTA"
  ],
  "horizon": 1,
  "best_model_choice": "all",
  "feature_flags": {
    "enable_external_features": false,
    "enable_fingpt_features": true,
    "enable_yolo_features": false,
    "enable_directional_loss": false,
    "enable_seed_bagging": true,
    "enable_talib_patterns": true,
    "enable_smart_ensemble": true,
    "enable_stacked_short": true,
    "enable_meta_stacking": true,
    "enable_regime_detection": false,
    "enable_fingpt": true,
    "enable_talib_patterns_short": true
  },
  "feature_params": {
    "n_seeds": 3,
    "meta_stacking_alpha": 5.5236587938483375,
    "ml_adaptive_k_1d": 1.8579849654654463,
    "ml_pattern_weight_scale_1d": 1.7311652371633,
    "external_min_days": 45,
    "external_smooth_alpha": 0.26912739459985047,
    "smart_consensus_weight": 0.5966454896070436,
    "smart_performance_weight": 0.5866383440945299,
    "smart_sigma": 0.0019807843335968483,
    "smart_weight_xgb": 0.8708215614450221,
    "smart_weight_lgbm": 0.685887384723798,
    "smart_weight_cat": 1.0762206803738104,
    "fingpt_confidence_threshold": 0.4003915641444696
  },
  "hyperparameters": {
    "model_choice": "all",
    "xgb_n_estimators": 372,
    "xgb_max_depth": 6,
    "xgb_learning_rate": 0.01558754275902297,
    "xgb_subsample": 0.5376896035058027,
    "xgb_colsample_bytree": 0.5422454009588588,
    "xgb_reg_alpha": 0.08805567015879219,
    "xgb_reg_lambda": 0.012042308728003086,
    "xgb_min_child_weight": 8,
    "xgb_gamma": 0.0021691075649542834,
    "xgb_grow_policy": "lossguide",
    "xgb_tree_method": "hist",
    "xgb_max_bin": 338,
    "lgb_n_estimators": 181,
    "lgb_max_depth": 7,
    "lgb_learning_rate": 0.04281777391179464,
    "lgb_num_leaves": 52,
    "lgb_subsample": 0.5845909051302391,
    "lgb_colsample_bytree": 0.5079701319643145,
    "lgb_reg_alpha": 0.47820765205914245,
    "lgb_reg_lambda": 0.018773714964201015,
    "lgb_min_data_in_leaf": 85,
    "lgb_feature_fraction_bynode": 0.9324750553515943,
    "lgb_bagging_freq": 2,
    "lgb_min_gain_to_split": 0.1612911441621169,
    "cat_iterations": 227,
    "cat_depth": 5,
    "cat_learning_rate": 0.015573749869699253,
    "cat_l2_leaf_reg": 8.974723198785545,
    "cat_subsample": 0.9440667296700417,
    "cat_rsm": 0.845800768974167,
    "cat_border_count": 163,
    "cat_random_strength": 2.746608471016861,
    "cat_leaf_estimation_iterations": 13,
    "cat_bootstrap_type": "No"
  },
  "features_enabled": {
    "ENABLE_EXTERNAL_FEATURES": "0",
    "ENABLE_FINGPT_FEATURES": "1",
    "ENABLE_YOLO_FEATURES": "0",
    "ML_USE_DIRECTIONAL_LOSS": "0",
    "ENABLE_SEED_BAGGING": "1",
    "ENABLE_TALIB_PATTERNS": "1",
    "ML_USE_SMART_ENSEMBLE": "1",
    "ML_USE_STACKED_SHORT": "1",
    "ENABLE_META_STACKING": "1",
    "ML_USE_REGIME_DETECTION": "0",
    "ENABLE_FINGPT": "1",
    "ML_USE_ADAPTIVE_LEARNING": "0",
    "ENABLE_XGBOOST": "1",
    "ENABLE_LIGHTGBM": "1",
    "ENABLE_CATBOOST": "1"
  },
  "best_trial_metrics": {
    "DOKTA_1d": {
      "symbol": "DOKTA",
      "horizon": 1,
      "split_metrics": [
        {
          "split_index": 1,
          "train_days": 452,
          "test_days": 30,
          "train_end_idx": 452,
          "test_end_idx": 482,
          "train_start": "2023-08-21T00:00:00",
          "train_end": "2025-06-12T00:00:00",
          "test_start": "2025-06-13T00:00:00",
          "test_end": "2025-07-25T00:00:00",
          "valid_predictions": 29,
          "model_metrics": {
            "xgboost": {
              "raw_r2": 0.011294570571230919,
              "rmse": 0.028051098390101985,
              "mape": 1.689978394073921,
              "confidence": 0.6341744004817935
            },
            "lightgbm": {
              "raw_r2": -0.0030249759595816586,
              "rmse": 0.028256580710860273,
              "mape": 1.9333154408046902,
              "confidence": 0.622542253885902
            },
            "catboost": {
              "raw_r2": 0.018851033494299545,
              "rmse": 0.027964694394113965,
              "mape": 1.6421250667006886,
              "confidence": 0.6403051354428924
            }
          },
          "dirhit": null,
          "rmse": 0.02012053141811645,
          "mape": 232544.2712435834,
          "nrmse": 1.0413130352159685,
          "mask_count": 1,
          "mask_pct": 3.4482758620689653,
          "low_support": true,
          "min_mask_count": 10,
          "min_mask_pct": 5.0
        },
        {
          "split_index": 2,
          "train_days": 482,
          "test_days": 30,
          "train_end_idx": 482,
          "test_end_idx": 512,
          "train_start": "2023-08-21T00:00:00",
          "train_end": "2025-07-25T00:00:00",
          "test_start": "2025-07-28T00:00:00",
          "test_end": "2025-09-05T00:00:00",
          "valid_predictions": 29,
          "model_metrics": {
            "xgboost": {
              "raw_r2": 0.009426823884056653,
              "rmse": 0.027533352768346574,
              "mape": 1.724768646371641,
              "confidence": 0.6326578767139557
            },
            "lightgbm": {
              "raw_r2": -0.005138487887196878,
              "rmse": 0.027730905405632653,
              "mape": 1.8988130888909445,
              "confidence": 0.6208252082379653
            },