{
  "best_value": 78.26086956521739,
  "best_dirhit": 37.27355072463768,
  "best_params": {
    "enable_external_features": true,
    "enable_fingpt_features": true,
    "enable_yolo_features": true,
    "enable_directional_loss": true,
    "enable_seed_bagging": true,
    "enable_talib_patterns": true,
    "enable_smart_ensemble": true,
    "enable_stacked_short": false,
    "enable_meta_stacking": true,
    "enable_regime_detection": false,
    "enable_fingpt": true,
    "model_choice": "all",
    "ml_loss_mse_weight": 0.6717740307703084,
    "ml_loss_threshold": 0.003919186741033477,
    "ml_dir_penalty": 4.402293607110015,
    "n_seeds": 3,
    "meta_stacking_alpha": 1.8349955513071,
    "ml_adaptive_k_1d": 2.3607511080084804,
    "ml_pattern_weight_scale_1d": 0.848550227324134,
    "enable_talib_patterns_short": false,
    "external_min_days": 36,
    "external_smooth_alpha": 0.20859905118458888,
    "yolo_min_conf": 0.44634003235435427,
    "smart_consensus_weight": 0.573541748833295,
    "smart_performance_weight": 0.6376711125829548,
    "smart_sigma": 0.004762914295981618,
    "smart_weight_xgb": 0.5031397184154656,
    "smart_weight_lgbm": 1.4084801526571318,
    "smart_weight_cat": 0.5620682566146923,
    "fingpt_confidence_threshold": 0.3061935780806467,
    "xgb_n_estimators": 509,
    "xgb_max_depth": 5,
    "xgb_learning_rate": 0.011335713623938565,
    "xgb_subsample": 0.5341051393111816,
    "xgb_colsample_bytree": 0.844071453140976,
    "xgb_reg_alpha": 8.241354720247548e-06,
    "xgb_reg_lambda": 0.0022783811502527854,
    "xgb_min_child_weight": 8,
    "xgb_gamma": 0.0034012107975999093,
    "xgb_grow_policy": "lossguide",
    "xgb_tree_method": "hist",
    "xgb_max_bin": 437,
    "lgb_n_estimators": 244,
    "lgb_max_depth": 5,
    "lgb_learning_rate": 0.09914206240722279,
    "lgb_num_leaves": 59,
    "lgb_subsample": 0.5202919757658646,
    "lgb_colsample_bytree": 0.8635246934985076,
    "lgb_reg_alpha": 1.7821252379728811,
    "lgb_reg_lambda": 0.002374181469198963,
    "lgb_min_data_in_leaf": 94,
    "lgb_feature_fraction_bynode": 0.5482502533943867,
    "lgb_bagging_freq": 10,
    "lgb_min_gain_to_split": 0.8514437589665981,
    "cat_iterations": 475,
    "cat_depth": 7,
    "cat_learning_rate": 0.1446389386017047,
    "cat_l2_leaf_reg": 5.575773914162456,
    "cat_subsample": 0.8076819188318953,
    "cat_rsm": 0.8450678428165148,
    "cat_border_count": 255,
    "cat_random_strength": 0.22406169341483975,
    "cat_leaf_estimation_iterations": 6,
    "cat_bootstrap_type": "Bernoulli"
  },
  "best_trial": {
    "number": 59,
    "value": 19.74887358716974,
    "state": "1"
  },
  "best_trial_number": 59,
  "best_trial_seed": 101,
  "n_trials": 1429,
  "pruned_count": 0,
  "avg_trial_time": 0.0,
  "top_k_trials": [],
  "study_name": "hpo_with_features_BINHO_h1_c2",
  "symbols": [
    "BINHO"
  ],
  "horizon": 1,
  "best_model_choice": "all",
  "feature_flags": {
    "enable_external_features": true,
    "enable_fingpt_features": true,
    "enable_yolo_features": true,
    "enable_directional_loss": true,
    "enable_seed_bagging": true,
    "enable_talib_patterns": true,
    "enable_smart_ensemble": true,
    "enable_stacked_short": false,
    "enable_meta_stacking": true,
    "enable_regime_detection": false,
    "enable_fingpt": true,
    "enable_talib_patterns_short": false
  },
  "feature_params": {
    "ml_loss_mse_weight": 0.6717740307703084,
    "ml_loss_threshold": 0.003919186741033477,
    "ml_dir_penalty": 4.402293607110015,
    "n_seeds": 3,
    "meta_stacking_alpha": 1.8349955513071,
    "ml_adaptive_k_1d": 2.3607511080084804,
    "ml_pattern_weight_scale_1d": 0.848550227324134,
    "external_min_days": 36,
    "external_smooth_alpha": 0.20859905118458888,
    "yolo_min_conf": 0.44634003235435427,
    "smart_consensus_weight": 0.573541748833295,
    "smart_performance_weight": 0.6376711125829548,
    "smart_sigma": 0.004762914295981618,
    "smart_weight_xgb": 0.5031397184154656,
    "smart_weight_lgbm": 1.4084801526571318,
    "smart_weight_cat": 0.5620682566146923,
    "fingpt_confidence_threshold": 0.3061935780806467
  },
  "hyperparameters": {
    "model_choice": "all",
    "xgb_n_estimators": 509,
    "xgb_max_depth": 5,
    "xgb_learning_rate": 0.011335713623938565,
    "xgb_subsample": 0.5341051393111816,
    "xgb_colsample_bytree": 0.844071453140976,
    "xgb_reg_alpha": 8.241354720247548e-06,
    "xgb_reg_lambda": 0.0022783811502527854,
    "xgb_min_child_weight": 8,
    "xgb_gamma": 0.0034012107975999093,
    "xgb_grow_policy": "lossguide",
    "xgb_tree_method": "hist",
    "xgb_max_bin": 437,
    "lgb_n_estimators": 244,
    "lgb_max_depth": 5,
    "lgb_learning_rate": 0.09914206240722279,
    "lgb_num_leaves": 59,
    "lgb_subsample": 0.5202919757658646,
    "lgb_colsample_bytree": 0.8635246934985076,
    "lgb_reg_alpha": 1.7821252379728811,
    "lgb_reg_lambda": 0.002374181469198963,
    "lgb_min_data_in_leaf": 94,
    "lgb_feature_fraction_bynode": 0.5482502533943867,
    "lgb_bagging_freq": 10,
    "lgb_min_gain_to_split": 0.8514437589665981,
    "cat_iterations": 475,
    "cat_depth": 7,
    "cat_learning_rate": 0.1446389386017047,
    "cat_l2_leaf_reg": 5.575773914162456,
    "cat_subsample": 0.8076819188318953,
    "cat_rsm": 0.8450678428165148,
    "cat_border_count": 255,
    "cat_random_strength": 0.22406169341483975,
    "cat_leaf_estimation_iterations": 6,
    "cat_bootstrap_type": "Bernoulli"
  },
  "features_enabled": {
    "ENABLE_EXTERNAL_FEATURES": "1",
    "ENABLE_FINGPT_FEATURES": "1",
    "ENABLE_YOLO_FEATURES": "1",
    "ML_USE_DIRECTIONAL_LOSS": "1",
    "ENABLE_SEED_BAGGING": "1",
    "ENABLE_TALIB_PATTERNS": "1",
    "ML_USE_SMART_ENSEMBLE": "1",
    "ML_USE_STACKED_SHORT": "0",
    "ENABLE_META_STACKING": "1",
    "ML_USE_REGIME_DETECTION": "0",
    "ENABLE_FINGPT": "1",
    "ML_USE_ADAPTIVE_LEARNING": "0",
    "ENABLE_XGBOOST": "1",
    "ENABLE_LIGHTGBM": "1",
    "ENABLE_CATBOOST": "1"
  },
  "best_trial_metrics": {
    "BINHO_1d": {
      "symbol": "BINHO",
      "horizon": 1,
      "split_metrics": [
        {
          "split_index": 1,
          "train_days": 383,
          "test_days": 30,
          "train_end_idx": 383,
          "test_end_idx": 413,
          "train_start": "2023-11-20T00:00:00",
          "train_end": "2025-06-10T00:00:00",
          "test_start": "2025-06-11T00:00:00",
          "test_end": "2025-07-23T00:00:00",
          "valid_predictions": 29,
          "model_metrics": {
            "xgboost": {
              "raw_r2": -63.275981055808806,
              "rmse": 0.28813133763559157,
              "mape": 1.8469771790451979,
              "confidence": 0.3
            },
            "lightgbm": {
              "raw_r2": -0.12293302199953778,
              "rmse": 0.03979535367850349,
              "mape": 1.5835298523207144,
              "confidence": 0.5281472434361735
            },
            "catboost": {
              "raw_r2": -0.11021262019207127,
              "rmse": 0.03946719498147347,
              "mape": 1.5790150375992502,
              "confidence": 0.5376515678101151
            }
          },
          "dirhit": 37.5,
          "rmse": 0.033701919931422686,
          "mape": 154.28103303510576,
          "nrmse": 1.044857381119738,
          "mask_count": 8,
          "mask_pct": 27.586206896551722,
          "low_support": false,
          "min_mask_count": 0,
          "min_mask_pct": 0.0
        },
        {
          "split_index": 2,
          "train_days": 413,
          "test_days": 30,
          "train_end_idx": 413,
          "test_end_idx": 443,
          "train_start": "2023-11-20T00:00:00",
          "train_end": "2025-07-23T00:00:00",
          "test_start": "2025-07-24T00:00:00",
          "test_end": "2025-09-03T00:00:00",
          "valid_predictions": 29,
          "model_metrics": {
            "xgboost": {
              "raw_r2": -71.62287240483597,
              "rmse": 0.2858139649817584,