{
  "best_value": 71.47435897435898,
  "best_dirhit": 70.2724358974359,
  "best_params": {
    "enable_external_features": true,
    "enable_fingpt_features": true,
    "enable_yolo_features": false,
    "enable_directional_loss": false,
    "enable_seed_bagging": false,
    "enable_talib_patterns": false,
    "enable_smart_ensemble": true,
    "enable_stacked_short": true,
    "enable_meta_stacking": true,
    "enable_regime_detection": true,
    "enable_fingpt": false,
    "model_choice": "all",
    "meta_stacking_alpha": 4.46146930287698,
    "ml_adaptive_k_1d": 1.69423046860432,
    "ml_pattern_weight_scale_1d": 1.2962961989865776,
    "enable_talib_patterns_short": true,
    "external_min_days": 35,
    "external_smooth_alpha": 0.17030136073911947,
    "regime_scale_low": 0.8806674264695422,
    "regime_scale_high": 1.0787958682798122,
    "smart_consensus_weight": 0.790046426693691,
    "smart_performance_weight": 0.5636207769343097,
    "smart_sigma": 0.0018794013268790117,
    "smart_weight_xgb": 0.7773786877584983,
    "smart_weight_lgbm": 0.9129878953484432,
    "smart_weight_cat": 0.6945065980630569,
    "fingpt_confidence_threshold": 0.24627910563153146,
    "xgb_n_estimators": 358,
    "xgb_max_depth": 2,
    "xgb_learning_rate": 0.047853641913978014,
    "xgb_subsample": 0.8420920604847419,
    "xgb_colsample_bytree": 0.7305352855968217,
    "xgb_reg_alpha": 0.00028250721978595656,
    "xgb_reg_lambda": 3.2285972856090175,
    "xgb_min_child_weight": 12,
    "xgb_gamma": 0.040047621073625715,
    "xgb_grow_policy": "depthwise",
    "xgb_tree_method": "hist",
    "xgb_max_bin": 461,
    "lgb_n_estimators": 149,
    "lgb_max_depth": 2,
    "lgb_learning_rate": 0.012205869853330801,
    "lgb_num_leaves": 15,
    "lgb_subsample": 0.8049486069139906,
    "lgb_colsample_bytree": 0.5748097938479588,
    "lgb_reg_alpha": 3.570459737527513e-05,
    "lgb_reg_lambda": 0.08615256863047394,
    "lgb_min_data_in_leaf": 65,
    "lgb_feature_fraction_bynode": 0.7271502039840577,
    "lgb_bagging_freq": 1,
    "lgb_min_gain_to_split": 0.7946576577093678,
    "cat_iterations": 550,
    "cat_depth": 4,
    "cat_learning_rate": 0.016308868209793888,
    "cat_l2_leaf_reg": 6.192000551445538,
    "cat_subsample": 0.7069890208447743,
    "cat_rsm": 0.7278782512542994,
    "cat_border_count": 64,
    "cat_random_strength": 4.989465017190244,
    "cat_leaf_estimation_iterations": 10,
    "cat_bootstrap_type": "Bernoulli"
  },
  "best_trial": {
    "number": 228,
    "value": 41.831117178597786,
    "state": "1"
  },
  "best_trial_number": 228,
  "best_trial_seed": 270,
  "n_trials": 268,
  "pruned_count": 0,
  "avg_trial_time": 0.0,
  "top_k_trials": [],
  "study_name": "hpo_with_features_DOHOL_h1_c2",
  "symbols": [
    "DOHOL"
  ],
  "horizon": 1,
  "best_model_choice": "all",
  "feature_flags": {
    "enable_external_features": true,
    "enable_fingpt_features": true,
    "enable_yolo_features": false,
    "enable_directional_loss": false,
    "enable_seed_bagging": false,
    "enable_talib_patterns": false,
    "enable_smart_ensemble": true,
    "enable_stacked_short": true,
    "enable_meta_stacking": true,
    "enable_regime_detection": true,
    "enable_fingpt": false,
    "enable_talib_patterns_short": true
  },
  "feature_params": {
    "meta_stacking_alpha": 4.46146930287698,
    "ml_adaptive_k_1d": 1.69423046860432,
    "ml_pattern_weight_scale_1d": 1.2962961989865776,
    "external_min_days": 35,
    "external_smooth_alpha": 0.17030136073911947,
    "regime_scale_low": 0.8806674264695422,
    "regime_scale_high": 1.0787958682798122,
    "smart_consensus_weight": 0.790046426693691,
    "smart_performance_weight": 0.5636207769343097,
    "smart_sigma": 0.0018794013268790117,
    "smart_weight_xgb": 0.7773786877584983,
    "smart_weight_lgbm": 0.9129878953484432,
    "smart_weight_cat": 0.6945065980630569,
    "fingpt_confidence_threshold": 0.24627910563153146
  },
  "hyperparameters": {
    "model_choice": "all",
    "xgb_n_estimators": 358,
    "xgb_max_depth": 2,
    "xgb_learning_rate": 0.047853641913978014,
    "xgb_subsample": 0.8420920604847419,
    "xgb_colsample_bytree": 0.7305352855968217,
    "xgb_reg_alpha": 0.00028250721978595656,
    "xgb_reg_lambda": 3.2285972856090175,
    "xgb_min_child_weight": 12,
    "xgb_gamma": 0.040047621073625715,
    "xgb_grow_policy": "depthwise",
    "xgb_tree_method": "hist",
    "xgb_max_bin": 461,
    "lgb_n_estimators": 149,
    "lgb_max_depth": 2,
    "lgb_learning_rate": 0.012205869853330801,
    "lgb_num_leaves": 15,
    "lgb_subsample": 0.8049486069139906,
    "lgb_colsample_bytree": 0.5748097938479588,
    "lgb_reg_alpha": 3.570459737527513e-05,
    "lgb_reg_lambda": 0.08615256863047394,
    "lgb_min_data_in_leaf": 65,
    "lgb_feature_fraction_bynode": 0.7271502039840577,
    "lgb_bagging_freq": 1,
    "lgb_min_gain_to_split": 0.7946576577093678,
    "cat_iterations": 550,
    "cat_depth": 4,
    "cat_learning_rate": 0.016308868209793888,
    "cat_l2_leaf_reg": 6.192000551445538,
    "cat_subsample": 0.7069890208447743,
    "cat_rsm": 0.7278782512542994,
    "cat_border_count": 64,
    "cat_random_strength": 4.989465017190244,
    "cat_leaf_estimation_iterations": 10,
    "cat_bootstrap_type": "Bernoulli"
  },
  "features_enabled": {
    "ENABLE_EXTERNAL_FEATURES": "1",
    "ENABLE_FINGPT_FEATURES": "1",
    "ENABLE_YOLO_FEATURES": "0",
    "ML_USE_DIRECTIONAL_LOSS": "0",
    "ENABLE_SEED_BAGGING": "0",
    "ENABLE_TALIB_PATTERNS": "0",
    "ML_USE_SMART_ENSEMBLE": "1",
    "ML_USE_STACKED_SHORT": "1",
    "ENABLE_META_STACKING": "1",
    "ML_USE_REGIME_DETECTION": "1",
    "ENABLE_FINGPT": "0",
    "ML_USE_ADAPTIVE_LEARNING": "0",
    "ENABLE_XGBOOST": "1",
    "ENABLE_LIGHTGBM": "1",
    "ENABLE_CATBOOST": "1"
  },
  "best_trial_metrics": {
    "DOHOL_1d": {
      "symbol": "DOHOL",
      "horizon": 1,
      "split_metrics": [
        {
          "split_index": 1,
          "train_days": 452,
          "test_days": 30,
          "train_end_idx": 452,
          "test_end_idx": 482,
          "train_start": "2023-08-21T00:00:00",
          "train_end": "2025-06-12T00:00:00",
          "test_start": "2025-06-13T00:00:00",
          "test_end": "2025-07-25T00:00:00",
          "valid_predictions": 29,
          "model_metrics": {
            "xgboost": {
              "raw_r2": 0.010861794148880074,
              "rmse": 0.02185009411053103,
              "mape": 1.7672436462172736,
              "confidence": 0.6338230392492852
            },
            "lightgbm": {
              "raw_r2": -0.011433599718150647,
              "rmse": 0.02209334325310605,
              "mape": 1.847589647136726,
              "confidence": 0.6157127294639396
            },
            "catboost": {
              "raw_r2": 0.013656807662861517,
              "rmse": 0.02181887180362797,
              "mape": 1.7789316410997291,
              "confidence": 0.6360918467223471
            }
          },
          "dirhit": 66.66666666666666,
          "rmse": 0.018118416298023087,
          "mape": 2439200.6896927673,
          "nrmse": 1.0325363275723234,
          "mask_count": 3,
          "mask_pct": 10.344827586206897,
          "low_support": false,
          "min_mask_count": 0,
          "min_mask_pct": 0.0
        },
        {
          "split_index": 2,
          "train_days": 482,
          "test_days": 30,
          "train_end_idx": 482,
          "test_end_idx": 512,
          "train_start": "2023-08-21T00:00:00",
          "train_end": "2025-07-25T00:00:00",
          "test_start": "2025-07-28T00:00:00",
          "test_end": "2025-09-05T00:00:00",
          "valid_predictions": 29,
          "model_metrics": {
            "xgboost": {
              "raw_r2": 0.010383795469144067,
              "rmse": 0.021731976881112693,
              "mape": 1.8027813335284164,
              "confidence": 0.6334349391492125
            },
            "lightgbm": {
              "raw_r2": -0.007832629476243191,