{
  "best_value": 60.583333333333336,
  "best_dirhit": 60.583333333333336,
  "best_params": {
    "enable_external_features": true,
    "enable_fingpt_features": true,
    "enable_yolo_features": false,
    "enable_directional_loss": false,
    "enable_seed_bagging": true,
    "enable_talib_patterns": false,
    "enable_smart_ensemble": true,
    "enable_stacked_short": true,
    "enable_meta_stacking": true,
    "enable_regime_detection": false,
    "enable_fingpt": true,
    "model_choice": "all",
    "n_seeds": 3,
    "meta_stacking_alpha": 0.6807679764393557,
    "ml_adaptive_k_1d": 2.76294696534215,
    "ml_pattern_weight_scale_1d": 0.9173428722710439,
    "enable_talib_patterns_short": false,
    "external_min_days": 27,
    "external_smooth_alpha": 0.05173536248958141,
    "smart_consensus_weight": 0.3038700345802946,
    "smart_performance_weight": 0.5117275982424626,
    "smart_sigma": 0.0032077079106392122,
    "smart_weight_xgb": 1.4646494891914796,
    "smart_weight_lgbm": 1.1841001344598012,
    "smart_weight_cat": 1.1994044888884312,
    "fingpt_confidence_threshold": 0.4989217335529615,
    "xgb_n_estimators": 535,
    "xgb_max_depth": 3,
    "xgb_learning_rate": 0.010760036961320855,
    "xgb_subsample": 0.5025709193831946,
    "xgb_colsample_bytree": 0.7880365789760054,
    "xgb_reg_alpha": 0.01491707990036756,
    "xgb_reg_lambda": 3.421414382177874,
    "xgb_min_child_weight": 5,
    "xgb_gamma": 0.005948326507041679,
    "xgb_grow_policy": "depthwise",
    "xgb_tree_method": "hist",
    "xgb_max_bin": 236,
    "lgb_n_estimators": 209,
    "lgb_max_depth": 7,
    "lgb_learning_rate": 0.020947864154012966,
    "lgb_num_leaves": 7,
    "lgb_subsample": 0.6117161929612637,
    "lgb_colsample_bytree": 0.7016313907593605,
    "lgb_reg_alpha": 0.017199799697744156,
    "lgb_reg_lambda": 0.00023723633448090404,
    "lgb_min_data_in_leaf": 40,
    "lgb_feature_fraction_bynode": 0.6059504065732864,
    "lgb_bagging_freq": 7,
    "lgb_min_gain_to_split": 0.7148539143594695,
    "cat_iterations": 302,
    "cat_depth": 4,
    "cat_learning_rate": 0.11034753963133713,
    "cat_l2_leaf_reg": 7.235879624840911,
    "cat_subsample": 0.604330155463322,
    "cat_rsm": 0.5022204930460406,
    "cat_border_count": 134,
    "cat_random_strength": 0.10727780730716574,
    "cat_leaf_estimation_iterations": 7,
    "cat_bootstrap_type": "MVS"
  },
  "best_trial": {
    "number": 26,
    "value": 31.88593106224557,
    "state": "1"
  },
  "best_trial_number": 26,
  "best_trial_seed": 68,
  "n_trials": 34,
  "pruned_count": 0,
  "avg_trial_time": 0.0,
  "top_k_trials": [],
  "study_name": "hpo_with_features_GEREL_h1_c2",
  "symbols": [
    "GEREL"
  ],
  "horizon": 1,
  "best_model_choice": "all",
  "feature_flags": {
    "enable_external_features": true,
    "enable_fingpt_features": true,
    "enable_yolo_features": false,
    "enable_directional_loss": false,
    "enable_seed_bagging": true,
    "enable_talib_patterns": false,
    "enable_smart_ensemble": true,
    "enable_stacked_short": true,
    "enable_meta_stacking": true,
    "enable_regime_detection": false,
    "enable_fingpt": true,
    "enable_talib_patterns_short": false
  },
  "feature_params": {
    "n_seeds": 3,
    "meta_stacking_alpha": 0.6807679764393557,
    "ml_adaptive_k_1d": 2.76294696534215,
    "ml_pattern_weight_scale_1d": 0.9173428722710439,
    "external_min_days": 27,
    "external_smooth_alpha": 0.05173536248958141,
    "smart_consensus_weight": 0.3038700345802946,
    "smart_performance_weight": 0.5117275982424626,
    "smart_sigma": 0.0032077079106392122,
    "smart_weight_xgb": 1.4646494891914796,
    "smart_weight_lgbm": 1.1841001344598012,
    "smart_weight_cat": 1.1994044888884312,
    "fingpt_confidence_threshold": 0.4989217335529615
  },
  "hyperparameters": {
    "model_choice": "all",
    "xgb_n_estimators": 535,
    "xgb_max_depth": 3,
    "xgb_learning_rate": 0.010760036961320855,
    "xgb_subsample": 0.5025709193831946,
    "xgb_colsample_bytree": 0.7880365789760054,
    "xgb_reg_alpha": 0.01491707990036756,
    "xgb_reg_lambda": 3.421414382177874,
    "xgb_min_child_weight": 5,
    "xgb_gamma": 0.005948326507041679,
    "xgb_grow_policy": "depthwise",
    "xgb_tree_method": "hist",
    "xgb_max_bin": 236,
    "lgb_n_estimators": 209,
    "lgb_max_depth": 7,
    "lgb_learning_rate": 0.020947864154012966,
    "lgb_num_leaves": 7,
    "lgb_subsample": 0.6117161929612637,
    "lgb_colsample_bytree": 0.7016313907593605,
    "lgb_reg_alpha": 0.017199799697744156,
    "lgb_reg_lambda": 0.00023723633448090404,
    "lgb_min_data_in_leaf": 40,
    "lgb_feature_fraction_bynode": 0.6059504065732864,
    "lgb_bagging_freq": 7,
    "lgb_min_gain_to_split": 0.7148539143594695,
    "cat_iterations": 302,
    "cat_depth": 4,
    "cat_learning_rate": 0.11034753963133713,
    "cat_l2_leaf_reg": 7.235879624840911,
    "cat_subsample": 0.604330155463322,
    "cat_rsm": 0.5022204930460406,
    "cat_border_count": 134,
    "cat_random_strength": 0.10727780730716574,
    "cat_leaf_estimation_iterations": 7,
    "cat_bootstrap_type": "MVS"
  },
  "features_enabled": {
    "ENABLE_EXTERNAL_FEATURES": "1",
    "ENABLE_FINGPT_FEATURES": "1",
    "ENABLE_YOLO_FEATURES": "0",
    "ML_USE_DIRECTIONAL_LOSS": "0",
    "ENABLE_SEED_BAGGING": "1",
    "ENABLE_TALIB_PATTERNS": "0",
    "ML_USE_SMART_ENSEMBLE": "1",
    "ML_USE_STACKED_SHORT": "1",
    "ENABLE_META_STACKING": "1",
    "ML_USE_REGIME_DETECTION": "0",
    "ENABLE_FINGPT": "1",
    "ML_USE_ADAPTIVE_LEARNING": "0",
    "ENABLE_XGBOOST": "1",
    "ENABLE_LIGHTGBM": "1",
    "ENABLE_CATBOOST": "1"
  },
  "best_trial_metrics": {
    "GEREL_1d": {
      "symbol": "GEREL",
      "horizon": 1,
      "split_metrics": [
        {
          "split_index": 1,
          "train_days": 455,
          "test_days": 30,
          "train_end_idx": 455,
          "test_end_idx": 485,
          "train_start": "2023-08-21T00:00:00",
          "train_end": "2025-06-16T00:00:00",
          "test_start": "2025-06-17T00:00:00",
          "test_end": "2025-07-29T00:00:00",
          "valid_predictions": 29,
          "model_metrics": {
            "xgboost": {
              "raw_r2": 0.00745955572862167,
              "rmse": 0.037109387373867785,
              "mape": 1.6755733356280456,
              "confidence": 0.6310601865064047
            },
            "lightgbm": {
              "raw_r2": -0.010858325127761045,
              "rmse": 0.03742113966984344,
              "mape": 1.7750074368656512,
              "confidence": 0.6161797772537333
            },
            "catboost": {
              "raw_r2": 0.010795737095921668,
              "rmse": 0.03683150542277379,
              "mape": 1.6371547339190617,
              "confidence": 0.6337694072097881
            }
          },
          "dirhit": 52.0,
          "rmse": 0.06244260761222413,
          "mape": 188.1664444993798,
          "nrmse": 1.3199722727055108,
          "mask_count": 25,
          "mask_pct": 86.20689655172413,
          "low_support": false,
          "min_mask_count": 0,
          "min_mask_pct": 0.0
        },
        {
          "split_index": 2,
          "train_days": 485,
          "test_days": 30,
          "train_end_idx": 485,
          "test_end_idx": 515,
          "train_start": "2023-08-21T00:00:00",
          "train_end": "2025-07-29T00:00:00",
          "test_start": "2025-07-30T00:00:00",
          "test_end": "2025-09-09T00:00:00",
          "valid_predictions": 29,
          "model_metrics": {
            "xgboost": {
              "raw_r2": -0.011215063202943817,
              "rmse": 0.03919460492279499,
              "mape": 1.80869716905288,
              "confidence": 0.6158901481385401
            },
            "lightgbm": {
              "raw_r2": -0.017585339383780152,
              "rmse": 0.03931820823507712,
              "mape": 1.8191982598244796,
              "confidence": 0.6107211098643084
            },