{
  "best_value": 79.16666666666667,
  "best_dirhit": 79.16666666666667,
  "best_params": {
    "enable_external_features": true,
    "enable_fingpt_features": true,
    "enable_yolo_features": false,
    "enable_directional_loss": true,
    "enable_seed_bagging": true,
    "enable_talib_patterns": true,
    "enable_smart_ensemble": true,
    "enable_stacked_short": true,
    "enable_meta_stacking": false,
    "enable_regime_detection": true,
    "enable_fingpt": false,
    "model_choice": "all",
    "ml_loss_mse_weight": 0.6048351490126458,
    "ml_loss_threshold": 0.008193603757184524,
    "ml_dir_penalty": 4.458076313527183,
    "n_seeds": 4,
    "ml_adaptive_k_1d": 2.78462688576866,
    "ml_pattern_weight_scale_1d": 1.342641533102097,
    "enable_talib_patterns_short": false,
    "external_min_days": 59,
    "external_smooth_alpha": 0.07486140025440675,
    "regime_scale_low": 0.9476821706502101,
    "regime_scale_high": 1.1687004203830105,
    "smart_consensus_weight": 0.36256003857769786,
    "smart_performance_weight": 0.24660313213661797,
    "smart_sigma": 0.0066651996252318985,
    "smart_weight_xgb": 0.7411036293550147,
    "smart_weight_lgbm": 0.6527795789843561,
    "smart_weight_cat": 1.151732235444356,
    "fingpt_confidence_threshold": 0.31532804051127206,
    "xgb_n_estimators": 420,
    "xgb_max_depth": 5,
    "xgb_learning_rate": 0.042118159771346385,
    "xgb_subsample": 0.6433166101183756,
    "xgb_colsample_bytree": 0.8283393989943993,
    "xgb_reg_alpha": 0.01189106598435204,
    "xgb_reg_lambda": 4.275530637738073,
    "xgb_min_child_weight": 8,
    "xgb_gamma": 0.000557184219650315,
    "xgb_grow_policy": "depthwise",
    "xgb_tree_method": "hist",
    "xgb_max_bin": 340,
    "lgb_n_estimators": 175,
    "lgb_max_depth": 7,
    "lgb_learning_rate": 0.010014285054172295,
    "lgb_num_leaves": 7,
    "lgb_subsample": 0.860510286179552,
    "lgb_colsample_bytree": 0.7531195620391311,
    "lgb_reg_alpha": 0.0040179656176815995,
    "lgb_reg_lambda": 3.648649098004696,
    "lgb_min_data_in_leaf": 83,
    "lgb_feature_fraction_bynode": 0.6458250155777879,
    "lgb_bagging_freq": 2,
    "lgb_min_gain_to_split": 0.9204322228870128,
    "cat_iterations": 222,
    "cat_depth": 5,
    "cat_learning_rate": 0.05361376819802067,
    "cat_l2_leaf_reg": 8.382707447393559,
    "cat_subsample": 0.5576527615860888,
    "cat_rsm": 0.6454796322766666,
    "cat_border_count": 163,
    "cat_random_strength": 0.14502070330453745,
    "cat_leaf_estimation_iterations": 5,
    "cat_bootstrap_type": "No"
  },
  "best_trial": {
    "number": 802,
    "value": 49.30722762186348,
    "state": "1"
  },
  "best_trial_number": 802,
  "best_trial_seed": 844,
  "n_trials": 1138,
  "pruned_count": 0,
  "avg_trial_time": 0.0,
  "top_k_trials": [],
  "study_name": "hpo_with_features_ELITE_h1_c2",
  "symbols": [
    "ELITE"
  ],
  "horizon": 1,
  "best_model_choice": "all",
  "feature_flags": {
    "enable_external_features": true,
    "enable_fingpt_features": true,
    "enable_yolo_features": false,
    "enable_directional_loss": true,
    "enable_seed_bagging": true,
    "enable_talib_patterns": true,
    "enable_smart_ensemble": true,
    "enable_stacked_short": true,
    "enable_meta_stacking": false,
    "enable_regime_detection": true,
    "enable_fingpt": false,
    "enable_talib_patterns_short": false
  },
  "feature_params": {
    "ml_loss_mse_weight": 0.6048351490126458,
    "ml_loss_threshold": 0.008193603757184524,
    "ml_dir_penalty": 4.458076313527183,
    "n_seeds": 4,
    "ml_adaptive_k_1d": 2.78462688576866,
    "ml_pattern_weight_scale_1d": 1.342641533102097,
    "external_min_days": 59,
    "external_smooth_alpha": 0.07486140025440675,
    "regime_scale_low": 0.9476821706502101,
    "regime_scale_high": 1.1687004203830105,
    "smart_consensus_weight": 0.36256003857769786,
    "smart_performance_weight": 0.24660313213661797,
    "smart_sigma": 0.0066651996252318985,
    "smart_weight_xgb": 0.7411036293550147,
    "smart_weight_lgbm": 0.6527795789843561,
    "smart_weight_cat": 1.151732235444356,
    "fingpt_confidence_threshold": 0.31532804051127206
  },
  "hyperparameters": {
    "model_choice": "all",
    "xgb_n_estimators": 420,
    "xgb_max_depth": 5,
    "xgb_learning_rate": 0.042118159771346385,
    "xgb_subsample": 0.6433166101183756,
    "xgb_colsample_bytree": 0.8283393989943993,
    "xgb_reg_alpha": 0.01189106598435204,
    "xgb_reg_lambda": 4.275530637738073,
    "xgb_min_child_weight": 8,
    "xgb_gamma": 0.000557184219650315,
    "xgb_grow_policy": "depthwise",
    "xgb_tree_method": "hist",
    "xgb_max_bin": 340,
    "lgb_n_estimators": 175,
    "lgb_max_depth": 7,
    "lgb_learning_rate": 0.010014285054172295,
    "lgb_num_leaves": 7,
    "lgb_subsample": 0.860510286179552,
    "lgb_colsample_bytree": 0.7531195620391311,
    "lgb_reg_alpha": 0.0040179656176815995,
    "lgb_reg_lambda": 3.648649098004696,
    "lgb_min_data_in_leaf": 83,
    "lgb_feature_fraction_bynode": 0.6458250155777879,
    "lgb_bagging_freq": 2,
    "lgb_min_gain_to_split": 0.9204322228870128,
    "cat_iterations": 222,
    "cat_depth": 5,
    "cat_learning_rate": 0.05361376819802067,
    "cat_l2_leaf_reg": 8.382707447393559,
    "cat_subsample": 0.5576527615860888,
    "cat_rsm": 0.6454796322766666,
    "cat_border_count": 163,
    "cat_random_strength": 0.14502070330453745,
    "cat_leaf_estimation_iterations": 5,
    "cat_bootstrap_type": "No"
  },
  "features_enabled": {
    "ENABLE_EXTERNAL_FEATURES": "1",
    "ENABLE_FINGPT_FEATURES": "1",
    "ENABLE_YOLO_FEATURES": "0",
    "ML_USE_DIRECTIONAL_LOSS": "1",
    "ENABLE_SEED_BAGGING": "1",
    "ENABLE_TALIB_PATTERNS": "1",
    "ML_USE_SMART_ENSEMBLE": "1",
    "ML_USE_STACKED_SHORT": "1",
    "ENABLE_META_STACKING": "0",
    "ML_USE_REGIME_DETECTION": "1",
    "ENABLE_FINGPT": "0",
    "ML_USE_ADAPTIVE_LEARNING": "0",
    "ENABLE_XGBOOST": "1",
    "ENABLE_LIGHTGBM": "1",
    "ENABLE_CATBOOST": "1"
  },
  "best_trial_metrics": {
    "ELITE_1d": {
      "symbol": "ELITE",
      "horizon": 1,
      "split_metrics": [
        {
          "split_index": 1,
          "train_days": 452,
          "test_days": 30,
          "train_end_idx": 452,
          "test_end_idx": 482,
          "train_start": "2023-08-21T00:00:00",
          "train_end": "2025-06-12T00:00:00",
          "test_start": "2025-06-13T00:00:00",
          "test_end": "2025-07-25T00:00:00",
          "valid_predictions": 29,
          "model_metrics": {
            "xgboost": {
              "raw_r2": -2.442153244431767,
              "rmse": 0.06464156964809573,
              "mape": 1.5384060233112176,
              "confidence": 0.3000032347655201
            },
            "lightgbm": {
              "raw_r2": -0.027578931298178233,
              "rmse": 0.035463823676649346,
              "mape": 1.7753641354692205,
              "confidence": 0.6026275579703619
            },
            "catboost": {
              "raw_r2": -0.023001888037640323,
              "rmse": 0.03540243792938953,
              "mape": 1.6942911306316262,
              "confidence": 0.6063315390121262
            }
          },
          "dirhit": 58.333333333333336,
          "rmse": 0.027681276392632174,
          "mape": 4590812.112734011,
          "nrmse": 0.9913237045883294,
          "mask_count": 12,
          "mask_pct": 41.37931034482759,
          "low_support": false,
          "min_mask_count": 10,
          "min_mask_pct": 5.0
        },
        {
          "split_index": 2,
          "train_days": 482,
          "test_days": 30,
          "train_end_idx": 482,
          "test_end_idx": 512,
          "train_start": "2023-08-21T00:00:00",
          "train_end": "2025-07-25T00:00:00",
          "test_start": "2025-07-28T00:00:00",
          "test_end": "2025-09-05T00:00:00",
          "valid_predictions": 29,
          "model_metrics": {
            "xgboost": {
              "raw_r2": -2.381353830906659,