{
  "best_value": 76.95652173913044,
  "best_dirhit": 76.95652173913044,
  "best_params": {
    "enable_external_features": false,
    "enable_fingpt_features": true,
    "enable_yolo_features": false,
    "enable_directional_loss": true,
    "enable_seed_bagging": false,
    "enable_talib_patterns": false,
    "enable_smart_ensemble": true,
    "enable_stacked_short": true,
    "enable_meta_stacking": true,
    "enable_regime_detection": true,
    "enable_fingpt": false,
    "model_choice": "all",
    "ml_loss_mse_weight": 0.38921937153812053,
    "ml_loss_threshold": 0.009463035609036453,
    "ml_dir_penalty": 2.614068088515346,
    "meta_stacking_alpha": 0.48060561457625944,
    "ml_adaptive_k_1d": 2.1580621442734977,
    "ml_pattern_weight_scale_1d": 1.2461954064910064,
    "enable_talib_patterns_short": true,
    "external_min_days": 35,
    "external_smooth_alpha": 0.14642925781308033,
    "regime_scale_low": 0.8489340721953464,
    "regime_scale_high": 1.036247324503407,
    "smart_consensus_weight": 0.6369625276180708,
    "smart_performance_weight": 0.2517297004674021,
    "smart_sigma": 0.002120321810296814,
    "smart_weight_xgb": 1.31154813443648,
    "smart_weight_lgbm": 1.1571652617081967,
    "smart_weight_cat": 1.11730093802741,
    "fingpt_confidence_threshold": 0.4512094760732839,
    "xgb_n_estimators": 261,
    "xgb_max_depth": 3,
    "xgb_learning_rate": 0.026668046261814918,
    "xgb_subsample": 0.8831304112492014,
    "xgb_colsample_bytree": 0.7065698372456265,
    "xgb_reg_alpha": 1.0915720253823273e-05,
    "xgb_reg_lambda": 0.00434248299125868,
    "xgb_min_child_weight": 7,
    "xgb_gamma": 0.0004676073886574195,
    "xgb_grow_policy": "lossguide",
    "xgb_tree_method": "hist",
    "xgb_max_bin": 192,
    "lgb_n_estimators": 147,
    "lgb_max_depth": 2,
    "lgb_learning_rate": 0.021738638798952777,
    "lgb_num_leaves": 7,
    "lgb_subsample": 0.7251914145473937,
    "lgb_colsample_bytree": 0.6269772439078398,
    "lgb_reg_alpha": 0.01733216278674735,
    "lgb_reg_lambda": 0.03795210188262089,
    "lgb_min_data_in_leaf": 98,
    "lgb_feature_fraction_bynode": 0.9359837262913573,
    "lgb_bagging_freq": 3,
    "lgb_min_gain_to_split": 0.1487459097803659,
    "cat_iterations": 371,
    "cat_depth": 7,
    "cat_learning_rate": 0.06166936834339681,
    "cat_l2_leaf_reg": 6.226612680096692,
    "cat_subsample": 0.6370660797166758,
    "cat_rsm": 0.7755505218403096,
    "cat_border_count": 165,
    "cat_random_strength": 3.843220538003003,
    "cat_leaf_estimation_iterations": 8,
    "cat_bootstrap_type": "Bayesian"
  },
  "best_trial": {
    "number": 173,
    "value": 46.00787137817865,
    "state": "1"
  },
  "best_trial_number": 173,
  "best_trial_seed": 215,
  "n_trials": 1000,
  "pruned_count": 0,
  "avg_trial_time": 0.0,
  "top_k_trials": [],
  "study_name": "hpo_with_features_BALSU_h1_c2",
  "symbols": [
    "BALSU"
  ],
  "horizon": 1,
  "best_model_choice": "all",
  "feature_flags": {
    "enable_external_features": false,
    "enable_fingpt_features": true,
    "enable_yolo_features": false,
    "enable_directional_loss": true,
    "enable_seed_bagging": false,
    "enable_talib_patterns": false,
    "enable_smart_ensemble": true,
    "enable_stacked_short": true,
    "enable_meta_stacking": true,
    "enable_regime_detection": true,
    "enable_fingpt": false,
    "enable_talib_patterns_short": true
  },
  "feature_params": {
    "ml_loss_mse_weight": 0.38921937153812053,
    "ml_loss_threshold": 0.009463035609036453,
    "ml_dir_penalty": 2.614068088515346,
    "meta_stacking_alpha": 0.48060561457625944,
    "ml_adaptive_k_1d": 2.1580621442734977,
    "ml_pattern_weight_scale_1d": 1.2461954064910064,
    "external_min_days": 35,
    "external_smooth_alpha": 0.14642925781308033,
    "regime_scale_low": 0.8489340721953464,
    "regime_scale_high": 1.036247324503407,
    "smart_consensus_weight": 0.6369625276180708,
    "smart_performance_weight": 0.2517297004674021,
    "smart_sigma": 0.002120321810296814,
    "smart_weight_xgb": 1.31154813443648,
    "smart_weight_lgbm": 1.1571652617081967,
    "smart_weight_cat": 1.11730093802741,
    "fingpt_confidence_threshold": 0.4512094760732839
  },
  "hyperparameters": {
    "model_choice": "all",
    "xgb_n_estimators": 261,
    "xgb_max_depth": 3,
    "xgb_learning_rate": 0.026668046261814918,
    "xgb_subsample": 0.8831304112492014,
    "xgb_colsample_bytree": 0.7065698372456265,
    "xgb_reg_alpha": 1.0915720253823273e-05,
    "xgb_reg_lambda": 0.00434248299125868,
    "xgb_min_child_weight": 7,
    "xgb_gamma": 0.0004676073886574195,
    "xgb_grow_policy": "lossguide",
    "xgb_tree_method": "hist",
    "xgb_max_bin": 192,
    "lgb_n_estimators": 147,
    "lgb_max_depth": 2,
    "lgb_learning_rate": 0.021738638798952777,
    "lgb_num_leaves": 7,
    "lgb_subsample": 0.7251914145473937,
    "lgb_colsample_bytree": 0.6269772439078398,
    "lgb_reg_alpha": 0.01733216278674735,
    "lgb_reg_lambda": 0.03795210188262089,
    "lgb_min_data_in_leaf": 98,
    "lgb_feature_fraction_bynode": 0.9359837262913573,
    "lgb_bagging_freq": 3,
    "lgb_min_gain_to_split": 0.1487459097803659,
    "cat_iterations": 371,
    "cat_depth": 7,
    "cat_learning_rate": 0.06166936834339681,
    "cat_l2_leaf_reg": 6.226612680096692,
    "cat_subsample": 0.6370660797166758,
    "cat_rsm": 0.7755505218403096,
    "cat_border_count": 165,
    "cat_random_strength": 3.843220538003003,
    "cat_leaf_estimation_iterations": 8,
    "cat_bootstrap_type": "Bayesian"
  },
  "features_enabled": {
    "ENABLE_EXTERNAL_FEATURES": "0",
    "ENABLE_FINGPT_FEATURES": "1",
    "ENABLE_YOLO_FEATURES": "0",
    "ML_USE_DIRECTIONAL_LOSS": "1",
    "ENABLE_SEED_BAGGING": "0",
    "ENABLE_TALIB_PATTERNS": "0",
    "ML_USE_SMART_ENSEMBLE": "1",
    "ML_USE_STACKED_SHORT": "1",
    "ENABLE_META_STACKING": "1",
    "ML_USE_REGIME_DETECTION": "1",
    "ENABLE_FINGPT": "0",
    "ML_USE_ADAPTIVE_LEARNING": "0",
    "ENABLE_XGBOOST": "1",
    "ENABLE_LIGHTGBM": "1",
    "ENABLE_CATBOOST": "1"
  },
  "best_trial_metrics": {
    "BALSU_1d": {
      "symbol": "BALSU",
      "horizon": 1,
      "split_metrics": [
        {
          "split_index": 1,
          "train_days": 126,
          "test_days": 30,
          "train_end_idx": 126,
          "test_end_idx": 156,
          "train_start": "2025-02-20T00:00:00",
          "train_end": "2025-08-26T00:00:00",
          "test_start": "2025-08-27T00:00:00",
          "test_end": "2025-10-07T00:00:00",
          "valid_predictions": 29,
          "model_metrics": {
            "xgboost": {
              "raw_r2": -9.4825497023502,
              "rmse": 0.11775696113813199,
              "mape": 1.5757425684966588,
              "confidence": 0.3
            },
            "lightgbm": {
              "raw_r2": -0.12419893346826161,
              "rmse": 0.039925854742727744,
              "mape": 1.6886274456118713,
              "confidence": 0.527210921394291
            },
            "catboost": {
              "raw_r2": -0.08674316994463738,
              "rmse": 0.039137625558251045,
              "mape": 1.6609173183708437,
              "confidence": 0.5556055911016266
            }
          },
          "dirhit": 80.0,
          "rmse": 0.03297534142210324,
          "mape": 207.59914824576612,
          "nrmse": 1.1446735516612268,
          "mask_count": 20,
          "mask_pct": 68.96551724137932,
          "low_support": false,
          "min_mask_count": 0,
          "min_mask_pct": 0.0
        },
        {
          "split_index": 2,
          "train_days": 156,
          "test_days": 30,
          "train_end_idx": 156,
          "test_end_idx": 186,
          "train_start": "2025-02-20T00:00:00",
          "train_end": "2025-10-07T00:00:00",
          "test_start": "2025-10-08T00:00:00",
          "test_end": "2025-11-19T00:00:00",
          "valid_predictions": 29,