{
  "best_value": 72.03907203907204,
  "best_dirhit": 72.03907203907204,
  "best_params": {
    "enable_external_features": false,
    "enable_fingpt_features": false,
    "enable_yolo_features": true,
    "enable_directional_loss": false,
    "enable_seed_bagging": false,
    "enable_talib_patterns": true,
    "enable_smart_ensemble": true,
    "enable_stacked_short": false,
    "enable_meta_stacking": false,
    "enable_regime_detection": true,
    "enable_fingpt": false,
    "model_choice": "all",
    "ml_adaptive_k_1d": 1.999478458474391,
    "ml_pattern_weight_scale_1d": 1.2521523094710036,
    "enable_talib_patterns_short": false,
    "external_min_days": 45,
    "external_smooth_alpha": 0.13928597573237794,
    "regime_scale_low": 0.8706346145219275,
    "regime_scale_high": 1.0998632311011711,
    "yolo_min_conf": 0.5700946022999177,
    "smart_consensus_weight": 0.5648968925726109,
    "smart_performance_weight": 0.6689465890354171,
    "smart_sigma": 0.0015939955601639085,
    "smart_weight_xgb": 1.2319908167040112,
    "smart_weight_lgbm": 1.2782488945455752,
    "smart_weight_cat": 0.5379124529792404,
    "xgb_n_estimators": 438,
    "xgb_max_depth": 2,
    "xgb_learning_rate": 0.012685696521015517,
    "xgb_subsample": 0.8791218791483841,
    "xgb_colsample_bytree": 0.7356017892758526,
    "xgb_reg_alpha": 0.030470546099288145,
    "xgb_reg_lambda": 0.03577985136673629,
    "xgb_min_child_weight": 12,
    "xgb_gamma": 0.00020136700014487645,
    "xgb_grow_policy": "lossguide",
    "xgb_tree_method": "hist",
    "xgb_max_bin": 295,
    "lgb_n_estimators": 361,
    "lgb_max_depth": 5,
    "lgb_learning_rate": 0.07016575686099769,
    "lgb_num_leaves": 54,
    "lgb_subsample": 0.6749887489557183,
    "lgb_colsample_bytree": 0.6380174794991531,
    "lgb_reg_alpha": 1.4665106818081564e-06,
    "lgb_reg_lambda": 0.009167822759470397,
    "lgb_min_data_in_leaf": 65,
    "lgb_feature_fraction_bynode": 0.9279343119734914,
    "lgb_bagging_freq": 5,
    "lgb_min_gain_to_split": 0.20081026571718244,
    "cat_iterations": 448,
    "cat_depth": 4,
    "cat_learning_rate": 0.10537742238207094,
    "cat_l2_leaf_reg": 7.409790154119679,
    "cat_subsample": 0.9224120543339639,
    "cat_rsm": 0.6158969814667477,
    "cat_border_count": 81,
    "cat_random_strength": 2.8934413940008157,
    "cat_leaf_estimation_iterations": 12,
    "cat_bootstrap_type": "Bayesian"
  },
  "best_trial": {
    "number": 371,
    "value": 44.26370171924505,
    "state": "1"
  },
  "best_trial_number": 371,
  "best_trial_seed": 413,
  "n_trials": 676,
  "pruned_count": 0,
  "avg_trial_time": 0.0,
  "top_k_trials": [],
  "study_name": "hpo_with_features_ESCOM_h1_c2",
  "symbols": [
    "ESCOM"
  ],
  "horizon": 1,
  "best_model_choice": "all",
  "feature_flags": {
    "enable_external_features": false,
    "enable_fingpt_features": false,
    "enable_yolo_features": true,
    "enable_directional_loss": false,
    "enable_seed_bagging": false,
    "enable_talib_patterns": true,
    "enable_smart_ensemble": true,
    "enable_stacked_short": false,
    "enable_meta_stacking": false,
    "enable_regime_detection": true,
    "enable_fingpt": false,
    "enable_talib_patterns_short": false
  },
  "feature_params": {
    "ml_adaptive_k_1d": 1.999478458474391,
    "ml_pattern_weight_scale_1d": 1.2521523094710036,
    "external_min_days": 45,
    "external_smooth_alpha": 0.13928597573237794,
    "regime_scale_low": 0.8706346145219275,
    "regime_scale_high": 1.0998632311011711,
    "yolo_min_conf": 0.5700946022999177,
    "smart_consensus_weight": 0.5648968925726109,
    "smart_performance_weight": 0.6689465890354171,
    "smart_sigma": 0.0015939955601639085,
    "smart_weight_xgb": 1.2319908167040112,
    "smart_weight_lgbm": 1.2782488945455752,
    "smart_weight_cat": 0.5379124529792404
  },
  "hyperparameters": {
    "model_choice": "all",
    "xgb_n_estimators": 438,
    "xgb_max_depth": 2,
    "xgb_learning_rate": 0.012685696521015517,
    "xgb_subsample": 0.8791218791483841,
    "xgb_colsample_bytree": 0.7356017892758526,
    "xgb_reg_alpha": 0.030470546099288145,
    "xgb_reg_lambda": 0.03577985136673629,
    "xgb_min_child_weight": 12,
    "xgb_gamma": 0.00020136700014487645,
    "xgb_grow_policy": "lossguide",
    "xgb_tree_method": "hist",
    "xgb_max_bin": 295,
    "lgb_n_estimators": 361,
    "lgb_max_depth": 5,
    "lgb_learning_rate": 0.07016575686099769,
    "lgb_num_leaves": 54,
    "lgb_subsample": 0.6749887489557183,
    "lgb_colsample_bytree": 0.6380174794991531,
    "lgb_reg_alpha": 1.4665106818081564e-06,
    "lgb_reg_lambda": 0.009167822759470397,
    "lgb_min_data_in_leaf": 65,
    "lgb_feature_fraction_bynode": 0.9279343119734914,
    "lgb_bagging_freq": 5,
    "lgb_min_gain_to_split": 0.20081026571718244,
    "cat_iterations": 448,
    "cat_depth": 4,
    "cat_learning_rate": 0.10537742238207094,
    "cat_l2_leaf_reg": 7.409790154119679,
    "cat_subsample": 0.9224120543339639,
    "cat_rsm": 0.6158969814667477,
    "cat_border_count": 81,
    "cat_random_strength": 2.8934413940008157,
    "cat_leaf_estimation_iterations": 12,
    "cat_bootstrap_type": "Bayesian"
  },
  "features_enabled": {
    "ENABLE_EXTERNAL_FEATURES": "0",
    "ENABLE_FINGPT_FEATURES": "0",
    "ENABLE_YOLO_FEATURES": "1",
    "ML_USE_DIRECTIONAL_LOSS": "0",
    "ENABLE_SEED_BAGGING": "0",
    "ENABLE_TALIB_PATTERNS": "1",
    "ML_USE_SMART_ENSEMBLE": "1",
    "ML_USE_STACKED_SHORT": "0",
    "ENABLE_META_STACKING": "0",
    "ML_USE_REGIME_DETECTION": "1",
    "ENABLE_FINGPT": "0",
    "ML_USE_ADAPTIVE_LEARNING": "0",
    "ENABLE_XGBOOST": "1",
    "ENABLE_LIGHTGBM": "1",
    "ENABLE_CATBOOST": "1"
  },
  "best_trial_metrics": {
    "ESCOM_1d": {
      "symbol": "ESCOM",
      "horizon": 1,
      "split_metrics": [
        {
          "split_index": 1,
          "train_days": 453,
          "test_days": 30,
          "train_end_idx": 453,
          "test_end_idx": 483,
          "train_start": "2023-08-21T00:00:00",
          "train_end": "2025-06-12T00:00:00",
          "test_start": "2025-06-13T00:00:00",
          "test_end": "2025-07-25T00:00:00",
          "valid_predictions": 29,
          "model_metrics": {
            "xgboost": {
              "raw_r2": -0.007347734901009854,
              "rmse": 0.036766480610777606,
              "mape": 1.7826750033155485,
              "confidence": 0.6190306367969773
            },
            "lightgbm": {
              "raw_r2": -0.009083832137849543,
              "rmse": 0.03680049088641907,
              "mape": 1.7411840313974893,
              "confidence": 0.6176206549153954
            },
            "catboost": {
              "raw_r2": 0.0007210293782196064,
              "rmse": 0.036674958130579464,
              "mape": 1.6565251601384683,
              "confidence": 0.6255858357352906
            }
          },
          "dirhit": 66.66666666666666,
          "rmse": 0.03964765729963057,
          "mape": 118.98626663891802,
          "nrmse": 1.1085208290636959,
          "mask_count": 18,
          "mask_pct": 62.06896551724138,
          "low_support": false,
          "min_mask_count": 10,
          "min_mask_pct": 5.0,
          "ensemble_debug": {
            "historical_r2": {
              "xgboost": -0.007347734901009854,
              "lightgbm": -0.009083832137849543,
              "catboost": 0.0007210293782196064
            },
            "ensemble_weights": {
              "xgboost": 0.5987981728276588,
              "lightgbm": 0.3140525840953765,
              "catboost": 0.08714924307696473
            },
            "source": "model"
          }
        },
        {
          "split_index": 2,
          "train_days": 483,
          "test_days": 30,
          "train_end_idx": 483,
          "test_end_idx": 513,
          "train_start": "2023-08-21T00:00:00",
          "train_end": "2025-07-25T00:00:00",
          "test_start": "2025-07-28T00:00:00",
          "test_end": "2025-09-05T00:00:00",