{
  "best_value": 90.0,
  "best_dirhit": 90.0,
  "best_params": {
    "enable_external_features": false,
    "enable_fingpt_features": true,
    "enable_yolo_features": true,
    "enable_directional_loss": false,
    "enable_seed_bagging": false,
    "enable_talib_patterns": true,
    "enable_smart_ensemble": true,
    "enable_stacked_short": true,
    "enable_meta_stacking": true,
    "enable_regime_detection": true,
    "enable_fingpt": true,
    "model_choice": "all",
    "meta_stacking_alpha": 5.348111633726467,
    "ml_adaptive_k_1d": 1.780471790880464,
    "ml_pattern_weight_scale_1d": 1.5441261331286136,
    "enable_talib_patterns_short": true,
    "external_min_days": 58,
    "external_smooth_alpha": 0.06227935287802652,
    "regime_scale_low": 0.9228987655622001,
    "regime_scale_high": 1.0363290076021332,
    "yolo_min_conf": 0.6403593890253906,
    "smart_consensus_weight": 0.6168895244279836,
    "smart_performance_weight": 0.4710693484599094,
    "smart_sigma": 0.0039022758573133225,
    "smart_weight_xgb": 1.3245375323045196,
    "smart_weight_lgbm": 0.7929514368789237,
    "smart_weight_cat": 1.2297022840522251,
    "fingpt_confidence_threshold": 0.3861205046882716,
    "xgb_n_estimators": 381,
    "xgb_max_depth": 3,
    "xgb_learning_rate": 0.08340209147537514,
    "xgb_subsample": 0.8595239889709771,
    "xgb_colsample_bytree": 0.8289598213484323,
    "xgb_reg_alpha": 0.0008021507803239295,
    "xgb_reg_lambda": 0.0030062450113170183,
    "xgb_min_child_weight": 9,
    "xgb_gamma": 0.010621090712362734,
    "xgb_grow_policy": "lossguide",
    "xgb_tree_method": "hist",
    "xgb_max_bin": 470,
    "lgb_n_estimators": 435,
    "lgb_max_depth": 2,
    "lgb_learning_rate": 0.012715245058689893,
    "lgb_num_leaves": 18,
    "lgb_subsample": 0.8201778933647715,
    "lgb_colsample_bytree": 0.6714712339889518,
    "lgb_reg_alpha": 2.4154611036441466e-05,
    "lgb_reg_lambda": 0.0001686662788000411,
    "lgb_min_data_in_leaf": 68,
    "lgb_feature_fraction_bynode": 0.7658141049411639,
    "lgb_bagging_freq": 6,
    "lgb_min_gain_to_split": 0.5243172367724934,
    "cat_iterations": 210,
    "cat_depth": 7,
    "cat_learning_rate": 0.07947895912775178,
    "cat_l2_leaf_reg": 9.791145555429596,
    "cat_subsample": 0.6233694189621701,
    "cat_rsm": 0.8659649309022039,
    "cat_border_count": 186,
    "cat_random_strength": 0.1292216565298199,
    "cat_leaf_estimation_iterations": 13,
    "cat_bootstrap_type": "No"
  },
  "best_trial": {
    "number": 827,
    "value": 56.993263006817386,
    "state": "1"
  },
  "best_trial_number": 827,
  "best_trial_seed": 869,
  "n_trials": 1303,
  "pruned_count": 0,
  "avg_trial_time": 0.0,
  "top_k_trials": [],
  "study_name": "hpo_with_features_BTCIM_h1_c2",
  "symbols": [
    "BTCIM"
  ],
  "horizon": 1,
  "best_model_choice": "all",
  "feature_flags": {
    "enable_external_features": false,
    "enable_fingpt_features": true,
    "enable_yolo_features": true,
    "enable_directional_loss": false,
    "enable_seed_bagging": false,
    "enable_talib_patterns": true,
    "enable_smart_ensemble": true,
    "enable_stacked_short": true,
    "enable_meta_stacking": true,
    "enable_regime_detection": true,
    "enable_fingpt": true,
    "enable_talib_patterns_short": true
  },
  "feature_params": {
    "meta_stacking_alpha": 5.348111633726467,
    "ml_adaptive_k_1d": 1.780471790880464,
    "ml_pattern_weight_scale_1d": 1.5441261331286136,
    "external_min_days": 58,
    "external_smooth_alpha": 0.06227935287802652,
    "regime_scale_low": 0.9228987655622001,
    "regime_scale_high": 1.0363290076021332,
    "yolo_min_conf": 0.6403593890253906,
    "smart_consensus_weight": 0.6168895244279836,
    "smart_performance_weight": 0.4710693484599094,
    "smart_sigma": 0.0039022758573133225,
    "smart_weight_xgb": 1.3245375323045196,
    "smart_weight_lgbm": 0.7929514368789237,
    "smart_weight_cat": 1.2297022840522251,
    "fingpt_confidence_threshold": 0.3861205046882716
  },
  "hyperparameters": {
    "model_choice": "all",
    "xgb_n_estimators": 381,
    "xgb_max_depth": 3,
    "xgb_learning_rate": 0.08340209147537514,
    "xgb_subsample": 0.8595239889709771,
    "xgb_colsample_bytree": 0.8289598213484323,
    "xgb_reg_alpha": 0.0008021507803239295,
    "xgb_reg_lambda": 0.0030062450113170183,
    "xgb_min_child_weight": 9,
    "xgb_gamma": 0.010621090712362734,
    "xgb_grow_policy": "lossguide",
    "xgb_tree_method": "hist",
    "xgb_max_bin": 470,
    "lgb_n_estimators": 435,
    "lgb_max_depth": 2,
    "lgb_learning_rate": 0.012715245058689893,
    "lgb_num_leaves": 18,
    "lgb_subsample": 0.8201778933647715,
    "lgb_colsample_bytree": 0.6714712339889518,
    "lgb_reg_alpha": 2.4154611036441466e-05,
    "lgb_reg_lambda": 0.0001686662788000411,
    "lgb_min_data_in_leaf": 68,
    "lgb_feature_fraction_bynode": 0.7658141049411639,
    "lgb_bagging_freq": 6,
    "lgb_min_gain_to_split": 0.5243172367724934,
    "cat_iterations": 210,
    "cat_depth": 7,
    "cat_learning_rate": 0.07947895912775178,
    "cat_l2_leaf_reg": 9.791145555429596,
    "cat_subsample": 0.6233694189621701,
    "cat_rsm": 0.8659649309022039,
    "cat_border_count": 186,
    "cat_random_strength": 0.1292216565298199,
    "cat_leaf_estimation_iterations": 13,
    "cat_bootstrap_type": "No"
  },
  "features_enabled": {
    "ENABLE_EXTERNAL_FEATURES": "0",
    "ENABLE_FINGPT_FEATURES": "1",
    "ENABLE_YOLO_FEATURES": "1",
    "ML_USE_DIRECTIONAL_LOSS": "0",
    "ENABLE_SEED_BAGGING": "0",
    "ENABLE_TALIB_PATTERNS": "1",
    "ML_USE_SMART_ENSEMBLE": "1",
    "ML_USE_STACKED_SHORT": "1",
    "ENABLE_META_STACKING": "1",
    "ML_USE_REGIME_DETECTION": "1",
    "ENABLE_FINGPT": "1",
    "ML_USE_ADAPTIVE_LEARNING": "0",
    "ENABLE_XGBOOST": "1",
    "ENABLE_LIGHTGBM": "1",
    "ENABLE_CATBOOST": "1"
  },
  "best_trial_metrics": {
    "BTCIM_1d": {
      "symbol": "BTCIM",
      "horizon": 1,
      "split_metrics": [
        {
          "split_index": 1,
          "train_days": 453,
          "test_days": 30,
          "train_end_idx": 453,
          "test_end_idx": 483,
          "train_start": "2023-08-21T00:00:00",
          "train_end": "2025-06-12T00:00:00",
          "test_start": "2025-06-13T00:00:00",
          "test_end": "2025-07-25T00:00:00",
          "valid_predictions": 29,
          "model_metrics": {
            "xgboost": {
              "raw_r2": -0.007332322410194991,
              "rmse": 0.028037146559870187,
              "mape": 1.6278102772199115,
              "confidence": 0.6190431552300188
            },
            "lightgbm": {
              "raw_r2": -0.025014318449152622,
              "rmse": 0.028329840126035677,
              "mape": 1.5277030410193364,
              "confidence": 0.6047023189192329
            },
            "catboost": {
              "raw_r2": -0.007910309238065238,
              "rmse": 0.028075409854330265,
              "mape": 1.5357119294276278,
              "confidence": 0.6185737114557797
            }
          },
          "dirhit": 90.0,
          "rmse": 0.025302529731972057,
          "mape": 1922736.0405475353,
          "nrmse": 0.978609413350667,
          "mask_count": 10,
          "mask_pct": 34.48275862068966,
          "low_support": false,
          "min_mask_count": 10,
          "min_mask_pct": 5.0
        },
        {
          "split_index": 2,
          "train_days": 483,
          "test_days": 30,
          "train_end_idx": 483,
          "test_end_idx": 513,
          "train_start": "2023-08-21T00:00:00",
          "train_end": "2025-07-25T00:00:00",
          "test_start": "2025-07-28T00:00:00",
          "test_end": "2025-09-05T00:00:00",
          "valid_predictions": 29,
          "model_metrics": {
            "xgboost": {
              "raw_r2": -0.0062202557774356055,
              "rmse": 0.02825718453979991,
              "mape": 1.6213497802059098,
              "confidence": 0.619946449528146
            },