{
  "best_value": 100.0,
  "best_dirhit": 100.0,
  "best_params": {
    "enable_external_features": false,
    "enable_fingpt_features": false,
    "enable_yolo_features": false,
    "enable_directional_loss": false,
    "enable_seed_bagging": true,
    "enable_talib_patterns": false,
    "enable_smart_ensemble": true,
    "enable_stacked_short": false,
    "enable_meta_stacking": true,
    "enable_regime_detection": true,
    "enable_fingpt": false,
    "model_choice": "all",
    "n_seeds": 3,
    "meta_stacking_alpha": 3.7938646477829803,
    "ml_adaptive_k_1d": 1.068221773709616,
    "ml_pattern_weight_scale_1d": 1.16712876138164,
    "enable_talib_patterns_short": false,
    "external_min_days": 37,
    "external_smooth_alpha": 0.11821011085904685,
    "regime_scale_low": 0.9728577092404119,
    "regime_scale_high": 1.0907370132005296,
    "smart_consensus_weight": 0.3091591116791758,
    "smart_performance_weight": 0.4579375303988558,
    "smart_sigma": 0.005611099651399195,
    "smart_weight_xgb": 1.2420599443427511,
    "smart_weight_lgbm": 0.5714598224316666,
    "smart_weight_cat": 1.4324626097133673,
    "xgb_n_estimators": 452,
    "xgb_max_depth": 2,
    "xgb_learning_rate": 0.06125331214728876,
    "xgb_subsample": 0.7724434769067552,
    "xgb_colsample_bytree": 0.6047113453153609,
    "xgb_reg_alpha": 3.83079670970866e-05,
    "xgb_reg_lambda": 1.350953073725143,
    "xgb_min_child_weight": 8,
    "xgb_gamma": 0.45101969611123677,
    "xgb_grow_policy": "depthwise",
    "xgb_tree_method": "hist",
    "xgb_max_bin": 150,
    "lgb_n_estimators": 583,
    "lgb_max_depth": 5,
    "lgb_learning_rate": 0.024979979456417667,
    "lgb_num_leaves": 51,
    "lgb_subsample": 0.5180799663157577,
    "lgb_colsample_bytree": 0.778043365192906,
    "lgb_reg_alpha": 1.0616772636844,
    "lgb_reg_lambda": 0.00022043793820778233,
    "lgb_min_data_in_leaf": 22,
    "lgb_feature_fraction_bynode": 0.6732801765057549,
    "lgb_bagging_freq": 6,
    "lgb_min_gain_to_split": 0.33674376297035885,
    "cat_iterations": 331,
    "cat_depth": 2,
    "cat_learning_rate": 0.01052912765838683,
    "cat_l2_leaf_reg": 9.994838655757503,
    "cat_subsample": 0.670094981973175,
    "cat_rsm": 0.5105945918834952,
    "cat_border_count": 80,
    "cat_random_strength": 0.7656745523199185,
    "cat_leaf_estimation_iterations": 17,
    "cat_bootstrap_type": "MVS"
  },
  "best_trial": {
    "number": 967,
    "value": 63.956645259899666,
    "state": "1"
  },
  "best_trial_number": 967,
  "best_trial_seed": 1009,
  "n_trials": 995,
  "pruned_count": 0,
  "avg_trial_time": 0.0,
  "top_k_trials": [],
  "study_name": "hpo_with_features_ENDAE_h1_c2",
  "symbols": [
    "ENDAE"
  ],
  "horizon": 1,
  "best_model_choice": "all",
  "feature_flags": {
    "enable_external_features": false,
    "enable_fingpt_features": false,
    "enable_yolo_features": false,
    "enable_directional_loss": false,
    "enable_seed_bagging": true,
    "enable_talib_patterns": false,
    "enable_smart_ensemble": true,
    "enable_stacked_short": false,
    "enable_meta_stacking": true,
    "enable_regime_detection": true,
    "enable_fingpt": false,
    "enable_talib_patterns_short": false
  },
  "feature_params": {
    "n_seeds": 3,
    "meta_stacking_alpha": 3.7938646477829803,
    "ml_adaptive_k_1d": 1.068221773709616,
    "ml_pattern_weight_scale_1d": 1.16712876138164,
    "external_min_days": 37,
    "external_smooth_alpha": 0.11821011085904685,
    "regime_scale_low": 0.9728577092404119,
    "regime_scale_high": 1.0907370132005296,
    "smart_consensus_weight": 0.3091591116791758,
    "smart_performance_weight": 0.4579375303988558,
    "smart_sigma": 0.005611099651399195,
    "smart_weight_xgb": 1.2420599443427511,
    "smart_weight_lgbm": 0.5714598224316666,
    "smart_weight_cat": 1.4324626097133673
  },
  "hyperparameters": {
    "model_choice": "all",
    "xgb_n_estimators": 452,
    "xgb_max_depth": 2,
    "xgb_learning_rate": 0.06125331214728876,
    "xgb_subsample": 0.7724434769067552,
    "xgb_colsample_bytree": 0.6047113453153609,
    "xgb_reg_alpha": 3.83079670970866e-05,
    "xgb_reg_lambda": 1.350953073725143,
    "xgb_min_child_weight": 8,
    "xgb_gamma": 0.45101969611123677,
    "xgb_grow_policy": "depthwise",
    "xgb_tree_method": "hist",
    "xgb_max_bin": 150,
    "lgb_n_estimators": 583,
    "lgb_max_depth": 5,
    "lgb_learning_rate": 0.024979979456417667,
    "lgb_num_leaves": 51,
    "lgb_subsample": 0.5180799663157577,
    "lgb_colsample_bytree": 0.778043365192906,
    "lgb_reg_alpha": 1.0616772636844,
    "lgb_reg_lambda": 0.00022043793820778233,
    "lgb_min_data_in_leaf": 22,
    "lgb_feature_fraction_bynode": 0.6732801765057549,
    "lgb_bagging_freq": 6,
    "lgb_min_gain_to_split": 0.33674376297035885,
    "cat_iterations": 331,
    "cat_depth": 2,
    "cat_learning_rate": 0.01052912765838683,
    "cat_l2_leaf_reg": 9.994838655757503,
    "cat_subsample": 0.670094981973175,
    "cat_rsm": 0.5105945918834952,
    "cat_border_count": 80,
    "cat_random_strength": 0.7656745523199185,
    "cat_leaf_estimation_iterations": 17,
    "cat_bootstrap_type": "MVS"
  },
  "features_enabled": {
    "ENABLE_EXTERNAL_FEATURES": "0",
    "ENABLE_FINGPT_FEATURES": "0",
    "ENABLE_YOLO_FEATURES": "0",
    "ML_USE_DIRECTIONAL_LOSS": "0",
    "ENABLE_SEED_BAGGING": "1",
    "ENABLE_TALIB_PATTERNS": "0",
    "ML_USE_SMART_ENSEMBLE": "1",
    "ML_USE_STACKED_SHORT": "0",
    "ENABLE_META_STACKING": "1",
    "ML_USE_REGIME_DETECTION": "1",
    "ENABLE_FINGPT": "0",
    "ML_USE_ADAPTIVE_LEARNING": "0",
    "ENABLE_XGBOOST": "1",
    "ENABLE_LIGHTGBM": "1",
    "ENABLE_CATBOOST": "1"
  },
  "best_trial_metrics": {
    "ENDAE_1d": {
      "symbol": "ENDAE",
      "horizon": 1,
      "split_metrics": [
        {
          "split_index": 1,
          "train_days": 132,
          "test_days": 30,
          "train_end_idx": 132,
          "test_end_idx": 162,
          "train_start": "2025-02-13T00:00:00",
          "train_end": "2025-08-27T00:00:00",
          "test_start": "2025-08-28T00:00:00",
          "test_end": "2025-10-08T00:00:00",
          "valid_predictions": 29,
          "model_metrics": {
            "xgboost": {
              "raw_r2": -0.20936414054971872,
              "rmse": 0.04342599991868879,
              "mape": 1.617154243289076,
              "confidence": 0.4688934522225183
            },
            "lightgbm": {
              "raw_r2": -0.1373277298545461,
              "rmse": 0.041896287956890814,
              "mape": 1.7448787728373922,
              "confidence": 0.5176078054354905
            },
            "catboost": {
              "raw_r2": -0.10718772239947234,
              "rmse": 0.041457894326276765,
              "mape": 1.6348347798096778,
              "confidence": 0.539936365094358
            }
          },
          "dirhit": 100.0,
          "rmse": 0.025159821022491213,
          "mape": 1107461.9146337216,
          "nrmse": 1.004691301163206,
          "mask_count": 11,
          "mask_pct": 37.93103448275862,
          "low_support": false,
          "min_mask_count": 10,
          "min_mask_pct": 5.0
        },
        {
          "split_index": 2,
          "train_days": 162,
          "test_days": 30,
          "train_end_idx": 162,
          "test_end_idx": 192,
          "train_start": "2025-02-13T00:00:00",
          "train_end": "2025-10-08T00:00:00",
          "test_start": "2025-10-09T00:00:00",
          "test_end": "2025-11-20T00:00:00",
          "valid_predictions": 29,
          "model_metrics": {
            "xgboost": {
              "raw_r2": -0.07311032589547602,
              "rmse": 0.038032188873182514,
              "mape": 1.6043650496104207,
              "confidence": 0.5662506212776595
            },
            "lightgbm": {
              "raw_r2": -0.06043187388655132,
              "rmse": 0.03797547989376379,
              "mape": 1.6819017220768828,