{
  "best_value": 89.28571428571428,
  "best_dirhit": 89.28571428571428,
  "best_params": {
    "enable_external_features": true,
    "enable_fingpt_features": true,
    "enable_yolo_features": true,
    "enable_directional_loss": true,
    "enable_seed_bagging": false,
    "enable_talib_patterns": true,
    "enable_smart_ensemble": false,
    "enable_stacked_short": true,
    "enable_meta_stacking": false,
    "enable_regime_detection": true,
    "enable_fingpt": true,
    "model_choice": "all",
    "ml_loss_mse_weight": 0.5154337563214806,
    "ml_loss_threshold": 0.0040322654666120035,
    "ml_dir_penalty": 2.7730951433326307,
    "ml_adaptive_k_1d": 1.5944405116591343,
    "ml_pattern_weight_scale_1d": 0.582697406431078,
    "enable_talib_patterns_short": true,
    "external_min_days": 47,
    "external_smooth_alpha": 0.37101532358374106,
    "regime_scale_low": 0.8094151608652655,
    "regime_scale_high": 1.1391397339717284,
    "yolo_min_conf": 0.7060885323702103,
    "fingpt_confidence_threshold": 0.34433394887006696,
    "xgb_n_estimators": 539,
    "xgb_max_depth": 3,
    "xgb_learning_rate": 0.11867972628116646,
    "xgb_subsample": 0.8088741673395863,
    "xgb_colsample_bytree": 0.5463486364580175,
    "xgb_reg_alpha": 1.0130257667711033e-05,
    "xgb_reg_lambda": 5.737505327485613,
    "xgb_min_child_weight": 10,
    "xgb_gamma": 0.3534856147755139,
    "xgb_grow_policy": "depthwise",
    "xgb_tree_method": "hist",
    "xgb_max_bin": 453,
    "lgb_n_estimators": 171,
    "lgb_max_depth": 2,
    "lgb_learning_rate": 0.0497493557859932,
    "lgb_num_leaves": 29,
    "lgb_subsample": 0.6312487503149832,
    "lgb_colsample_bytree": 0.5601548793793136,
    "lgb_reg_alpha": 0.11237855430709898,
    "lgb_reg_lambda": 3.3798423072117463,
    "lgb_min_data_in_leaf": 70,
    "lgb_feature_fraction_bynode": 0.8209550537830635,
    "lgb_bagging_freq": 4,
    "lgb_min_gain_to_split": 0.7552178742076604,
    "cat_iterations": 568,
    "cat_depth": 5,
    "cat_learning_rate": 0.01953948943245435,
    "cat_l2_leaf_reg": 7.658053385940037,
    "cat_subsample": 0.929903211933722,
    "cat_rsm": 0.6889491123367583,
    "cat_border_count": 45,
    "cat_random_strength": 3.6101187534370056,
    "cat_leaf_estimation_iterations": 14,
    "cat_bootstrap_type": "MVS"
  },
  "best_trial": {
    "number": 609,
    "value": 56.11693666579046,
    "state": "1"
  },
  "best_trial_number": 609,
  "best_trial_seed": 651,
  "n_trials": 996,
  "pruned_count": 0,
  "avg_trial_time": 0.0,
  "top_k_trials": [],
  "study_name": "hpo_with_features_AKFIS_h1_c2",
  "symbols": [
    "AKFIS"
  ],
  "horizon": 1,
  "best_model_choice": "all",
  "feature_flags": {
    "enable_external_features": true,
    "enable_fingpt_features": true,
    "enable_yolo_features": true,
    "enable_directional_loss": true,
    "enable_seed_bagging": false,
    "enable_talib_patterns": true,
    "enable_smart_ensemble": false,
    "enable_stacked_short": true,
    "enable_meta_stacking": false,
    "enable_regime_detection": true,
    "enable_fingpt": true,
    "enable_talib_patterns_short": true
  },
  "feature_params": {
    "ml_loss_mse_weight": 0.5154337563214806,
    "ml_loss_threshold": 0.0040322654666120035,
    "ml_dir_penalty": 2.7730951433326307,
    "ml_adaptive_k_1d": 1.5944405116591343,
    "ml_pattern_weight_scale_1d": 0.582697406431078,
    "external_min_days": 47,
    "external_smooth_alpha": 0.37101532358374106,
    "regime_scale_low": 0.8094151608652655,
    "regime_scale_high": 1.1391397339717284,
    "yolo_min_conf": 0.7060885323702103,
    "fingpt_confidence_threshold": 0.34433394887006696
  },
  "hyperparameters": {
    "model_choice": "all",
    "xgb_n_estimators": 539,
    "xgb_max_depth": 3,
    "xgb_learning_rate": 0.11867972628116646,
    "xgb_subsample": 0.8088741673395863,
    "xgb_colsample_bytree": 0.5463486364580175,
    "xgb_reg_alpha": 1.0130257667711033e-05,
    "xgb_reg_lambda": 5.737505327485613,
    "xgb_min_child_weight": 10,
    "xgb_gamma": 0.3534856147755139,
    "xgb_grow_policy": "depthwise",
    "xgb_tree_method": "hist",
    "xgb_max_bin": 453,
    "lgb_n_estimators": 171,
    "lgb_max_depth": 2,
    "lgb_learning_rate": 0.0497493557859932,
    "lgb_num_leaves": 29,
    "lgb_subsample": 0.6312487503149832,
    "lgb_colsample_bytree": 0.5601548793793136,
    "lgb_reg_alpha": 0.11237855430709898,
    "lgb_reg_lambda": 3.3798423072117463,
    "lgb_min_data_in_leaf": 70,
    "lgb_feature_fraction_bynode": 0.8209550537830635,
    "lgb_bagging_freq": 4,
    "lgb_min_gain_to_split": 0.7552178742076604,
    "cat_iterations": 568,
    "cat_depth": 5,
    "cat_learning_rate": 0.01953948943245435,
    "cat_l2_leaf_reg": 7.658053385940037,
    "cat_subsample": 0.929903211933722,
    "cat_rsm": 0.6889491123367583,
    "cat_border_count": 45,
    "cat_random_strength": 3.6101187534370056,
    "cat_leaf_estimation_iterations": 14,
    "cat_bootstrap_type": "MVS"
  },
  "features_enabled": {
    "ENABLE_EXTERNAL_FEATURES": "1",
    "ENABLE_FINGPT_FEATURES": "1",
    "ENABLE_YOLO_FEATURES": "1",
    "ML_USE_DIRECTIONAL_LOSS": "1",
    "ENABLE_SEED_BAGGING": "0",
    "ENABLE_TALIB_PATTERNS": "1",
    "ML_USE_SMART_ENSEMBLE": "0",
    "ML_USE_STACKED_SHORT": "1",
    "ENABLE_META_STACKING": "0",
    "ML_USE_REGIME_DETECTION": "1",
    "ENABLE_FINGPT": "1",
    "ML_USE_ADAPTIVE_LEARNING": "0",
    "ENABLE_XGBOOST": "1",
    "ENABLE_LIGHTGBM": "1",
    "ENABLE_CATBOOST": "1"
  },
  "best_trial_metrics": {
    "AKFIS_1d": {
      "symbol": "AKFIS",
      "horizon": 1,
      "split_metrics": [
        {
          "split_index": 1,
          "train_days": 140,
          "test_days": 30,
          "train_end_idx": 140,
          "test_end_idx": 170,
          "train_start": "2025-01-23T00:00:00",
          "train_end": "2025-08-18T00:00:00",
          "test_start": "2025-08-19T00:00:00",
          "test_end": "2025-09-29T00:00:00",
          "valid_predictions": 29,
          "model_metrics": {
            "xgboost": {
              "raw_r2": -0.08696931712767723,
              "rmse": 0.03060515460024578,
              "mape": 1.4109223270110887,
              "confidence": 0.5554302448611904
            },
            "lightgbm": {
              "raw_r2": -0.16946620297199022,
              "rmse": 0.032065678003862945,
              "mape": 1.36700852260342,
              "confidence": 0.4949954744444789
            },
            "catboost": {
              "raw_r2": -0.15705942037811607,
              "rmse": 0.03188712463952045,
              "mape": 1.3542032686511367,
              "confidence": 0.5035665864518017
            }
          },
          "dirhit": 78.57142857142857,
          "rmse": 0.023319476510691512,
          "mape": 6774075.3503996385,
          "nrmse": 1.1651754401999646,
          "mask_count": 14,
          "mask_pct": 48.275862068965516,
          "low_support": false,
          "min_mask_count": 0,
          "min_mask_pct": 0.0
        },
        {
          "split_index": 2,
          "train_days": 170,
          "test_days": 30,
          "train_end_idx": 170,
          "test_end_idx": 200,
          "train_start": "2025-01-23T00:00:00",
          "train_end": "2025-09-29T00:00:00",
          "test_start": "2025-09-30T00:00:00",
          "test_end": "2025-11-11T00:00:00",
          "valid_predictions": 29,
          "model_metrics": {
            "xgboost": {
              "raw_r2": -0.07145055872397339,
              "rmse": 0.026288039401713308,
              "mape": 1.4344911191251963,
              "confidence": 0.5675560871305294
            },
            "lightgbm": {
              "raw_r2": -0.1734809227454667,
              "rmse": 0.027772468781773994,
              "mape": 1.3423502617109708,
              "confidence": 0.49226651257148846
            },
            "catboost": {
              "raw_r2": -0.0885891184253043,
              "rmse": 0.02669968404182809,
              "mape": 1.4224562829342893,