{
  "best_value": 71.48148148148148,
  "best_dirhit": 53.611111111111114,
  "best_params": {
    "enable_external_features": true,
    "enable_fingpt_features": true,
    "enable_yolo_features": true,
    "enable_directional_loss": true,
    "enable_seed_bagging": false,
    "enable_talib_patterns": true,
    "enable_smart_ensemble": false,
    "enable_stacked_short": true,
    "enable_meta_stacking": true,
    "enable_regime_detection": false,
    "enable_fingpt": true,
    "model_choice": "all",
    "ml_loss_mse_weight": 0.6221947156280143,
    "ml_loss_threshold": 0.002979708837909645,
    "ml_dir_penalty": 1.391336642604006,
    "meta_stacking_alpha": 0.29843353644467213,
    "ml_adaptive_k_1d": 1.9469435415611314,
    "ml_pattern_weight_scale_1d": 0.7598028048650227,
    "enable_talib_patterns_short": true,
    "external_min_days": 45,
    "external_smooth_alpha": 0.3357921428904397,
    "yolo_min_conf": 0.32265200488602225,
    "fingpt_confidence_threshold": 0.31238378438794134,
    "xgb_n_estimators": 432,
    "xgb_max_depth": 4,
    "xgb_learning_rate": 0.10169748566247801,
    "xgb_subsample": 0.763477452647578,
    "xgb_colsample_bytree": 0.5651737708325719,
    "xgb_reg_alpha": 2.651016827185942e-06,
    "xgb_reg_lambda": 1.0440202406215924,
    "xgb_min_child_weight": 5,
    "xgb_gamma": 0.022034455606330692,
    "xgb_grow_policy": "depthwise",
    "xgb_tree_method": "hist",
    "xgb_max_bin": 277,
    "lgb_n_estimators": 429,
    "lgb_max_depth": 5,
    "lgb_learning_rate": 0.05127005803485768,
    "lgb_num_leaves": 60,
    "lgb_subsample": 0.6544410551203097,
    "lgb_colsample_bytree": 0.8844762255295657,
    "lgb_reg_alpha": 0.7312500116137284,
    "lgb_reg_lambda": 0.0008620245917444437,
    "lgb_min_data_in_leaf": 16,
    "lgb_feature_fraction_bynode": 0.5503890006887133,
    "lgb_bagging_freq": 0,
    "lgb_min_gain_to_split": 0.0944429607559284,
    "cat_iterations": 448,
    "cat_depth": 2,
    "cat_learning_rate": 0.02600140781125379,
    "cat_l2_leaf_reg": 8.60387779872509,
    "cat_subsample": 0.5104723710811216,
    "cat_rsm": 0.8665108171650211,
    "cat_border_count": 83,
    "cat_random_strength": 0.15876636357150722,
    "cat_leaf_estimation_iterations": 14,
    "cat_bootstrap_type": "Bernoulli"
  },
  "best_trial": {
    "number": 5,
    "value": 30.461958421460942,
    "state": "1"
  },
  "best_trial_number": 5,
  "best_trial_seed": 47,
  "n_trials": 1389,
  "pruned_count": 0,
  "avg_trial_time": 0.0,
  "top_k_trials": [],
  "study_name": "hpo_with_features_CONSE_h1_c2",
  "symbols": [
    "CONSE"
  ],
  "horizon": 1,
  "best_model_choice": "all",
  "feature_flags": {
    "enable_external_features": true,
    "enable_fingpt_features": true,
    "enable_yolo_features": true,
    "enable_directional_loss": true,
    "enable_seed_bagging": false,
    "enable_talib_patterns": true,
    "enable_smart_ensemble": false,
    "enable_stacked_short": true,
    "enable_meta_stacking": true,
    "enable_regime_detection": false,
    "enable_fingpt": true,
    "enable_talib_patterns_short": true
  },
  "feature_params": {
    "ml_loss_mse_weight": 0.6221947156280143,
    "ml_loss_threshold": 0.002979708837909645,
    "ml_dir_penalty": 1.391336642604006,
    "meta_stacking_alpha": 0.29843353644467213,
    "ml_adaptive_k_1d": 1.9469435415611314,
    "ml_pattern_weight_scale_1d": 0.7598028048650227,
    "external_min_days": 45,
    "external_smooth_alpha": 0.3357921428904397,
    "yolo_min_conf": 0.32265200488602225,
    "fingpt_confidence_threshold": 0.31238378438794134
  },
  "hyperparameters": {
    "model_choice": "all",
    "xgb_n_estimators": 432,
    "xgb_max_depth": 4,
    "xgb_learning_rate": 0.10169748566247801,
    "xgb_subsample": 0.763477452647578,
    "xgb_colsample_bytree": 0.5651737708325719,
    "xgb_reg_alpha": 2.651016827185942e-06,
    "xgb_reg_lambda": 1.0440202406215924,
    "xgb_min_child_weight": 5,
    "xgb_gamma": 0.022034455606330692,
    "xgb_grow_policy": "depthwise",
    "xgb_tree_method": "hist",
    "xgb_max_bin": 277,
    "lgb_n_estimators": 429,
    "lgb_max_depth": 5,
    "lgb_learning_rate": 0.05127005803485768,
    "lgb_num_leaves": 60,
    "lgb_subsample": 0.6544410551203097,
    "lgb_colsample_bytree": 0.8844762255295657,
    "lgb_reg_alpha": 0.7312500116137284,
    "lgb_reg_lambda": 0.0008620245917444437,
    "lgb_min_data_in_leaf": 16,
    "lgb_feature_fraction_bynode": 0.5503890006887133,
    "lgb_bagging_freq": 0,
    "lgb_min_gain_to_split": 0.0944429607559284,
    "cat_iterations": 448,
    "cat_depth": 2,
    "cat_learning_rate": 0.02600140781125379,
    "cat_l2_leaf_reg": 8.60387779872509,
    "cat_subsample": 0.5104723710811216,
    "cat_rsm": 0.8665108171650211,
    "cat_border_count": 83,
    "cat_random_strength": 0.15876636357150722,
    "cat_leaf_estimation_iterations": 14,
    "cat_bootstrap_type": "Bernoulli"
  },
  "features_enabled": {
    "ENABLE_EXTERNAL_FEATURES": "1",
    "ENABLE_FINGPT_FEATURES": "1",
    "ENABLE_YOLO_FEATURES": "1",
    "ML_USE_DIRECTIONAL_LOSS": "1",
    "ENABLE_SEED_BAGGING": "0",
    "ENABLE_TALIB_PATTERNS": "1",
    "ML_USE_SMART_ENSEMBLE": "0",
    "ML_USE_STACKED_SHORT": "1",
    "ENABLE_META_STACKING": "1",
    "ML_USE_REGIME_DETECTION": "0",
    "ENABLE_FINGPT": "1",
    "ML_USE_ADAPTIVE_LEARNING": "0",
    "ENABLE_XGBOOST": "1",
    "ENABLE_LIGHTGBM": "1",
    "ENABLE_CATBOOST": "1"
  },
  "best_trial_metrics": {
    "CONSE_1d": {
      "symbol": "CONSE",
      "horizon": 1,
      "split_metrics": [
        {
          "split_index": 1,
          "train_days": 452,
          "test_days": 30,
          "train_end_idx": 452,
          "test_end_idx": 482,
          "train_start": "2023-08-21T00:00:00",
          "train_end": "2025-06-11T00:00:00",
          "test_start": "2025-06-12T00:00:00",
          "test_end": "2025-07-24T00:00:00",
          "valid_predictions": 29,
          "model_metrics": {
            "xgboost": {
              "raw_r2": -0.013093481041106006,
              "rmse": 0.03379051456048647,
              "mape": 1.6775041518551261,
              "confidence": 0.6143653447104737
            },
            "lightgbm": {
              "raw_r2": -0.014166978512929399,
              "rmse": 0.03381370382279393,
              "mape": 1.6946635846242928,
              "confidence": 0.6134941405220913
            },
            "catboost": {
              "raw_r2": -0.004772412694435846,
              "rmse": 0.03365119601935726,
              "mape": 1.7296375035234708,
              "confidence": 0.6211225986660955
            }
          },
          "dirhit": 0.0,
          "rmse": 0.02975947025137601,
          "mape": 7783978.468313811,
          "nrmse": 1.3225550161388808,
          "mask_count": 4,
          "mask_pct": 13.793103448275861,
          "low_support": false,
          "min_mask_count": 0,
          "min_mask_pct": 0.0
        },
        {
          "split_index": 2,
          "train_days": 482,
          "test_days": 30,
          "train_end_idx": 482,
          "test_end_idx": 512,
          "train_start": "2023-08-21T00:00:00",
          "train_end": "2025-07-24T00:00:00",
          "test_start": "2025-07-25T00:00:00",
          "test_end": "2025-09-04T00:00:00",
          "valid_predictions": 29,
          "model_metrics": {
            "xgboost": {
              "raw_r2": -0.019242008979785192,
              "rmse": 0.03322473438733334,
              "mape": 1.6823568837682277,
              "confidence": 0.6093779161645424
            },
            "lightgbm": {
              "raw_r2": -0.0177290529957214,
              "rmse": 0.03319623050540693,
              "mape": 1.6663670066673584,
              "confidence": 0.6106045697937983
            },
            "catboost": {
              "raw_r2": -0.017559805727363226,
              "rmse": 0.033188013103500176,
              "mape": 1.6684793080086786,
              "confidence": 0.6107418159722442
            }
          },