{
  "best_value": 54.166155179479034,
  "best_dirhit": 86.1344537815126,
  "best_params": {
    "enable_external_features": true,
    "enable_fingpt_features": false,
    "enable_yolo_features": false,
    "enable_directional_loss": false,
    "enable_seed_bagging": true,
    "enable_talib_patterns": true,
    "enable_smart_ensemble": true,
    "enable_stacked_short": false,
    "enable_meta_stacking": false,
    "enable_regime_detection": true,
    "enable_fingpt": false,
    "model_choice": "all",
    "n_seeds": 2,
    "ml_adaptive_k_1d": 2.827021688552014,
    "ml_pattern_weight_scale_1d": 1.7261436082348127,
    "enable_talib_patterns_short": true,
    "external_min_days": 43,
    "external_smooth_alpha": 0.41344799079197303,
    "regime_scale_low": 0.8855875161281034,
    "regime_scale_high": 1.0867949260021612,
    "smart_consensus_weight": 0.5493398723818556,
    "smart_performance_weight": 0.458727385769297,
    "smart_sigma": 0.0011156149321778174,
    "smart_weight_xgb": 0.9066220595964479,
    "smart_weight_lgbm": 0.9370051402747698,
    "smart_weight_cat": 1.1033631901971672,
    "xgb_n_estimators": 477,
    "xgb_max_depth": 5,
    "xgb_learning_rate": 0.09421704575671201,
    "xgb_subsample": 0.8925815752858866,
    "xgb_colsample_bytree": 0.8930258943638578,
    "xgb_reg_alpha": 0.18720263273182947,
    "xgb_reg_lambda": 30.15364095602286,
    "xgb_min_child_weight": 9,
    "xgb_gamma": 0.3696060350202279,
    "xgb_grow_policy": "lossguide",
    "xgb_tree_method": "hist",
    "xgb_max_bin": 136,
    "lgb_n_estimators": 177,
    "lgb_max_depth": 4,
    "lgb_learning_rate": 0.01506004501772937,
    "lgb_num_leaves": 41,
    "lgb_subsample": 0.6647915487424964,
    "lgb_colsample_bytree": 0.6084763035624919,
    "lgb_reg_alpha": 9.759892716604055e-05,
    "lgb_reg_lambda": 0.0022812927810879117,
    "lgb_min_data_in_leaf": 58,
    "lgb_feature_fraction_bynode": 0.7489800949348168,
    "lgb_bagging_freq": 9,
    "lgb_min_gain_to_split": 0.8474366570214695,
    "cat_iterations": 157,
    "cat_depth": 7,
    "cat_learning_rate": 0.017158573974975565,
    "cat_l2_leaf_reg": 3.0971649100302923,
    "cat_subsample": 0.7754513733668997,
    "cat_rsm": 0.905609615077795,
    "cat_border_count": 132,
    "cat_random_strength": 1.2682350487580052,
    "cat_leaf_estimation_iterations": 1,
    "cat_bootstrap_type": "No"
  },
  "best_trial": {
    "number": 428,
    "value": 54.166155179479034,
    "state": "1"
  },
  "n_trials": 1369,
  "pruned_count": 0,
  "avg_trial_time": 190.82968648172513,
  "top_k_trials": [
    {
      "number": 428,
      "value": 54.166155179479034,
      "params": {
        "enable_external_features": true,
        "enable_fingpt_features": false,
        "enable_yolo_features": false,
        "enable_directional_loss": false,
        "enable_seed_bagging": true,
        "enable_talib_patterns": true,
        "enable_smart_ensemble": true,
        "enable_stacked_short": false,
        "enable_meta_stacking": false,
        "enable_regime_detection": true,
        "enable_fingpt": false,
        "model_choice": "all",
        "n_seeds": 2,
        "ml_adaptive_k_1d": 2.827021688552014,
        "ml_pattern_weight_scale_1d": 1.7261436082348127,
        "enable_talib_patterns_short": true,
        "external_min_days": 43,
        "external_smooth_alpha": 0.41344799079197303,
        "regime_scale_low": 0.8855875161281034,
        "regime_scale_high": 1.0867949260021612,
        "smart_consensus_weight": 0.5493398723818556,
        "smart_performance_weight": 0.458727385769297,
        "smart_sigma": 0.0011156149321778174,
        "smart_weight_xgb": 0.9066220595964479,
        "smart_weight_lgbm": 0.9370051402747698,
        "smart_weight_cat": 1.1033631901971672,
        "xgb_n_estimators": 477,
        "xgb_max_depth": 5,
        "xgb_learning_rate": 0.09421704575671201,
        "xgb_subsample": 0.8925815752858866,
        "xgb_colsample_bytree": 0.8930258943638578,
        "xgb_reg_alpha": 0.18720263273182947,
        "xgb_reg_lambda": 30.15364095602286,
        "xgb_min_child_weight": 9,
        "xgb_gamma": 0.3696060350202279,
        "xgb_grow_policy": "lossguide",
        "xgb_tree_method": "hist",
        "xgb_max_bin": 136,
        "lgb_n_estimators": 177,
        "lgb_max_depth": 4,
        "lgb_learning_rate": 0.01506004501772937,
        "lgb_num_leaves": 41,
        "lgb_subsample": 0.6647915487424964,
        "lgb_colsample_bytree": 0.6084763035624919,
        "lgb_reg_alpha": 9.759892716604055e-05,
        "lgb_reg_lambda": 0.0022812927810879117,
        "lgb_min_data_in_leaf": 58,
        "lgb_feature_fraction_bynode": 0.7489800949348168,
        "lgb_bagging_freq": 9,
        "lgb_min_gain_to_split": 0.8474366570214695,
        "cat_iterations": 157,
        "cat_depth": 7,
        "cat_learning_rate": 0.017158573974975565,
        "cat_l2_leaf_reg": 3.0971649100302923,
        "cat_subsample": 0.7754513733668997,
        "cat_rsm": 0.905609615077795,
        "cat_border_count": 132,
        "cat_random_strength": 1.2682350487580052,
        "cat_leaf_estimation_iterations": 1,
        "cat_bootstrap_type": "No"
      },
      "attrs": {
        "avg_dirhit": 86.1344537815126,
        "avg_nrmse": 1.021327077929964,
        "model_choice": "all"
      },
      "state": "1"
    },
    {
      "number": 1238,
      "value": 54.09564463807478,
      "params": {
        "enable_external_features": true,
        "enable_fingpt_features": true,
        "enable_yolo_features": true,
        "enable_directional_loss": false,
        "enable_seed_bagging": true,
        "enable_talib_patterns": false,
        "enable_smart_ensemble": false,
        "enable_stacked_short": false,
        "enable_meta_stacking": false,
        "enable_regime_detection": true,
        "enable_fingpt": true,
        "model_choice": "all",
        "n_seeds": 4,
        "ml_adaptive_k_1d": 1.264148013682239,
        "ml_pattern_weight_scale_1d": 1.726437028514587,
        "enable_talib_patterns_short": true,
        "external_min_days": 32,
        "external_smooth_alpha": 0.17237665148117762,
        "regime_scale_low": 0.8798600520426823,
        "regime_scale_high": 1.0477699318097933,
        "yolo_min_conf": 0.6380326355847605,
        "fingpt_confidence_threshold": 0.48412659435565003,
        "xgb_n_estimators": 507,
        "xgb_max_depth": 2,
        "xgb_learning_rate": 0.059198666182112045,
        "xgb_subsample": 0.8772765942813222,
        "xgb_colsample_bytree": 0.556921314083031,
        "xgb_reg_alpha": 0.32414102734646705,
        "xgb_reg_lambda": 0.07162066408800893,
        "xgb_min_child_weight": 5,
        "xgb_gamma": 0.6817131269853536,
        "xgb_grow_policy": "lossguide",
        "xgb_tree_method": "hist",
        "xgb_max_bin": 135,
        "lgb_n_estimators": 164,
        "lgb_max_depth": 4,
        "lgb_learning_rate": 0.014572209405200888,
        "lgb_num_leaves": 40,
        "lgb_subsample": 0.5652176936787884,
        "lgb_colsample_bytree": 0.6543884976756258,
        "lgb_reg_alpha": 2.494886133321846e-05,
        "lgb_reg_lambda": 0.0026746786529216293,
        "lgb_min_data_in_leaf": 65,
        "lgb_feature_fraction_bynode": 0.6618957311014654,
        "lgb_bagging_freq": 8,
        "lgb_min_gain_to_split": 0.8392046933921778,
        "cat_iterations": 184,
        "cat_depth": 6,
        "cat_learning_rate": 0.015847856517871503,
        "cat_l2_leaf_reg": 3.6824574791821605,
        "cat_subsample": 0.7579484835218547,
        "cat_rsm": 0.8841165785840069,
        "cat_border_count": 137,
        "cat_random_strength": 1.4127681822957705,
        "cat_leaf_estimation_iterations": 14,
        "cat_bootstrap_type": "No"
      },
      "attrs": {
        "avg_dirhit": 86.01190476190476,
        "avg_nrmse": 1.0187814492097582,
        "model_choice": "all"
      },
      "state": "1"
    },
    {
      "number": 875,
      "value": 53.76549628028568,