{
  "best_value": 52.5928914319254,
  "best_dirhit": 83.75,
  "best_params": {
    "enable_external_features": true,
    "enable_fingpt_features": false,
    "enable_yolo_features": true,
    "enable_directional_loss": true,
    "enable_seed_bagging": true,
    "enable_talib_patterns": false,
    "enable_smart_ensemble": true,
    "enable_stacked_short": true,
    "enable_meta_stacking": true,
    "enable_regime_detection": false,
    "enable_fingpt": false,
    "model_choice": "all",
    "ml_loss_mse_weight": 0.26367880352420003,
    "ml_loss_threshold": 0.002052693149289131,
    "ml_dir_penalty": 2.82902128382184,
    "n_seeds": 5,
    "meta_stacking_alpha": 0.011444150444875956,
    "ml_adaptive_k_1d": 1.3598047552256993,
    "ml_pattern_weight_scale_1d": 1.6724240085106088,
    "enable_talib_patterns_short": false,
    "external_min_days": 56,
    "external_smooth_alpha": 0.47026293452120044,
    "yolo_min_conf": 0.5623109469873302,
    "smart_consensus_weight": 0.637366165717286,
    "smart_performance_weight": 0.40640569360870266,
    "smart_sigma": 0.009355418647340146,
    "smart_weight_xgb": 1.2666396169972773,
    "smart_weight_lgbm": 1.1178261261463094,
    "smart_weight_cat": 0.6394168066173753,
    "xgb_n_estimators": 475,
    "xgb_max_depth": 2,
    "xgb_learning_rate": 0.0510205799056137,
    "xgb_subsample": 0.8341989395289628,
    "xgb_colsample_bytree": 0.6438570156354246,
    "xgb_reg_alpha": 0.012414613005457972,
    "xgb_reg_lambda": 9.203121698971074,
    "xgb_min_child_weight": 6,
    "xgb_gamma": 0.13166037954189114,
    "xgb_grow_policy": "depthwise",
    "xgb_tree_method": "hist",
    "xgb_max_bin": 282,
    "lgb_n_estimators": 228,
    "lgb_max_depth": 7,
    "lgb_learning_rate": 0.018972216837502973,
    "lgb_num_leaves": 43,
    "lgb_subsample": 0.6354785549138267,
    "lgb_colsample_bytree": 0.790797996073841,
    "lgb_reg_alpha": 0.645029435464305,
    "lgb_reg_lambda": 0.0015171279979421582,
    "lgb_min_data_in_leaf": 47,
    "lgb_feature_fraction_bynode": 0.7582104555304743,
    "lgb_bagging_freq": 5,
    "lgb_min_gain_to_split": 0.7141201125078352,
    "cat_iterations": 202,
    "cat_depth": 6,
    "cat_learning_rate": 0.023786345745186913,
    "cat_l2_leaf_reg": 5.960992413529624,
    "cat_subsample": 0.527740414284509,
    "cat_rsm": 0.5182673546960943,
    "cat_border_count": 40,
    "cat_random_strength": 0.1914878714213584,
    "cat_leaf_estimation_iterations": 18,
    "cat_bootstrap_type": "No"
  },
  "best_trial": {
    "number": 1305,
    "value": 52.5928914319254,
    "state": "1"
  },
  "n_trials": 1357,
  "pruned_count": 0,
  "avg_trial_time": 192.52301838126843,
  "top_k_trials": [
    {
      "number": 1305,
      "value": 52.5928914319254,
      "params": {
        "enable_external_features": true,
        "enable_fingpt_features": false,
        "enable_yolo_features": true,
        "enable_directional_loss": true,
        "enable_seed_bagging": true,
        "enable_talib_patterns": false,
        "enable_smart_ensemble": true,
        "enable_stacked_short": true,
        "enable_meta_stacking": true,
        "enable_regime_detection": false,
        "enable_fingpt": false,
        "model_choice": "all",
        "ml_loss_mse_weight": 0.26367880352420003,
        "ml_loss_threshold": 0.002052693149289131,
        "ml_dir_penalty": 2.82902128382184,
        "n_seeds": 5,
        "meta_stacking_alpha": 0.011444150444875956,
        "ml_adaptive_k_1d": 1.3598047552256993,
        "ml_pattern_weight_scale_1d": 1.6724240085106088,
        "enable_talib_patterns_short": false,
        "external_min_days": 56,
        "external_smooth_alpha": 0.47026293452120044,
        "yolo_min_conf": 0.5623109469873302,
        "smart_consensus_weight": 0.637366165717286,
        "smart_performance_weight": 0.40640569360870266,
        "smart_sigma": 0.009355418647340146,
        "smart_weight_xgb": 1.2666396169972773,
        "smart_weight_lgbm": 1.1178261261463094,
        "smart_weight_cat": 0.6394168066173753,
        "xgb_n_estimators": 475,
        "xgb_max_depth": 2,
        "xgb_learning_rate": 0.0510205799056137,
        "xgb_subsample": 0.8341989395289628,
        "xgb_colsample_bytree": 0.6438570156354246,
        "xgb_reg_alpha": 0.012414613005457972,
        "xgb_reg_lambda": 9.203121698971074,
        "xgb_min_child_weight": 6,
        "xgb_gamma": 0.13166037954189114,
        "xgb_grow_policy": "depthwise",
        "xgb_tree_method": "hist",
        "xgb_max_bin": 282,
        "lgb_n_estimators": 228,
        "lgb_max_depth": 7,
        "lgb_learning_rate": 0.018972216837502973,
        "lgb_num_leaves": 43,
        "lgb_subsample": 0.6354785549138267,
        "lgb_colsample_bytree": 0.790797996073841,
        "lgb_reg_alpha": 0.645029435464305,
        "lgb_reg_lambda": 0.0015171279979421582,
        "lgb_min_data_in_leaf": 47,
        "lgb_feature_fraction_bynode": 0.7582104555304743,
        "lgb_bagging_freq": 5,
        "lgb_min_gain_to_split": 0.7141201125078352,
        "cat_iterations": 202,
        "cat_depth": 6,
        "cat_learning_rate": 0.023786345745186913,
        "cat_l2_leaf_reg": 5.960992413529624,
        "cat_subsample": 0.527740414284509,
        "cat_rsm": 0.5182673546960943,
        "cat_border_count": 40,
        "cat_random_strength": 0.1914878714213584,
        "cat_leaf_estimation_iterations": 18,
        "cat_bootstrap_type": "No"
      },
      "attrs": {
        "avg_dirhit": 83.75,
        "avg_nrmse": 1.0053514280124314,
        "model_choice": "all"
      },
      "state": "1"
    },
    {
      "number": 1228,
      "value": 52.240873530605285,
      "params": {
        "enable_external_features": false,
        "enable_fingpt_features": false,
        "enable_yolo_features": false,
        "enable_directional_loss": true,
        "enable_seed_bagging": true,
        "enable_talib_patterns": true,
        "enable_smart_ensemble": true,
        "enable_stacked_short": true,
        "enable_meta_stacking": false,
        "enable_regime_detection": true,
        "enable_fingpt": false,
        "model_choice": "all",
        "ml_loss_mse_weight": 0.2114506965230099,
        "ml_loss_threshold": 0.005556808870119515,
        "ml_dir_penalty": 2.780117812421577,
        "n_seeds": 3,
        "ml_adaptive_k_1d": 1.3143056591025712,
        "ml_pattern_weight_scale_1d": 1.7227233831911242,
        "enable_talib_patterns_short": false,
        "external_min_days": 48,
        "external_smooth_alpha": 0.48685355075559617,
        "regime_scale_low": 0.9046637832995464,
        "regime_scale_high": 1.0820772486582158,
        "smart_consensus_weight": 0.35612964406918807,
        "smart_performance_weight": 0.42095172237926937,
        "smart_sigma": 0.016047587380541333,
        "smart_weight_xgb": 1.390848144891143,
        "smart_weight_lgbm": 1.231455362411582,
        "smart_weight_cat": 0.6540291961989945,
        "xgb_n_estimators": 479,
        "xgb_max_depth": 2,
        "xgb_learning_rate": 0.04641590169359194,
        "xgb_subsample": 0.8360953208818808,
        "xgb_colsample_bytree": 0.6477209335586062,
        "xgb_reg_alpha": 0.014502658960801156,
        "xgb_reg_lambda": 7.083709573226757,
        "xgb_min_child_weight": 6,
        "xgb_gamma": 0.26755424003427764,
        "xgb_grow_policy": "depthwise",
        "xgb_tree_method": "hist",
        "xgb_max_bin": 257,
        "lgb_n_estimators": 200,
        "lgb_max_depth": 7,
        "lgb_learning_rate": 0.02074882075935429,
        "lgb_num_leaves": 39,
        "lgb_subsample": 0.8399461557796624,
        "lgb_colsample_bytree": 0.827396952400134,
        "lgb_reg_alpha": 0.6426125499278078,
        "lgb_reg_lambda": 0.002120475763896521,
        "lgb_min_data_in_leaf": 46,
        "lgb_feature_fraction_bynode": 0.6820644506491012,
        "lgb_bagging_freq": 4,
        "lgb_min_gain_to_split": 0.688415281982355,
        "cat_iterations": 205,
        "cat_depth": 3,