{
  "best_value": 43.20707072758422,
  "best_dirhit": 70.83333333333333,
  "best_params": {
    "enable_external_features": false,
    "enable_fingpt_features": true,
    "enable_yolo_features": true,
    "enable_directional_loss": false,
    "enable_seed_bagging": false,
    "enable_talib_patterns": false,
    "enable_smart_ensemble": true,
    "enable_stacked_short": false,
    "enable_meta_stacking": false,
    "enable_regime_detection": true,
    "enable_fingpt": true,
    "model_choice": "all",
    "ml_adaptive_k_1d": 1.1712883750350152,
    "ml_pattern_weight_scale_1d": 1.961765074090454,
    "enable_talib_patterns_short": true,
    "external_min_days": 49,
    "external_smooth_alpha": 0.33492570780235326,
    "regime_scale_low": 0.8318269929761535,
    "regime_scale_high": 1.0200075882129211,
    "yolo_min_conf": 0.6678541380084559,
    "smart_consensus_weight": 0.5336140879346506,
    "smart_performance_weight": 0.2456011888054028,
    "smart_sigma": 0.0012347352538190797,
    "smart_weight_xgb": 1.4380511139643906,
    "smart_weight_lgbm": 1.2885090571848765,
    "smart_weight_cat": 0.7709440006215803,
    "fingpt_confidence_threshold": 0.268414793860504,
    "xgb_n_estimators": 174,
    "xgb_max_depth": 3,
    "xgb_learning_rate": 0.09139101996735946,
    "xgb_subsample": 0.7059926381944256,
    "xgb_colsample_bytree": 0.710451044393289,
    "xgb_reg_alpha": 0.002252802278867503,
    "xgb_reg_lambda": 2.8674959227814987,
    "xgb_min_child_weight": 15,
    "xgb_gamma": 0.016096195398983774,
    "xgb_grow_policy": "depthwise",
    "xgb_tree_method": "hist",
    "xgb_max_bin": 142,
    "lgb_n_estimators": 318,
    "lgb_max_depth": 6,
    "lgb_learning_rate": 0.012159673289837001,
    "lgb_num_leaves": 24,
    "lgb_subsample": 0.5122760631568959,
    "lgb_colsample_bytree": 0.6306620177695859,
    "lgb_reg_alpha": 0.0001489042621814671,
    "lgb_reg_lambda": 0.0006081389250713558,
    "lgb_min_data_in_leaf": 78,
    "lgb_feature_fraction_bynode": 0.9647682975374878,
    "lgb_bagging_freq": 0,
    "lgb_min_gain_to_split": 0.9689212522668093,
    "cat_iterations": 147,
    "cat_depth": 8,
    "cat_learning_rate": 0.01234703106082818,
    "cat_l2_leaf_reg": 9.01196267434223,
    "cat_subsample": 0.8879239364055469,
    "cat_rsm": 0.7144578950160503,
    "cat_border_count": 87,
    "cat_random_strength": 1.145138356773674,
    "cat_leaf_estimation_iterations": 1,
    "cat_bootstrap_type": "Bernoulli"
  },
  "best_trial": {
    "number": 1147,
    "value": 43.20707072758422,
    "state": "1"
  },
  "n_trials": 1306,
  "pruned_count": 0,
  "avg_trial_time": 200.01969898697317,
  "top_k_trials": [
    {
      "number": 1147,
      "value": 43.20707072758422,
      "params": {
        "enable_external_features": false,
        "enable_fingpt_features": true,
        "enable_yolo_features": true,
        "enable_directional_loss": false,
        "enable_seed_bagging": false,
        "enable_talib_patterns": false,
        "enable_smart_ensemble": true,
        "enable_stacked_short": false,
        "enable_meta_stacking": false,
        "enable_regime_detection": true,
        "enable_fingpt": true,
        "model_choice": "all",
        "ml_adaptive_k_1d": 1.1712883750350152,
        "ml_pattern_weight_scale_1d": 1.961765074090454,
        "enable_talib_patterns_short": true,
        "external_min_days": 49,
        "external_smooth_alpha": 0.33492570780235326,
        "regime_scale_low": 0.8318269929761535,
        "regime_scale_high": 1.0200075882129211,
        "yolo_min_conf": 0.6678541380084559,
        "smart_consensus_weight": 0.5336140879346506,
        "smart_performance_weight": 0.2456011888054028,
        "smart_sigma": 0.0012347352538190797,
        "smart_weight_xgb": 1.4380511139643906,
        "smart_weight_lgbm": 1.2885090571848765,
        "smart_weight_cat": 0.7709440006215803,
        "fingpt_confidence_threshold": 0.268414793860504,
        "xgb_n_estimators": 174,
        "xgb_max_depth": 3,
        "xgb_learning_rate": 0.09139101996735946,
        "xgb_subsample": 0.7059926381944256,
        "xgb_colsample_bytree": 0.710451044393289,
        "xgb_reg_alpha": 0.002252802278867503,
        "xgb_reg_lambda": 2.8674959227814987,
        "xgb_min_child_weight": 15,
        "xgb_gamma": 0.016096195398983774,
        "xgb_grow_policy": "depthwise",
        "xgb_tree_method": "hist",
        "xgb_max_bin": 142,
        "lgb_n_estimators": 318,
        "lgb_max_depth": 6,
        "lgb_learning_rate": 0.012159673289837001,
        "lgb_num_leaves": 24,
        "lgb_subsample": 0.5122760631568959,
        "lgb_colsample_bytree": 0.6306620177695859,
        "lgb_reg_alpha": 0.0001489042621814671,
        "lgb_reg_lambda": 0.0006081389250713558,
        "lgb_min_data_in_leaf": 78,
        "lgb_feature_fraction_bynode": 0.9647682975374878,
        "lgb_bagging_freq": 0,
        "lgb_min_gain_to_split": 0.9689212522668093,
        "cat_iterations": 147,
        "cat_depth": 8,
        "cat_learning_rate": 0.01234703106082818,
        "cat_l2_leaf_reg": 9.01196267434223,
        "cat_subsample": 0.8879239364055469,
        "cat_rsm": 0.7144578950160503,
        "cat_border_count": 87,
        "cat_random_strength": 1.145138356773674,
        "cat_leaf_estimation_iterations": 1,
        "cat_bootstrap_type": "Bernoulli"
      },
      "attrs": {
        "avg_dirhit": 70.83333333333333,
        "avg_nrmse": 1.0627104342915188,
        "model_choice": "all"
      },
      "state": "1"
    },
    {
      "number": 399,
      "value": 43.19274269752173,
      "params": {
        "enable_external_features": false,
        "enable_fingpt_features": true,
        "enable_yolo_features": true,
        "enable_directional_loss": false,
        "enable_seed_bagging": true,
        "enable_talib_patterns": true,
        "enable_smart_ensemble": true,
        "enable_stacked_short": false,
        "enable_meta_stacking": false,
        "enable_regime_detection": true,
        "enable_fingpt": true,
        "model_choice": "all",
        "n_seeds": 2,
        "ml_adaptive_k_1d": 1.1833522832534404,
        "ml_pattern_weight_scale_1d": 1.9289057789639312,
        "enable_talib_patterns_short": true,
        "external_min_days": 52,
        "external_smooth_alpha": 0.38508979659352355,
        "regime_scale_low": 0.8344789692368411,
        "regime_scale_high": 1.0368983317538414,
        "yolo_min_conf": 0.6121586502956599,
        "smart_consensus_weight": 0.4261164044085858,
        "smart_performance_weight": 0.24496314218673532,
        "smart_sigma": 0.005007724503735708,
        "smart_weight_xgb": 1.3380628463002933,
        "smart_weight_lgbm": 0.698039381080453,
        "smart_weight_cat": 0.5546426623602988,
        "fingpt_confidence_threshold": 0.2896530362110343,
        "xgb_n_estimators": 199,
        "xgb_max_depth": 3,
        "xgb_learning_rate": 0.11436064462432656,
        "xgb_subsample": 0.7501974882966681,
        "xgb_colsample_bytree": 0.7543279600841392,
        "xgb_reg_alpha": 0.26259998601589263,
        "xgb_reg_lambda": 4.417595119522508,
        "xgb_min_child_weight": 14,
        "xgb_gamma": 0.0825838057184289,
        "xgb_grow_policy": "depthwise",
        "xgb_tree_method": "hist",
        "xgb_max_bin": 153,
        "lgb_n_estimators": 381,
        "lgb_max_depth": 4,
        "lgb_learning_rate": 0.022302792083761146,
        "lgb_num_leaves": 24,
        "lgb_subsample": 0.8565551209412574,
        "lgb_colsample_bytree": 0.6784396112566587,
        "lgb_reg_alpha": 3.196469731368343e-05,
        "lgb_reg_lambda": 0.0002674497437723651,
        "lgb_min_data_in_leaf": 71,
        "lgb_feature_fraction_bynode": 0.9429750464461143,
        "lgb_bagging_freq": 1,
        "lgb_min_gain_to_split": 0.9103736682052566,
        "cat_iterations": 128,
        "cat_depth": 8,
        "cat_learning_rate": 0.016249816412652045,
        "cat_l2_leaf_reg": 6.995698356900158,
        "cat_subsample": 0.7478305285904107,