{
  "best_value": 45.9720122955752,
  "best_dirhit": 79.101966873706,
  "best_params": {
    "enable_external_features": true,
    "enable_fingpt_features": true,
    "enable_yolo_features": false,
    "enable_directional_loss": true,
    "enable_seed_bagging": false,
    "enable_talib_patterns": false,
    "enable_smart_ensemble": false,
    "enable_stacked_short": true,
    "enable_meta_stacking": true,
    "enable_regime_detection": true,
    "enable_fingpt": true,
    "model_choice": "all",
    "ml_loss_mse_weight": 0.3398127343727328,
    "ml_loss_threshold": 0.008457023685959542,
    "ml_dir_penalty": 3.1674248872048767,
    "meta_stacking_alpha": 1.7762116826349075,
    "ml_adaptive_k_1d": 1.0645648073858627,
    "ml_pattern_weight_scale_1d": 1.010550040417549,
    "enable_talib_patterns_short": true,
    "external_min_days": 37,
    "external_smooth_alpha": 0.13299869022057415,
    "regime_scale_low": 0.8136997659140719,
    "regime_scale_high": 1.0328919974958088,
    "fingpt_confidence_threshold": 0.20490656081689898,
    "xgb_n_estimators": 280,
    "xgb_max_depth": 5,
    "xgb_learning_rate": 0.015385229393209588,
    "xgb_subsample": 0.5548573377300893,
    "xgb_colsample_bytree": 0.5984843152327072,
    "xgb_reg_alpha": 7.88137352768004e-06,
    "xgb_reg_lambda": 1.8271038967502429,
    "xgb_min_child_weight": 7,
    "xgb_gamma": 0.9749726280936286,
    "xgb_grow_policy": "depthwise",
    "xgb_tree_method": "hist",
    "xgb_max_bin": 283,
    "lgb_n_estimators": 154,
    "lgb_max_depth": 5,
    "lgb_learning_rate": 0.011948339179043116,
    "lgb_num_leaves": 14,
    "lgb_subsample": 0.7602172881470333,
    "lgb_colsample_bytree": 0.8388265854577956,
    "lgb_reg_alpha": 1.5016907656196546e-05,
    "lgb_reg_lambda": 0.002400285177943724,
    "lgb_min_data_in_leaf": 38,
    "lgb_feature_fraction_bynode": 0.5153463359890662,
    "lgb_bagging_freq": 7,
    "lgb_min_gain_to_split": 0.3118190149647083,
    "cat_iterations": 463,
    "cat_depth": 4,
    "cat_learning_rate": 0.057140555298763905,
    "cat_l2_leaf_reg": 6.725353130142887,
    "cat_subsample": 0.6317623675701063,
    "cat_rsm": 0.7270180272438348,
    "cat_border_count": 22,
    "cat_random_strength": 1.5034228656357558,
    "cat_leaf_estimation_iterations": 9,
    "cat_bootstrap_type": "No"
  },
  "best_trial": {
    "number": 1362,
    "value": 45.9720122955752,
    "state": "1"
  },
  "n_trials": 1407,
  "pruned_count": 0,
  "avg_trial_time": 185.686371913229,
  "top_k_trials": [
    {
      "number": 1362,
      "value": 45.9720122955752,
      "params": {
        "enable_external_features": true,
        "enable_fingpt_features": true,
        "enable_yolo_features": false,
        "enable_directional_loss": true,
        "enable_seed_bagging": false,
        "enable_talib_patterns": false,
        "enable_smart_ensemble": false,
        "enable_stacked_short": true,
        "enable_meta_stacking": true,
        "enable_regime_detection": true,
        "enable_fingpt": true,
        "model_choice": "all",
        "ml_loss_mse_weight": 0.3398127343727328,
        "ml_loss_threshold": 0.008457023685959542,
        "ml_dir_penalty": 3.1674248872048767,
        "meta_stacking_alpha": 1.7762116826349075,
        "ml_adaptive_k_1d": 1.0645648073858627,
        "ml_pattern_weight_scale_1d": 1.010550040417549,
        "enable_talib_patterns_short": true,
        "external_min_days": 37,
        "external_smooth_alpha": 0.13299869022057415,
        "regime_scale_low": 0.8136997659140719,
        "regime_scale_high": 1.0328919974958088,
        "fingpt_confidence_threshold": 0.20490656081689898,
        "xgb_n_estimators": 280,
        "xgb_max_depth": 5,
        "xgb_learning_rate": 0.015385229393209588,
        "xgb_subsample": 0.5548573377300893,
        "xgb_colsample_bytree": 0.5984843152327072,
        "xgb_reg_alpha": 7.88137352768004e-06,
        "xgb_reg_lambda": 1.8271038967502429,
        "xgb_min_child_weight": 7,
        "xgb_gamma": 0.9749726280936286,
        "xgb_grow_policy": "depthwise",
        "xgb_tree_method": "hist",
        "xgb_max_bin": 283,
        "lgb_n_estimators": 154,
        "lgb_max_depth": 5,
        "lgb_learning_rate": 0.011948339179043116,
        "lgb_num_leaves": 14,
        "lgb_subsample": 0.7602172881470333,
        "lgb_colsample_bytree": 0.8388265854577956,
        "lgb_reg_alpha": 1.5016907656196546e-05,
        "lgb_reg_lambda": 0.002400285177943724,
        "lgb_min_data_in_leaf": 38,
        "lgb_feature_fraction_bynode": 0.5153463359890662,
        "lgb_bagging_freq": 7,
        "lgb_min_gain_to_split": 0.3118190149647083,
        "cat_iterations": 463,
        "cat_depth": 4,
        "cat_learning_rate": 0.057140555298763905,
        "cat_l2_leaf_reg": 6.725353130142887,
        "cat_subsample": 0.6317623675701063,
        "cat_rsm": 0.7270180272438348,
        "cat_border_count": 22,
        "cat_random_strength": 1.5034228656357558,
        "cat_leaf_estimation_iterations": 9,
        "cat_bootstrap_type": "No"
      },
      "attrs": {
        "avg_dirhit": 79.101966873706,
        "avg_nrmse": 1.566560752669834,
        "model_choice": "all"
      },
      "state": "1"
    },
    {
      "number": 1111,
      "value": 45.89790911779175,
      "params": {
        "enable_external_features": true,
        "enable_fingpt_features": true,
        "enable_yolo_features": true,
        "enable_directional_loss": true,
        "enable_seed_bagging": false,
        "enable_talib_patterns": false,
        "enable_smart_ensemble": true,
        "enable_stacked_short": true,
        "enable_meta_stacking": true,
        "enable_regime_detection": true,
        "enable_fingpt": true,
        "model_choice": "all",
        "ml_loss_mse_weight": 0.4702570890572326,
        "ml_loss_threshold": 0.008641978524190696,
        "ml_dir_penalty": 1.6333731764791148,
        "meta_stacking_alpha": 0.013227003085838893,
        "ml_adaptive_k_1d": 1.5544685317542029,
        "ml_pattern_weight_scale_1d": 1.5045229751778462,
        "enable_talib_patterns_short": true,
        "external_min_days": 57,
        "external_smooth_alpha": 0.1526630887067151,
        "regime_scale_low": 0.8030294832178764,
        "regime_scale_high": 1.1106991915842712,
        "yolo_min_conf": 0.7252626946903513,
        "smart_consensus_weight": 0.5413193495060853,
        "smart_performance_weight": 0.20869724623239036,
        "smart_sigma": 0.017133909425058894,
        "smart_weight_xgb": 0.6277115861795686,
        "smart_weight_lgbm": 0.8641539069107129,
        "smart_weight_cat": 1.4608577609382594,
        "fingpt_confidence_threshold": 0.23738041504518365,
        "xgb_n_estimators": 321,
        "xgb_max_depth": 5,
        "xgb_learning_rate": 0.04608030617291936,
        "xgb_subsample": 0.5071620381236767,
        "xgb_colsample_bytree": 0.5899820980536818,
        "xgb_reg_alpha": 1.453800140993506e-05,
        "xgb_reg_lambda": 1.4508005520809408,
        "xgb_min_child_weight": 8,
        "xgb_gamma": 0.6286261598182201,
        "xgb_grow_policy": "depthwise",
        "xgb_tree_method": "hist",
        "xgb_max_bin": 293,
        "lgb_n_estimators": 149,
        "lgb_max_depth": 5,
        "lgb_learning_rate": 0.010736749859489124,
        "lgb_num_leaves": 7,
        "lgb_subsample": 0.7482127707456228,
        "lgb_colsample_bytree": 0.8549767835564781,
        "lgb_reg_alpha": 0.0036002306345648853,
        "lgb_reg_lambda": 0.007701329204620853,
        "lgb_min_data_in_leaf": 90,
        "lgb_feature_fraction_bynode": 0.5242477243897292,
        "lgb_bagging_freq": 8,
        "lgb_min_gain_to_split": 0.5102251966091599,
        "cat_iterations": 491,
        "cat_depth": 4,
        "cat_learning_rate": 0.04869141877951862,
        "cat_l2_leaf_reg": 7.27889758416268,
        "cat_subsample": 0.7630899745300802,
        "cat_rsm": 0.7451307117013777,
        "cat_border_count": 66,
        "cat_random_strength": 1.0817137662809055,