{
  "best_value": 50.79316579236615,
  "best_dirhit": 81.66666666666666,
  "best_params": {
    "enable_external_features": false,
    "enable_fingpt_features": true,
    "enable_yolo_features": false,
    "enable_directional_loss": true,
    "enable_seed_bagging": true,
    "enable_talib_patterns": true,
    "enable_smart_ensemble": true,
    "enable_stacked_short": true,
    "enable_meta_stacking": true,
    "enable_regime_detection": true,
    "enable_fingpt": false,
    "model_choice": "all",
    "ml_loss_mse_weight": 0.5037536230629964,
    "ml_loss_threshold": 0.005135542283804287,
    "ml_dir_penalty": 2.8230564263816342,
    "n_seeds": 5,
    "meta_stacking_alpha": 0.16514201538332432,
    "ml_adaptive_k_1d": 1.6423905829976697,
    "ml_pattern_weight_scale_1d": 1.5647056997908138,
    "enable_talib_patterns_short": true,
    "external_min_days": 52,
    "external_smooth_alpha": 0.4111828224730636,
    "regime_scale_low": 0.8532413554913311,
    "regime_scale_high": 1.0966501412946243,
    "smart_consensus_weight": 0.6480252106008811,
    "smart_performance_weight": 0.5509924311049046,
    "smart_sigma": 0.018661198172159076,
    "smart_weight_xgb": 0.8626730322401536,
    "smart_weight_lgbm": 1.35237749781439,
    "smart_weight_cat": 1.0688311491950915,
    "fingpt_confidence_threshold": 0.4325544270693482,
    "xgb_n_estimators": 405,
    "xgb_max_depth": 4,
    "xgb_learning_rate": 0.0664427985067912,
    "xgb_subsample": 0.5914950503988068,
    "xgb_colsample_bytree": 0.7974030675616857,
    "xgb_reg_alpha": 1.5697819968064955e-06,
    "xgb_reg_lambda": 0.6571868821568665,
    "xgb_min_child_weight": 15,
    "xgb_gamma": 0.17304157512116047,
    "xgb_grow_policy": "depthwise",
    "xgb_tree_method": "hist",
    "xgb_max_bin": 163,
    "lgb_n_estimators": 153,
    "lgb_max_depth": 8,
    "lgb_learning_rate": 0.011948811975351832,
    "lgb_num_leaves": 50,
    "lgb_subsample": 0.6657876681023331,
    "lgb_colsample_bytree": 0.8840677555345829,
    "lgb_reg_alpha": 0.007826596949756126,
    "lgb_reg_lambda": 0.0061037534762582975,
    "lgb_min_data_in_leaf": 11,
    "lgb_feature_fraction_bynode": 0.7056348226045919,
    "lgb_bagging_freq": 7,
    "lgb_min_gain_to_split": 0.9545823479160191,
    "cat_iterations": 470,
    "cat_depth": 7,
    "cat_learning_rate": 0.12190192949452235,
    "cat_l2_leaf_reg": 4.820240394641937,
    "cat_subsample": 0.9304992723903883,
    "cat_rsm": 0.9396605544937189,
    "cat_border_count": 150,
    "cat_random_strength": 0.17557017924693358,
    "cat_leaf_estimation_iterations": 5,
    "cat_bootstrap_type": "Bayesian"
  },
  "best_trial": {
    "number": 662,
    "value": 50.79316579236615,
    "state": "1"
  },
  "n_trials": 1315,
  "pruned_count": 0,
  "avg_trial_time": 198.68543511035008,
  "top_k_trials": [
    {
      "number": 662,
      "value": 50.79316579236615,
      "params": {
        "enable_external_features": false,
        "enable_fingpt_features": true,
        "enable_yolo_features": false,
        "enable_directional_loss": true,
        "enable_seed_bagging": true,
        "enable_talib_patterns": true,
        "enable_smart_ensemble": true,
        "enable_stacked_short": true,
        "enable_meta_stacking": true,
        "enable_regime_detection": true,
        "enable_fingpt": false,
        "model_choice": "all",
        "ml_loss_mse_weight": 0.5037536230629964,
        "ml_loss_threshold": 0.005135542283804287,
        "ml_dir_penalty": 2.8230564263816342,
        "n_seeds": 5,
        "meta_stacking_alpha": 0.16514201538332432,
        "ml_adaptive_k_1d": 1.6423905829976697,
        "ml_pattern_weight_scale_1d": 1.5647056997908138,
        "enable_talib_patterns_short": true,
        "external_min_days": 52,
        "external_smooth_alpha": 0.4111828224730636,
        "regime_scale_low": 0.8532413554913311,
        "regime_scale_high": 1.0966501412946243,
        "smart_consensus_weight": 0.6480252106008811,
        "smart_performance_weight": 0.5509924311049046,
        "smart_sigma": 0.018661198172159076,
        "smart_weight_xgb": 0.8626730322401536,
        "smart_weight_lgbm": 1.35237749781439,
        "smart_weight_cat": 1.0688311491950915,
        "fingpt_confidence_threshold": 0.4325544270693482,
        "xgb_n_estimators": 405,
        "xgb_max_depth": 4,
        "xgb_learning_rate": 0.0664427985067912,
        "xgb_subsample": 0.5914950503988068,
        "xgb_colsample_bytree": 0.7974030675616857,
        "xgb_reg_alpha": 1.5697819968064955e-06,
        "xgb_reg_lambda": 0.6571868821568665,
        "xgb_min_child_weight": 15,
        "xgb_gamma": 0.17304157512116047,
        "xgb_grow_policy": "depthwise",
        "xgb_tree_method": "hist",
        "xgb_max_bin": 163,
        "lgb_n_estimators": 153,
        "lgb_max_depth": 8,
        "lgb_learning_rate": 0.011948811975351832,
        "lgb_num_leaves": 50,
        "lgb_subsample": 0.6657876681023331,
        "lgb_colsample_bytree": 0.8840677555345829,
        "lgb_reg_alpha": 0.007826596949756126,
        "lgb_reg_lambda": 0.0061037534762582975,
        "lgb_min_data_in_leaf": 11,
        "lgb_feature_fraction_bynode": 0.7056348226045919,
        "lgb_bagging_freq": 7,
        "lgb_min_gain_to_split": 0.9545823479160191,
        "cat_iterations": 470,
        "cat_depth": 7,
        "cat_learning_rate": 0.12190192949452235,
        "cat_l2_leaf_reg": 4.820240394641937,
        "cat_subsample": 0.9304992723903883,
        "cat_rsm": 0.9396605544937189,
        "cat_border_count": 150,
        "cat_random_strength": 0.17557017924693358,
        "cat_leaf_estimation_iterations": 5,
        "cat_bootstrap_type": "Bayesian"
      },
      "attrs": {
        "avg_dirhit": 81.66666666666666,
        "avg_nrmse": 1.0622501457167506,
        "model_choice": "all"
      },
      "state": "1"
    },
    {
      "number": 1309,
      "value": 48.478708619154574,
      "params": {
        "enable_external_features": true,
        "enable_fingpt_features": true,
        "enable_yolo_features": false,
        "enable_directional_loss": true,
        "enable_seed_bagging": true,
        "enable_talib_patterns": false,
        "enable_smart_ensemble": true,
        "enable_stacked_short": true,
        "enable_meta_stacking": true,
        "enable_regime_detection": false,
        "enable_fingpt": false,
        "model_choice": "all",
        "ml_loss_mse_weight": 0.7455547214913192,
        "ml_loss_threshold": 0.00306151103400122,
        "ml_dir_penalty": 2.9897415877119764,
        "n_seeds": 5,
        "meta_stacking_alpha": 0.19680410783061666,
        "ml_adaptive_k_1d": 2.4871108172022165,
        "ml_pattern_weight_scale_1d": 1.359296377579092,
        "enable_talib_patterns_short": true,
        "external_min_days": 54,
        "external_smooth_alpha": 0.39292925088786484,
        "smart_consensus_weight": 0.6243521379639242,
        "smart_performance_weight": 0.49508755095422247,
        "smart_sigma": 0.001469000750843946,
        "smart_weight_xgb": 0.9386866656874013,
        "smart_weight_lgbm": 1.4261286610139003,
        "smart_weight_cat": 0.6605262333882912,
        "fingpt_confidence_threshold": 0.2712030690379275,
        "xgb_n_estimators": 588,
        "xgb_max_depth": 4,
        "xgb_learning_rate": 0.041666161270274636,
        "xgb_subsample": 0.6018288790767294,
        "xgb_colsample_bytree": 0.6208616401156857,
        "xgb_reg_alpha": 5.135053877903515e-06,
        "xgb_reg_lambda": 0.9782195761230453,
        "xgb_min_child_weight": 15,
        "xgb_gamma": 0.000279191040187801,
        "xgb_grow_policy": "depthwise",
        "xgb_tree_method": "hist",
        "xgb_max_bin": 480,
        "lgb_n_estimators": 151,
        "lgb_max_depth": 4,
        "lgb_learning_rate": 0.011897905091358171,
        "lgb_num_leaves": 49,
        "lgb_subsample": 0.5255290854691018,
        "lgb_colsample_bytree": 0.8669189894671648,
        "lgb_reg_alpha": 0.0535128053737711,