{
  "best_value": 64.0331744444778,
  "best_dirhit": 100.0,
  "best_params": {
    "enable_external_features": true,
    "enable_fingpt_features": true,
    "enable_yolo_features": true,
    "enable_directional_loss": false,
    "enable_seed_bagging": true,
    "enable_talib_patterns": true,
    "enable_smart_ensemble": true,
    "enable_stacked_short": false,
    "enable_meta_stacking": false,
    "enable_regime_detection": true,
    "enable_fingpt": true,
    "model_choice": "all",
    "n_seeds": 5,
    "ml_adaptive_k_1d": 2.45098847099353,
    "ml_pattern_weight_scale_1d": 1.4761902580064623,
    "enable_talib_patterns_short": false,
    "external_min_days": 59,
    "external_smooth_alpha": 0.1153318486938584,
    "regime_scale_low": 0.8221721742664374,
    "regime_scale_high": 1.1935416216823467,
    "yolo_min_conf": 0.3294908521263239,
    "smart_consensus_weight": 0.698103008386381,
    "smart_performance_weight": 0.37349085422645967,
    "smart_sigma": 0.010428075384994136,
    "smart_weight_xgb": 1.0263552750514824,
    "smart_weight_lgbm": 0.5174961330121699,
    "smart_weight_cat": 1.1306909440847979,
    "fingpt_confidence_threshold": 0.21789857236027632,
    "xgb_n_estimators": 330,
    "xgb_max_depth": 4,
    "xgb_learning_rate": 0.016486469061601425,
    "xgb_subsample": 0.7151921458320188,
    "xgb_colsample_bytree": 0.7084203057074876,
    "xgb_reg_alpha": 2.2214565224447595e-06,
    "xgb_reg_lambda": 0.047048710550842206,
    "xgb_min_child_weight": 14,
    "xgb_gamma": 0.2272936139071206,
    "xgb_grow_policy": "lossguide",
    "xgb_tree_method": "hist",
    "xgb_max_bin": 136,
    "lgb_n_estimators": 273,
    "lgb_max_depth": 4,
    "lgb_learning_rate": 0.01697955564017246,
    "lgb_num_leaves": 56,
    "lgb_subsample": 0.8428195068194979,
    "lgb_colsample_bytree": 0.5417663310829758,
    "lgb_reg_alpha": 4.011337570716193e-05,
    "lgb_reg_lambda": 3.1670736849640346,
    "lgb_min_data_in_leaf": 16,
    "lgb_feature_fraction_bynode": 0.6674506573046538,
    "lgb_bagging_freq": 6,
    "lgb_min_gain_to_split": 0.5511030320264498,
    "cat_iterations": 520,
    "cat_depth": 5,
    "cat_learning_rate": 0.19087664798301293,
    "cat_l2_leaf_reg": 4.838553513901468,
    "cat_subsample": 0.8868334627086655,
    "cat_rsm": 0.6468256213264549,
    "cat_border_count": 125,
    "cat_random_strength": 0.15660706779680256,
    "cat_leaf_estimation_iterations": 14,
    "cat_bootstrap_type": "Bayesian"
  },
  "best_trial": {
    "number": 1172,
    "value": 64.0331744444778,
    "state": "1"
  },
  "n_trials": 1331,
  "pruned_count": 0,
  "avg_trial_time": 196.25871475263156,
  "top_k_trials": [
    {
      "number": 1172,
      "value": 64.0331744444778,
      "params": {
        "enable_external_features": true,
        "enable_fingpt_features": true,
        "enable_yolo_features": true,
        "enable_directional_loss": false,
        "enable_seed_bagging": true,
        "enable_talib_patterns": true,
        "enable_smart_ensemble": true,
        "enable_stacked_short": false,
        "enable_meta_stacking": false,
        "enable_regime_detection": true,
        "enable_fingpt": true,
        "model_choice": "all",
        "n_seeds": 5,
        "ml_adaptive_k_1d": 2.45098847099353,
        "ml_pattern_weight_scale_1d": 1.4761902580064623,
        "enable_talib_patterns_short": false,
        "external_min_days": 59,
        "external_smooth_alpha": 0.1153318486938584,
        "regime_scale_low": 0.8221721742664374,
        "regime_scale_high": 1.1935416216823467,
        "yolo_min_conf": 0.3294908521263239,
        "smart_consensus_weight": 0.698103008386381,
        "smart_performance_weight": 0.37349085422645967,
        "smart_sigma": 0.010428075384994136,
        "smart_weight_xgb": 1.0263552750514824,
        "smart_weight_lgbm": 0.5174961330121699,
        "smart_weight_cat": 1.1306909440847979,
        "fingpt_confidence_threshold": 0.21789857236027632,
        "xgb_n_estimators": 330,
        "xgb_max_depth": 4,
        "xgb_learning_rate": 0.016486469061601425,
        "xgb_subsample": 0.7151921458320188,
        "xgb_colsample_bytree": 0.7084203057074876,
        "xgb_reg_alpha": 2.2214565224447595e-06,
        "xgb_reg_lambda": 0.047048710550842206,
        "xgb_min_child_weight": 14,
        "xgb_gamma": 0.2272936139071206,
        "xgb_grow_policy": "lossguide",
        "xgb_tree_method": "hist",
        "xgb_max_bin": 136,
        "lgb_n_estimators": 273,
        "lgb_max_depth": 4,
        "lgb_learning_rate": 0.01697955564017246,
        "lgb_num_leaves": 56,
        "lgb_subsample": 0.8428195068194979,
        "lgb_colsample_bytree": 0.5417663310829758,
        "lgb_reg_alpha": 4.011337570716193e-05,
        "lgb_reg_lambda": 3.1670736849640346,
        "lgb_min_data_in_leaf": 16,
        "lgb_feature_fraction_bynode": 0.6674506573046538,
        "lgb_bagging_freq": 6,
        "lgb_min_gain_to_split": 0.5511030320264498,
        "cat_iterations": 520,
        "cat_depth": 5,
        "cat_learning_rate": 0.19087664798301293,
        "cat_l2_leaf_reg": 4.838553513901468,
        "cat_subsample": 0.8868334627086655,
        "cat_rsm": 0.6468256213264549,
        "cat_border_count": 125,
        "cat_random_strength": 0.15660706779680256,
        "cat_leaf_estimation_iterations": 14,
        "cat_bootstrap_type": "Bayesian"
      },
      "attrs": {
        "avg_dirhit": 100.0,
        "avg_nrmse": 0.9944709259203675,
        "model_choice": "all"
      },
      "state": "1"
    },
    {
      "number": 533,
      "value": 64.02754300434694,
      "params": {
        "enable_external_features": true,
        "enable_fingpt_features": true,
        "enable_yolo_features": true,
        "enable_directional_loss": false,
        "enable_seed_bagging": true,
        "enable_talib_patterns": true,
        "enable_smart_ensemble": true,
        "enable_stacked_short": false,
        "enable_meta_stacking": false,
        "enable_regime_detection": true,
        "enable_fingpt": true,
        "model_choice": "all",
        "n_seeds": 5,
        "ml_adaptive_k_1d": 2.165438518431395,
        "ml_pattern_weight_scale_1d": 0.795599072036904,
        "enable_talib_patterns_short": false,
        "external_min_days": 57,
        "external_smooth_alpha": 0.1436096213382142,
        "regime_scale_low": 0.8319448000898133,
        "regime_scale_high": 1.1791715497309618,
        "yolo_min_conf": 0.3028366642414376,
        "smart_consensus_weight": 0.7437575765171085,
        "smart_performance_weight": 0.3803184736821606,
        "smart_sigma": 0.012162263421942408,
        "smart_weight_xgb": 1.0800495265254197,
        "smart_weight_lgbm": 0.7039770736217397,
        "smart_weight_cat": 1.1378789247714234,
        "fingpt_confidence_threshold": 0.4008495333505066,
        "xgb_n_estimators": 245,
        "xgb_max_depth": 4,
        "xgb_learning_rate": 0.017604964784035396,
        "xgb_subsample": 0.7545761331435106,
        "xgb_colsample_bytree": 0.5973985520603275,
        "xgb_reg_alpha": 3.3194748747682524e-06,
        "xgb_reg_lambda": 0.043479716758886275,
        "xgb_min_child_weight": 7,
        "xgb_gamma": 0.3612744100649707,
        "xgb_grow_policy": "lossguide",
        "xgb_tree_method": "hist",
        "xgb_max_bin": 433,
        "lgb_n_estimators": 311,
        "lgb_max_depth": 4,
        "lgb_learning_rate": 0.01419575720183624,
        "lgb_num_leaves": 56,
        "lgb_subsample": 0.515799747963615,
        "lgb_colsample_bytree": 0.6093767210545794,
        "lgb_reg_alpha": 1.0357498346049654e-06,
        "lgb_reg_lambda": 2.5785328601263497,
        "lgb_min_data_in_leaf": 10,
        "lgb_feature_fraction_bynode": 0.7062537720666742,
        "lgb_bagging_freq": 5,
        "lgb_min_gain_to_split": 0.13926173405635753,
        "cat_iterations": 526,
        "cat_depth": 4,
        "cat_learning_rate": 0.011229999831292588,
        "cat_l2_leaf_reg": 5.379726256240908,