{
  "best_value": 55.25011353459468,
  "best_dirhit": 87.5,
  "best_params": {
    "enable_external_features": true,
    "enable_fingpt_features": true,
    "enable_yolo_features": true,
    "enable_directional_loss": false,
    "enable_seed_bagging": false,
    "enable_talib_patterns": true,
    "enable_smart_ensemble": true,
    "enable_stacked_short": false,
    "enable_meta_stacking": true,
    "enable_regime_detection": false,
    "enable_fingpt": false,
    "model_choice": "all",
    "meta_stacking_alpha": 6.73068137402908,
    "ml_adaptive_k_1d": 2.069518848239827,
    "ml_pattern_weight_scale_1d": 0.5754817959544606,
    "enable_talib_patterns_short": false,
    "external_min_days": 37,
    "external_smooth_alpha": 0.28155960519352885,
    "yolo_min_conf": 0.7144580560573007,
    "smart_consensus_weight": 0.44529053857765644,
    "smart_performance_weight": 0.40799800021555926,
    "smart_sigma": 0.002338771162633416,
    "smart_weight_xgb": 0.8516716398620596,
    "smart_weight_lgbm": 1.1840260500537287,
    "smart_weight_cat": 1.4117903591235508,
    "fingpt_confidence_threshold": 0.44455123946563874,
    "xgb_n_estimators": 361,
    "xgb_max_depth": 3,
    "xgb_learning_rate": 0.08840752525754905,
    "xgb_subsample": 0.7487569824512019,
    "xgb_colsample_bytree": 0.6005757863828541,
    "xgb_reg_alpha": 0.00377620736114489,
    "xgb_reg_lambda": 0.09901475392157282,
    "xgb_min_child_weight": 15,
    "xgb_gamma": 0.00018407082441267863,
    "xgb_grow_policy": "depthwise",
    "xgb_tree_method": "hist",
    "xgb_max_bin": 210,
    "lgb_n_estimators": 271,
    "lgb_max_depth": 3,
    "lgb_learning_rate": 0.013357347398222185,
    "lgb_num_leaves": 51,
    "lgb_subsample": 0.6708557793028973,
    "lgb_colsample_bytree": 0.8922860894473928,
    "lgb_reg_alpha": 1.575873407810827e-05,
    "lgb_reg_lambda": 0.0022300796517920113,
    "lgb_min_data_in_leaf": 52,
    "lgb_feature_fraction_bynode": 0.6331134168023346,
    "lgb_bagging_freq": 0,
    "lgb_min_gain_to_split": 0.9725148043354467,
    "cat_iterations": 435,
    "cat_depth": 7,
    "cat_learning_rate": 0.16849365620908466,
    "cat_l2_leaf_reg": 3.5225978273200136,
    "cat_subsample": 0.558730690676913,
    "cat_rsm": 0.761060452544874,
    "cat_border_count": 22,
    "cat_random_strength": 0.6612726817171097,
    "cat_leaf_estimation_iterations": 8,
    "cat_bootstrap_type": "Bayesian"
  },
  "best_trial": {
    "number": 1310,
    "value": 55.25011353459468,
    "state": "1"
  },
  "n_trials": 1500,
  "pruned_count": 0,
  "avg_trial_time": 146.6381806904603,
  "top_k_trials": [
    {
      "number": 1310,
      "value": 55.25011353459468,
      "params": {
        "enable_external_features": true,
        "enable_fingpt_features": true,
        "enable_yolo_features": true,
        "enable_directional_loss": false,
        "enable_seed_bagging": false,
        "enable_talib_patterns": true,
        "enable_smart_ensemble": true,
        "enable_stacked_short": false,
        "enable_meta_stacking": true,
        "enable_regime_detection": false,
        "enable_fingpt": false,
        "model_choice": "all",
        "meta_stacking_alpha": 6.73068137402908,
        "ml_adaptive_k_1d": 2.069518848239827,
        "ml_pattern_weight_scale_1d": 0.5754817959544606,
        "enable_talib_patterns_short": false,
        "external_min_days": 37,
        "external_smooth_alpha": 0.28155960519352885,
        "yolo_min_conf": 0.7144580560573007,
        "smart_consensus_weight": 0.44529053857765644,
        "smart_performance_weight": 0.40799800021555926,
        "smart_sigma": 0.002338771162633416,
        "smart_weight_xgb": 0.8516716398620596,
        "smart_weight_lgbm": 1.1840260500537287,
        "smart_weight_cat": 1.4117903591235508,
        "fingpt_confidence_threshold": 0.44455123946563874,
        "xgb_n_estimators": 361,
        "xgb_max_depth": 3,
        "xgb_learning_rate": 0.08840752525754905,
        "xgb_subsample": 0.7487569824512019,
        "xgb_colsample_bytree": 0.6005757863828541,
        "xgb_reg_alpha": 0.00377620736114489,
        "xgb_reg_lambda": 0.09901475392157282,
        "xgb_min_child_weight": 15,
        "xgb_gamma": 0.00018407082441267863,
        "xgb_grow_policy": "depthwise",
        "xgb_tree_method": "hist",
        "xgb_max_bin": 210,
        "lgb_n_estimators": 271,
        "lgb_max_depth": 3,
        "lgb_learning_rate": 0.013357347398222185,
        "lgb_num_leaves": 51,
        "lgb_subsample": 0.6708557793028973,
        "lgb_colsample_bytree": 0.8922860894473928,
        "lgb_reg_alpha": 1.575873407810827e-05,
        "lgb_reg_lambda": 0.0022300796517920113,
        "lgb_min_data_in_leaf": 52,
        "lgb_feature_fraction_bynode": 0.6331134168023346,
        "lgb_bagging_freq": 0,
        "lgb_min_gain_to_split": 0.9725148043354467,
        "cat_iterations": 435,
        "cat_depth": 7,
        "cat_learning_rate": 0.16849365620908466,
        "cat_l2_leaf_reg": 3.5225978273200136,
        "cat_subsample": 0.558730690676913,
        "cat_rsm": 0.761060452544874,
        "cat_border_count": 22,
        "cat_random_strength": 0.6612726817171097,
        "cat_leaf_estimation_iterations": 8,
        "cat_bootstrap_type": "Bayesian"
      },
      "attrs": {
        "avg_dirhit": 87.5,
        "avg_nrmse": 0.9999810775675515,
        "model_choice": "all"
      },
      "state": "1"
    },
    {
      "number": 983,
      "value": 50.595676571000915,
      "params": {
        "enable_external_features": true,
        "enable_fingpt_features": true,
        "enable_yolo_features": true,
        "enable_directional_loss": false,
        "enable_seed_bagging": true,
        "enable_talib_patterns": true,
        "enable_smart_ensemble": false,
        "enable_stacked_short": false,
        "enable_meta_stacking": true,
        "enable_regime_detection": false,
        "enable_fingpt": false,
        "model_choice": "all",
        "n_seeds": 3,
        "meta_stacking_alpha": 0.04041700425447872,
        "ml_adaptive_k_1d": 1.5673533900162415,
        "ml_pattern_weight_scale_1d": 1.8782032979176717,
        "enable_talib_patterns_short": false,
        "external_min_days": 39,
        "external_smooth_alpha": 0.3256133774651809,
        "yolo_min_conf": 0.7385085930112656,
        "fingpt_confidence_threshold": 0.4470620863364355,
        "xgb_n_estimators": 302,
        "xgb_max_depth": 4,
        "xgb_learning_rate": 0.13325798133181366,
        "xgb_subsample": 0.5312585622331341,
        "xgb_colsample_bytree": 0.8748803377169004,
        "xgb_reg_alpha": 0.02346776147491021,
        "xgb_reg_lambda": 0.29188307009429065,
        "xgb_min_child_weight": 13,
        "xgb_gamma": 0.0007513870954784359,
        "xgb_grow_policy": "depthwise",
        "xgb_tree_method": "hist",
        "xgb_max_bin": 256,
        "lgb_n_estimators": 120,
        "lgb_max_depth": 7,
        "lgb_learning_rate": 0.058746334234338685,
        "lgb_num_leaves": 43,
        "lgb_subsample": 0.5756342062455377,
        "lgb_colsample_bytree": 0.8698638645251523,
        "lgb_reg_alpha": 0.0076188820126127585,
        "lgb_reg_lambda": 0.007315694615619355,
        "lgb_min_data_in_leaf": 40,
        "lgb_feature_fraction_bynode": 0.7202523884439718,
        "lgb_bagging_freq": 3,
        "lgb_min_gain_to_split": 0.9408763140046097,
        "cat_iterations": 285,
        "cat_depth": 6,
        "cat_learning_rate": 0.026786790603154198,
        "cat_l2_leaf_reg": 3.9302207285341857,
        "cat_subsample": 0.776027332930814,
        "cat_rsm": 0.5353942538211869,
        "cat_border_count": 24,
        "cat_random_strength": 1.056471651146752,
        "cat_leaf_estimation_iterations": 6,
        "cat_bootstrap_type": "No"
      },
      "attrs": {
        "avg_dirhit": 81.28019323671498,
        "avg_nrmse": 1.050076449116594,
        "model_choice": "all"
      },
      "state": "1"
    },
    {
      "number": 1134,
      "value": 50.268208086909056,