{
  "best_value": 55.20110528251318,
  "best_dirhit": 87.5,
  "best_params": {
    "enable_external_features": false,
    "enable_fingpt_features": false,
    "enable_yolo_features": true,
    "enable_directional_loss": false,
    "enable_seed_bagging": true,
    "enable_talib_patterns": true,
    "enable_smart_ensemble": false,
    "enable_stacked_short": false,
    "enable_meta_stacking": false,
    "enable_regime_detection": true,
    "enable_fingpt": false,
    "model_choice": "all",
    "n_seeds": 3,
    "ml_adaptive_k_1d": 1.8047916919978564,
    "ml_pattern_weight_scale_1d": 1.2249447399165436,
    "enable_talib_patterns_short": true,
    "external_min_days": 55,
    "external_smooth_alpha": 0.43107307401132133,
    "regime_scale_low": 0.851294250392103,
    "regime_scale_high": 1.0945103950007045,
    "yolo_min_conf": 0.5764502979061211,
    "xgb_n_estimators": 377,
    "xgb_max_depth": 6,
    "xgb_learning_rate": 0.06568697065421567,
    "xgb_subsample": 0.6615513680095715,
    "xgb_colsample_bytree": 0.6163132251453187,
    "xgb_reg_alpha": 0.13078353004613416,
    "xgb_reg_lambda": 0.001206779874333484,
    "xgb_min_child_weight": 10,
    "xgb_gamma": 0.41285796838598227,
    "xgb_grow_policy": "depthwise",
    "xgb_tree_method": "hist",
    "xgb_max_bin": 183,
    "lgb_n_estimators": 510,
    "lgb_max_depth": 2,
    "lgb_learning_rate": 0.012889339716689178,
    "lgb_num_leaves": 8,
    "lgb_subsample": 0.7183352319270099,
    "lgb_colsample_bytree": 0.752914629048807,
    "lgb_reg_alpha": 0.3420104734134937,
    "lgb_reg_lambda": 0.003916038567019652,
    "lgb_min_data_in_leaf": 37,
    "lgb_feature_fraction_bynode": 0.7177570066663665,
    "lgb_bagging_freq": 4,
    "lgb_min_gain_to_split": 0.18877367369773257,
    "cat_iterations": 197,
    "cat_depth": 8,
    "cat_learning_rate": 0.1426456417514805,
    "cat_l2_leaf_reg": 5.232495833178224,
    "cat_subsample": 0.8565548976295768,
    "cat_rsm": 0.7969123970951546,
    "cat_border_count": 203,
    "cat_random_strength": 1.1677972567243515,
    "cat_leaf_estimation_iterations": 13,
    "cat_bootstrap_type": "Bayesian"
  },
  "best_trial": {
    "number": 268,
    "value": 55.20110528251318,
    "state": "1"
  },
  "n_trials": 1327,
  "pruned_count": 0,
  "avg_trial_time": 196.93332632202114,
  "top_k_trials": [
    {
      "number": 268,
      "value": 55.20110528251318,
      "params": {
        "enable_external_features": false,
        "enable_fingpt_features": false,
        "enable_yolo_features": true,
        "enable_directional_loss": false,
        "enable_seed_bagging": true,
        "enable_talib_patterns": true,
        "enable_smart_ensemble": false,
        "enable_stacked_short": false,
        "enable_meta_stacking": false,
        "enable_regime_detection": true,
        "enable_fingpt": false,
        "model_choice": "all",
        "n_seeds": 3,
        "ml_adaptive_k_1d": 1.8047916919978564,
        "ml_pattern_weight_scale_1d": 1.2249447399165436,
        "enable_talib_patterns_short": true,
        "external_min_days": 55,
        "external_smooth_alpha": 0.43107307401132133,
        "regime_scale_low": 0.851294250392103,
        "regime_scale_high": 1.0945103950007045,
        "yolo_min_conf": 0.5764502979061211,
        "xgb_n_estimators": 377,
        "xgb_max_depth": 6,
        "xgb_learning_rate": 0.06568697065421567,
        "xgb_subsample": 0.6615513680095715,
        "xgb_colsample_bytree": 0.6163132251453187,
        "xgb_reg_alpha": 0.13078353004613416,
        "xgb_reg_lambda": 0.001206779874333484,
        "xgb_min_child_weight": 10,
        "xgb_gamma": 0.41285796838598227,
        "xgb_grow_policy": "depthwise",
        "xgb_tree_method": "hist",
        "xgb_max_bin": 183,
        "lgb_n_estimators": 510,
        "lgb_max_depth": 2,
        "lgb_learning_rate": 0.012889339716689178,
        "lgb_num_leaves": 8,
        "lgb_subsample": 0.7183352319270099,
        "lgb_colsample_bytree": 0.752914629048807,
        "lgb_reg_alpha": 0.3420104734134937,
        "lgb_reg_lambda": 0.003916038567019652,
        "lgb_min_data_in_leaf": 37,
        "lgb_feature_fraction_bynode": 0.7177570066663665,
        "lgb_bagging_freq": 4,
        "lgb_min_gain_to_split": 0.18877367369773257,
        "cat_iterations": 197,
        "cat_depth": 8,
        "cat_learning_rate": 0.1426456417514805,
        "cat_l2_leaf_reg": 5.232495833178224,
        "cat_subsample": 0.8565548976295768,
        "cat_rsm": 0.7969123970951546,
        "cat_border_count": 203,
        "cat_random_strength": 1.1677972567243515,
        "cat_leaf_estimation_iterations": 13,
        "cat_bootstrap_type": "Bayesian"
      },
      "attrs": {
        "avg_dirhit": 87.5,
        "avg_nrmse": 1.0081491195811352,
        "model_choice": "all"
      },
      "state": "1"
    },
    {
      "number": 691,
      "value": 52.264944207679214,
      "params": {
        "enable_external_features": false,
        "enable_fingpt_features": false,
        "enable_yolo_features": true,
        "enable_directional_loss": false,
        "enable_seed_bagging": true,
        "enable_talib_patterns": true,
        "enable_smart_ensemble": false,
        "enable_stacked_short": false,
        "enable_meta_stacking": false,
        "enable_regime_detection": false,
        "enable_fingpt": false,
        "model_choice": "all",
        "n_seeds": 4,
        "ml_adaptive_k_1d": 1.7404560160729763,
        "ml_pattern_weight_scale_1d": 1.210713938603462,
        "enable_talib_patterns_short": true,
        "external_min_days": 53,
        "external_smooth_alpha": 0.21369861998514772,
        "yolo_min_conf": 0.5516601565251451,
        "xgb_n_estimators": 344,
        "xgb_max_depth": 6,
        "xgb_learning_rate": 0.0101597573372733,
        "xgb_subsample": 0.7273364845072275,
        "xgb_colsample_bytree": 0.8534506867408138,
        "xgb_reg_alpha": 0.1460726978983369,
        "xgb_reg_lambda": 0.144948606435092,
        "xgb_min_child_weight": 11,
        "xgb_gamma": 0.16006513322374985,
        "xgb_grow_policy": "depthwise",
        "xgb_tree_method": "hist",
        "xgb_max_bin": 233,
        "lgb_n_estimators": 516,
        "lgb_max_depth": 6,
        "lgb_learning_rate": 0.04104722804905276,
        "lgb_num_leaves": 10,
        "lgb_subsample": 0.7072135958973895,
        "lgb_colsample_bytree": 0.7810780578631287,
        "lgb_reg_alpha": 0.5029249417618608,
        "lgb_reg_lambda": 2.4215133652917293,
        "lgb_min_data_in_leaf": 58,
        "lgb_feature_fraction_bynode": 0.7187019470330568,
        "lgb_bagging_freq": 3,
        "lgb_min_gain_to_split": 0.11961429606181939,
        "cat_iterations": 240,
        "cat_depth": 4,
        "cat_learning_rate": 0.10171948692634289,
        "cat_l2_leaf_reg": 4.867532532368691,
        "cat_subsample": 0.8896346883427686,
        "cat_rsm": 0.5690836106433331,
        "cat_border_count": 178,
        "cat_random_strength": 2.488756065030011,
        "cat_leaf_estimation_iterations": 11,
        "cat_bootstrap_type": "Bayesian"
      },
      "attrs": {
        "avg_dirhit": 83.33333333333333,
        "avg_nrmse": 1.0113981876090188,
        "model_choice": "all"
      },
      "state": "1"
    },
    {
      "number": 792,
      "value": 52.26416141065584,
      "params": {
        "enable_external_features": false,
        "enable_fingpt_features": false,
        "enable_yolo_features": false,
        "enable_directional_loss": false,
        "enable_seed_bagging": true,
        "enable_talib_patterns": true,
        "enable_smart_ensemble": false,
        "enable_stacked_short": false,
        "enable_meta_stacking": false,
        "enable_regime_detection": false,
        "enable_fingpt": false,
        "model_choice": "all",
        "n_seeds": 4,
        "ml_adaptive_k_1d": 1.5825907533315349,
        "ml_pattern_weight_scale_1d": 1.2234741634582702,
        "enable_talib_patterns_short": true,
        "external_min_days": 50,