{
  "best_value": 50.74408221663623,
  "best_dirhit": 81.25,
  "best_params": {
    "enable_external_features": true,
    "enable_fingpt_features": true,
    "enable_yolo_features": false,
    "enable_directional_loss": false,
    "enable_seed_bagging": false,
    "enable_talib_patterns": false,
    "enable_smart_ensemble": true,
    "enable_stacked_short": true,
    "enable_meta_stacking": false,
    "enable_regime_detection": true,
    "enable_fingpt": false,
    "model_choice": "all",
    "ml_adaptive_k_1d": 1.472405913751697,
    "ml_pattern_weight_scale_1d": 1.1347790645981288,
    "enable_talib_patterns_short": true,
    "external_min_days": 44,
    "external_smooth_alpha": 0.1568259611724083,
    "regime_scale_low": 0.9404260359499099,
    "regime_scale_high": 1.1002171507660423,
    "smart_consensus_weight": 0.7543754975453546,
    "smart_performance_weight": 0.6605205866335062,
    "smart_sigma": 0.012479756501073452,
    "smart_weight_xgb": 0.7203607206236847,
    "smart_weight_lgbm": 0.998080202185544,
    "smart_weight_cat": 0.6031676760316367,
    "fingpt_confidence_threshold": 0.27985756629163583,
    "xgb_n_estimators": 442,
    "xgb_max_depth": 6,
    "xgb_learning_rate": 0.0175301443396064,
    "xgb_subsample": 0.8718535199093178,
    "xgb_colsample_bytree": 0.7198228129479796,
    "xgb_reg_alpha": 0.7307053712725919,
    "xgb_reg_lambda": 0.20845675311244352,
    "xgb_min_child_weight": 15,
    "xgb_gamma": 0.010558864289143204,
    "xgb_grow_policy": "depthwise",
    "xgb_tree_method": "hist",
    "xgb_max_bin": 470,
    "lgb_n_estimators": 300,
    "lgb_max_depth": 5,
    "lgb_learning_rate": 0.019979992515718515,
    "lgb_num_leaves": 13,
    "lgb_subsample": 0.696166468613534,
    "lgb_colsample_bytree": 0.6546672373927387,
    "lgb_reg_alpha": 0.8609185801365538,
    "lgb_reg_lambda": 2.1215904064574005,
    "lgb_min_data_in_leaf": 98,
    "lgb_feature_fraction_bynode": 0.9218045448768064,
    "lgb_bagging_freq": 9,
    "lgb_min_gain_to_split": 0.04393367897974984,
    "cat_iterations": 161,
    "cat_depth": 5,
    "cat_learning_rate": 0.04066789987366923,
    "cat_l2_leaf_reg": 1.8247386434812651,
    "cat_subsample": 0.5816072282484586,
    "cat_rsm": 0.5719734403822632,
    "cat_border_count": 138,
    "cat_random_strength": 1.2500656554989786,
    "cat_leaf_estimation_iterations": 16,
    "cat_bootstrap_type": "Bayesian"
  },
  "best_trial": {
    "number": 1027,
    "value": 50.74408221663623,
    "state": "1"
  },
  "n_trials": 1387,
  "pruned_count": 0,
  "avg_trial_time": 188.40278516738817,
  "top_k_trials": [
    {
      "number": 1027,
      "value": 50.74408221663623,
      "params": {
        "enable_external_features": true,
        "enable_fingpt_features": true,
        "enable_yolo_features": false,
        "enable_directional_loss": false,
        "enable_seed_bagging": false,
        "enable_talib_patterns": false,
        "enable_smart_ensemble": true,
        "enable_stacked_short": true,
        "enable_meta_stacking": false,
        "enable_regime_detection": true,
        "enable_fingpt": false,
        "model_choice": "all",
        "ml_adaptive_k_1d": 1.472405913751697,
        "ml_pattern_weight_scale_1d": 1.1347790645981288,
        "enable_talib_patterns_short": true,
        "external_min_days": 44,
        "external_smooth_alpha": 0.1568259611724083,
        "regime_scale_low": 0.9404260359499099,
        "regime_scale_high": 1.1002171507660423,
        "smart_consensus_weight": 0.7543754975453546,
        "smart_performance_weight": 0.6605205866335062,
        "smart_sigma": 0.012479756501073452,
        "smart_weight_xgb": 0.7203607206236847,
        "smart_weight_lgbm": 0.998080202185544,
        "smart_weight_cat": 0.6031676760316367,
        "fingpt_confidence_threshold": 0.27985756629163583,
        "xgb_n_estimators": 442,
        "xgb_max_depth": 6,
        "xgb_learning_rate": 0.0175301443396064,
        "xgb_subsample": 0.8718535199093178,
        "xgb_colsample_bytree": 0.7198228129479796,
        "xgb_reg_alpha": 0.7307053712725919,
        "xgb_reg_lambda": 0.20845675311244352,
        "xgb_min_child_weight": 15,
        "xgb_gamma": 0.010558864289143204,
        "xgb_grow_policy": "depthwise",
        "xgb_tree_method": "hist",
        "xgb_max_bin": 470,
        "lgb_n_estimators": 300,
        "lgb_max_depth": 5,
        "lgb_learning_rate": 0.019979992515718515,
        "lgb_num_leaves": 13,
        "lgb_subsample": 0.696166468613534,
        "lgb_colsample_bytree": 0.6546672373927387,
        "lgb_reg_alpha": 0.8609185801365538,
        "lgb_reg_lambda": 2.1215904064574005,
        "lgb_min_data_in_leaf": 98,
        "lgb_feature_fraction_bynode": 0.9218045448768064,
        "lgb_bagging_freq": 9,
        "lgb_min_gain_to_split": 0.04393367897974984,
        "cat_iterations": 161,
        "cat_depth": 5,
        "cat_learning_rate": 0.04066789987366923,
        "cat_l2_leaf_reg": 1.8247386434812651,
        "cat_subsample": 0.5816072282484586,
        "cat_rsm": 0.5719734403822632,
        "cat_border_count": 138,
        "cat_random_strength": 1.2500656554989786,
        "cat_leaf_estimation_iterations": 16,
        "cat_bootstrap_type": "Bayesian"
      },
      "attrs": {
        "avg_dirhit": 81.25,
        "avg_nrmse": 1.0218196305606266,
        "model_choice": "all"
      },
      "state": "1"
    },
    {
      "number": 1307,
      "value": 48.5086538020786,
      "params": {
        "enable_external_features": true,
        "enable_fingpt_features": false,
        "enable_yolo_features": false,
        "enable_directional_loss": false,
        "enable_seed_bagging": false,
        "enable_talib_patterns": false,
        "enable_smart_ensemble": false,
        "enable_stacked_short": true,
        "enable_meta_stacking": false,
        "enable_regime_detection": true,
        "enable_fingpt": false,
        "model_choice": "all",
        "ml_adaptive_k_1d": 1.3710960948247146,
        "ml_pattern_weight_scale_1d": 1.2836494358408148,
        "enable_talib_patterns_short": false,
        "external_min_days": 37,
        "external_smooth_alpha": 0.3964295425408711,
        "regime_scale_low": 0.9237003990459107,
        "regime_scale_high": 1.0977016165785942,
        "xgb_n_estimators": 569,
        "xgb_max_depth": 6,
        "xgb_learning_rate": 0.01569900008262645,
        "xgb_subsample": 0.8661387190629443,
        "xgb_colsample_bytree": 0.6259677352562938,
        "xgb_reg_alpha": 0.5878992288962323,
        "xgb_reg_lambda": 0.139986685879048,
        "xgb_min_child_weight": 15,
        "xgb_gamma": 0.009044975925697482,
        "xgb_grow_policy": "depthwise",
        "xgb_tree_method": "hist",
        "xgb_max_bin": 439,
        "lgb_n_estimators": 492,
        "lgb_max_depth": 5,
        "lgb_learning_rate": 0.05048398002059607,
        "lgb_num_leaves": 18,
        "lgb_subsample": 0.5932938091775191,
        "lgb_colsample_bytree": 0.5912451953163583,
        "lgb_reg_alpha": 0.3768406195285451,
        "lgb_reg_lambda": 0.9498986278122594,
        "lgb_min_data_in_leaf": 66,
        "lgb_feature_fraction_bynode": 0.9264419896671157,
        "lgb_bagging_freq": 9,
        "lgb_min_gain_to_split": 0.010534522641109545,
        "cat_iterations": 130,
        "cat_depth": 5,
        "cat_learning_rate": 0.01645209080448435,
        "cat_l2_leaf_reg": 5.70277581498825,
        "cat_subsample": 0.6642001418415219,
        "cat_rsm": 0.5887311687545534,
        "cat_border_count": 153,
        "cat_random_strength": 4.1689626745854245,
        "cat_leaf_estimation_iterations": 15,
        "cat_bootstrap_type": "MVS"
      },
      "attrs": {
        "avg_dirhit": 80.10443307757886,
        "avg_nrmse": 1.2607415587044344,
        "model_choice": "all"
      },
      "state": "1"
    },
    {
      "number": 1043,
      "value": 47.26756555026253,
      "params": {
        "enable_external_features": true,
        "enable_fingpt_features": true,