{
  "best_value": 60.7327525448672,
  "best_dirhit": 95.83333333333334,
  "best_params": {
    "enable_external_features": true,
    "enable_fingpt_features": true,
    "enable_yolo_features": true,
    "enable_directional_loss": false,
    "enable_seed_bagging": false,
    "enable_talib_patterns": false,
    "enable_smart_ensemble": false,
    "enable_stacked_short": false,
    "enable_meta_stacking": false,
    "enable_regime_detection": false,
    "enable_fingpt": false,
    "model_choice": "all",
    "ml_adaptive_k_1d": 1.8259756498732127,
    "ml_pattern_weight_scale_1d": 0.6208924801551614,
    "enable_talib_patterns_short": true,
    "external_min_days": 53,
    "external_smooth_alpha": 0.18583719817868904,
    "yolo_min_conf": 0.7337827152743697,
    "fingpt_confidence_threshold": 0.49536664701191435,
    "xgb_n_estimators": 405,
    "xgb_max_depth": 4,
    "xgb_learning_rate": 0.07107777340621375,
    "xgb_subsample": 0.616836650416478,
    "xgb_colsample_bytree": 0.7826978823671097,
    "xgb_reg_alpha": 5.723208499907667e-06,
    "xgb_reg_lambda": 0.009091851741452564,
    "xgb_min_child_weight": 14,
    "xgb_gamma": 0.30776871683047624,
    "xgb_grow_policy": "depthwise",
    "xgb_tree_method": "hist",
    "xgb_max_bin": 467,
    "lgb_n_estimators": 174,
    "lgb_max_depth": 3,
    "lgb_learning_rate": 0.013116775420387963,
    "lgb_num_leaves": 41,
    "lgb_subsample": 0.6243240218789444,
    "lgb_colsample_bytree": 0.5434817604756949,
    "lgb_reg_alpha": 0.012498449913635426,
    "lgb_reg_lambda": 2.402588708001269,
    "lgb_min_data_in_leaf": 27,
    "lgb_feature_fraction_bynode": 0.5489285670336946,
    "lgb_bagging_freq": 0,
    "lgb_min_gain_to_split": 0.3294344681408719,
    "cat_iterations": 419,
    "cat_depth": 7,
    "cat_learning_rate": 0.04526162375289825,
    "cat_l2_leaf_reg": 6.415701960526871,
    "cat_subsample": 0.8852594505110294,
    "cat_rsm": 0.8328423677611595,
    "cat_border_count": 16,
    "cat_random_strength": 0.19722710442893343,
    "cat_leaf_estimation_iterations": 10,
    "cat_bootstrap_type": "No"
  },
  "best_trial": {
    "number": 1198,
    "value": 60.7327525448672,
    "state": "1"
  },
  "n_trials": 1399,
  "pruned_count": 0,
  "avg_trial_time": 186.77313474892702,
  "top_k_trials": [
    {
      "number": 1198,
      "value": 60.7327525448672,
      "params": {
        "enable_external_features": true,
        "enable_fingpt_features": true,
        "enable_yolo_features": true,
        "enable_directional_loss": false,
        "enable_seed_bagging": false,
        "enable_talib_patterns": false,
        "enable_smart_ensemble": false,
        "enable_stacked_short": false,
        "enable_meta_stacking": false,
        "enable_regime_detection": false,
        "enable_fingpt": false,
        "model_choice": "all",
        "ml_adaptive_k_1d": 1.8259756498732127,
        "ml_pattern_weight_scale_1d": 0.6208924801551614,
        "enable_talib_patterns_short": true,
        "external_min_days": 53,
        "external_smooth_alpha": 0.18583719817868904,
        "yolo_min_conf": 0.7337827152743697,
        "fingpt_confidence_threshold": 0.49536664701191435,
        "xgb_n_estimators": 405,
        "xgb_max_depth": 4,
        "xgb_learning_rate": 0.07107777340621375,
        "xgb_subsample": 0.616836650416478,
        "xgb_colsample_bytree": 0.7826978823671097,
        "xgb_reg_alpha": 5.723208499907667e-06,
        "xgb_reg_lambda": 0.009091851741452564,
        "xgb_min_child_weight": 14,
        "xgb_gamma": 0.30776871683047624,
        "xgb_grow_policy": "depthwise",
        "xgb_tree_method": "hist",
        "xgb_max_bin": 467,
        "lgb_n_estimators": 174,
        "lgb_max_depth": 3,
        "lgb_learning_rate": 0.013116775420387963,
        "lgb_num_leaves": 41,
        "lgb_subsample": 0.6243240218789444,
        "lgb_colsample_bytree": 0.5434817604756949,
        "lgb_reg_alpha": 0.012498449913635426,
        "lgb_reg_lambda": 2.402588708001269,
        "lgb_min_data_in_leaf": 27,
        "lgb_feature_fraction_bynode": 0.5489285670336946,
        "lgb_bagging_freq": 0,
        "lgb_min_gain_to_split": 0.3294344681408719,
        "cat_iterations": 419,
        "cat_depth": 7,
        "cat_learning_rate": 0.04526162375289825,
        "cat_l2_leaf_reg": 6.415701960526871,
        "cat_subsample": 0.8852594505110294,
        "cat_rsm": 0.8328423677611595,
        "cat_border_count": 16,
        "cat_random_strength": 0.19722710442893343,
        "cat_leaf_estimation_iterations": 10,
        "cat_bootstrap_type": "No"
      },
      "attrs": {
        "avg_dirhit": 95.83333333333334,
        "avg_nrmse": 1.0584301314110236,
        "model_choice": "all"
      },
      "state": "1"
    },
    {
      "number": 1236,
      "value": 60.18040266642922,
      "params": {
        "enable_external_features": true,
        "enable_fingpt_features": true,
        "enable_yolo_features": false,
        "enable_directional_loss": false,
        "enable_seed_bagging": false,
        "enable_talib_patterns": false,
        "enable_smart_ensemble": false,
        "enable_stacked_short": false,
        "enable_meta_stacking": false,
        "enable_regime_detection": false,
        "enable_fingpt": false,
        "model_choice": "all",
        "ml_adaptive_k_1d": 2.2222385712866313,
        "ml_pattern_weight_scale_1d": 0.6012192199426064,
        "enable_talib_patterns_short": true,
        "external_min_days": 49,
        "external_smooth_alpha": 0.15655154610601613,
        "fingpt_confidence_threshold": 0.356002459767968,
        "xgb_n_estimators": 482,
        "xgb_max_depth": 4,
        "xgb_learning_rate": 0.05577424339507831,
        "xgb_subsample": 0.6061383649322969,
        "xgb_colsample_bytree": 0.852977312754028,
        "xgb_reg_alpha": 2.6136681071543807e-06,
        "xgb_reg_lambda": 0.009701945820063009,
        "xgb_min_child_weight": 14,
        "xgb_gamma": 0.30388966066169615,
        "xgb_grow_policy": "depthwise",
        "xgb_tree_method": "hist",
        "xgb_max_bin": 452,
        "lgb_n_estimators": 176,
        "lgb_max_depth": 3,
        "lgb_learning_rate": 0.013412949775936897,
        "lgb_num_leaves": 41,
        "lgb_subsample": 0.7781636747047801,
        "lgb_colsample_bytree": 0.548244632002071,
        "lgb_reg_alpha": 0.00616879072838126,
        "lgb_reg_lambda": 3.2163525471659384,
        "lgb_min_data_in_leaf": 25,
        "lgb_feature_fraction_bynode": 0.5382194532076933,
        "lgb_bagging_freq": 1,
        "lgb_min_gain_to_split": 0.1079446622868828,
        "cat_iterations": 410,
        "cat_depth": 7,
        "cat_learning_rate": 0.03812895568991587,
        "cat_l2_leaf_reg": 5.748308590656666,
        "cat_subsample": 0.8952662419229198,
        "cat_rsm": 0.8037321154093539,
        "cat_border_count": 24,
        "cat_random_strength": 0.2553615141074615,
        "cat_leaf_estimation_iterations": 16,
        "cat_bootstrap_type": "No"
      },
      "attrs": {
        "avg_dirhit": 95.0,
        "avg_nrmse": 1.0532662222617972,
        "model_choice": "all"
      },
      "state": "1"
    },
    {
      "number": 1194,
      "value": 59.323381859121525,
      "params": {
        "enable_external_features": true,
        "enable_fingpt_features": true,
        "enable_yolo_features": true,
        "enable_directional_loss": false,
        "enable_seed_bagging": false,
        "enable_talib_patterns": false,
        "enable_smart_ensemble": false,
        "enable_stacked_short": false,
        "enable_meta_stacking": false,
        "enable_regime_detection": false,
        "enable_fingpt": false,
        "model_choice": "all",
        "ml_adaptive_k_1d": 1.9115679879629521,
        "ml_pattern_weight_scale_1d": 0.6203303093246021,
        "enable_talib_patterns_short": true,
        "external_min_days": 53,
        "external_smooth_alpha": 0.18080416011024883,
        "yolo_min_conf": 0.68947740564388,