{
  "best_value": 52.58913666958581,
  "best_dirhit": 84.05797101449275,
  "best_params": {
    "enable_external_features": true,
    "enable_fingpt_features": false,
    "enable_yolo_features": false,
    "enable_directional_loss": true,
    "enable_seed_bagging": true,
    "enable_talib_patterns": false,
    "enable_smart_ensemble": true,
    "enable_stacked_short": true,
    "enable_meta_stacking": true,
    "enable_regime_detection": false,
    "enable_fingpt": false,
    "model_choice": "all",
    "ml_loss_mse_weight": 0.4924181327038585,
    "ml_loss_threshold": 0.008833451978842529,
    "ml_dir_penalty": 2.725953970871382,
    "n_seeds": 3,
    "meta_stacking_alpha": 0.01028960577542248,
    "ml_adaptive_k_1d": 2.5081217563000897,
    "ml_pattern_weight_scale_1d": 1.1119104752886855,
    "enable_talib_patterns_short": false,
    "external_min_days": 50,
    "external_smooth_alpha": 0.16984462511075352,
    "smart_consensus_weight": 0.48559176473916854,
    "smart_performance_weight": 0.4730786841035325,
    "smart_sigma": 0.002911190386514388,
    "smart_weight_xgb": 1.1949516569680938,
    "smart_weight_lgbm": 0.9120184368347103,
    "smart_weight_cat": 1.4334702948258846,
    "xgb_n_estimators": 207,
    "xgb_max_depth": 2,
    "xgb_learning_rate": 0.08180599050757625,
    "xgb_subsample": 0.8910890185405699,
    "xgb_colsample_bytree": 0.5435708872982875,
    "xgb_reg_alpha": 0.0007374782668014779,
    "xgb_reg_lambda": 0.6063469414248425,
    "xgb_min_child_weight": 15,
    "xgb_gamma": 0.0013077106635220987,
    "xgb_grow_policy": "depthwise",
    "xgb_tree_method": "hist",
    "xgb_max_bin": 194,
    "lgb_n_estimators": 180,
    "lgb_max_depth": 6,
    "lgb_learning_rate": 0.023296868332999203,
    "lgb_num_leaves": 36,
    "lgb_subsample": 0.8864272132175612,
    "lgb_colsample_bytree": 0.8155050348019122,
    "lgb_reg_alpha": 0.16910298114264033,
    "lgb_reg_lambda": 0.00012604005097498433,
    "lgb_min_data_in_leaf": 93,
    "lgb_feature_fraction_bynode": 0.9062305534737584,
    "lgb_bagging_freq": 3,
    "lgb_min_gain_to_split": 0.7848438684783487,
    "cat_iterations": 507,
    "cat_depth": 5,
    "cat_learning_rate": 0.1463781436206994,
    "cat_l2_leaf_reg": 2.1366059459782014,
    "cat_subsample": 0.53437423210231,
    "cat_rsm": 0.6574814962024647,
    "cat_border_count": 67,
    "cat_random_strength": 0.9438146726274799,
    "cat_leaf_estimation_iterations": 20,
    "cat_bootstrap_type": "No"
  },
  "best_trial": {
    "number": 141,
    "value": 52.58913666958581,
    "state": "1"
  },
  "n_trials": 1394,
  "pruned_count": 0,
  "avg_trial_time": 187.4133622311558,
  "top_k_trials": [
    {
      "number": 141,
      "value": 52.58913666958581,
      "params": {
        "enable_external_features": true,
        "enable_fingpt_features": false,
        "enable_yolo_features": false,
        "enable_directional_loss": true,
        "enable_seed_bagging": true,
        "enable_talib_patterns": false,
        "enable_smart_ensemble": true,
        "enable_stacked_short": true,
        "enable_meta_stacking": true,
        "enable_regime_detection": false,
        "enable_fingpt": false,
        "model_choice": "all",
        "ml_loss_mse_weight": 0.4924181327038585,
        "ml_loss_threshold": 0.008833451978842529,
        "ml_dir_penalty": 2.725953970871382,
        "n_seeds": 3,
        "meta_stacking_alpha": 0.01028960577542248,
        "ml_adaptive_k_1d": 2.5081217563000897,
        "ml_pattern_weight_scale_1d": 1.1119104752886855,
        "enable_talib_patterns_short": false,
        "external_min_days": 50,
        "external_smooth_alpha": 0.16984462511075352,
        "smart_consensus_weight": 0.48559176473916854,
        "smart_performance_weight": 0.4730786841035325,
        "smart_sigma": 0.002911190386514388,
        "smart_weight_xgb": 1.1949516569680938,
        "smart_weight_lgbm": 0.9120184368347103,
        "smart_weight_cat": 1.4334702948258846,
        "xgb_n_estimators": 207,
        "xgb_max_depth": 2,
        "xgb_learning_rate": 0.08180599050757625,
        "xgb_subsample": 0.8910890185405699,
        "xgb_colsample_bytree": 0.5435708872982875,
        "xgb_reg_alpha": 0.0007374782668014779,
        "xgb_reg_lambda": 0.6063469414248425,
        "xgb_min_child_weight": 15,
        "xgb_gamma": 0.0013077106635220987,
        "xgb_grow_policy": "depthwise",
        "xgb_tree_method": "hist",
        "xgb_max_bin": 194,
        "lgb_n_estimators": 180,
        "lgb_max_depth": 6,
        "lgb_learning_rate": 0.023296868332999203,
        "lgb_num_leaves": 36,
        "lgb_subsample": 0.8864272132175612,
        "lgb_colsample_bytree": 0.8155050348019122,
        "lgb_reg_alpha": 0.16910298114264033,
        "lgb_reg_lambda": 0.00012604005097498433,
        "lgb_min_data_in_leaf": 93,
        "lgb_feature_fraction_bynode": 0.9062305534737584,
        "lgb_bagging_freq": 3,
        "lgb_min_gain_to_split": 0.7848438684783487,
        "cat_iterations": 507,
        "cat_depth": 5,
        "cat_learning_rate": 0.1463781436206994,
        "cat_l2_leaf_reg": 2.1366059459782014,
        "cat_subsample": 0.53437423210231,
        "cat_rsm": 0.6574814962024647,
        "cat_border_count": 67,
        "cat_random_strength": 0.9438146726274799,
        "cat_leaf_estimation_iterations": 20,
        "cat_bootstrap_type": "No"
      },
      "attrs": {
        "avg_dirhit": 84.05797101449275,
        "avg_nrmse": 1.0419071734265186,
        "model_choice": "all"
      },
      "state": "1"
    },
    {
      "number": 637,
      "value": 51.14446181013813,
      "params": {
        "enable_external_features": false,
        "enable_fingpt_features": false,
        "enable_yolo_features": false,
        "enable_directional_loss": true,
        "enable_seed_bagging": true,
        "enable_talib_patterns": false,
        "enable_smart_ensemble": false,
        "enable_stacked_short": true,
        "enable_meta_stacking": true,
        "enable_regime_detection": true,
        "enable_fingpt": false,
        "model_choice": "all",
        "ml_loss_mse_weight": 0.4703329369708178,
        "ml_loss_threshold": 0.006948484107027322,
        "ml_dir_penalty": 2.0915091723793964,
        "n_seeds": 3,
        "meta_stacking_alpha": 0.023055306421384533,
        "ml_adaptive_k_1d": 2.05669324905738,
        "ml_pattern_weight_scale_1d": 0.9963061210922769,
        "enable_talib_patterns_short": false,
        "external_min_days": 47,
        "external_smooth_alpha": 0.1287565721690717,
        "regime_scale_low": 0.8473463656586857,
        "regime_scale_high": 1.0353830620532432,
        "xgb_n_estimators": 363,
        "xgb_max_depth": 6,
        "xgb_learning_rate": 0.04865869804685278,
        "xgb_subsample": 0.8033746518856791,
        "xgb_colsample_bytree": 0.525760271070034,
        "xgb_reg_alpha": 0.0016847106209762904,
        "xgb_reg_lambda": 0.16512026004893735,
        "xgb_min_child_weight": 13,
        "xgb_gamma": 0.0018562053687310627,
        "xgb_grow_policy": "lossguide",
        "xgb_tree_method": "hist",
        "xgb_max_bin": 180,
        "lgb_n_estimators": 204,
        "lgb_max_depth": 4,
        "lgb_learning_rate": 0.013965956643268227,
        "lgb_num_leaves": 22,
        "lgb_subsample": 0.8777170208234153,
        "lgb_colsample_bytree": 0.6770159592115705,
        "lgb_reg_alpha": 0.00035783294434562946,
        "lgb_reg_lambda": 0.0002528632637537616,
        "lgb_min_data_in_leaf": 84,
        "lgb_feature_fraction_bynode": 0.9690151702279677,
        "lgb_bagging_freq": 3,
        "lgb_min_gain_to_split": 0.549731221675729,
        "cat_iterations": 258,
        "cat_depth": 8,
        "cat_learning_rate": 0.16776938570251962,
        "cat_l2_leaf_reg": 8.213849019089695,
        "cat_subsample": 0.8589430244264181,
        "cat_rsm": 0.6718086411111903,
        "cat_border_count": 96,
        "cat_random_strength": 0.10482353569162188,
        "cat_leaf_estimation_iterations": 18,