{
  "best_value": 59.61589712881957,
  "best_dirhit": 93.75,
  "best_params": {
    "enable_external_features": false,
    "enable_fingpt_features": true,
    "enable_yolo_features": false,
    "enable_directional_loss": true,
    "enable_seed_bagging": false,
    "enable_talib_patterns": true,
    "enable_smart_ensemble": false,
    "enable_stacked_short": true,
    "enable_meta_stacking": true,
    "enable_regime_detection": false,
    "enable_fingpt": true,
    "model_choice": "all",
    "ml_loss_mse_weight": 0.27915080442025597,
    "ml_loss_threshold": 0.0010268468107662598,
    "ml_dir_penalty": 4.163721603444029,
    "meta_stacking_alpha": 0.7286933911459372,
    "ml_adaptive_k_1d": 1.8546055294243342,
    "ml_pattern_weight_scale_1d": 1.8728662351472907,
    "enable_talib_patterns_short": true,
    "external_min_days": 55,
    "external_smooth_alpha": 0.3205818307399001,
    "fingpt_confidence_threshold": 0.26593232046739745,
    "xgb_n_estimators": 481,
    "xgb_max_depth": 6,
    "xgb_learning_rate": 0.026876074116050554,
    "xgb_subsample": 0.7498120853740278,
    "xgb_colsample_bytree": 0.5496871183172404,
    "xgb_reg_alpha": 1.8200146402597533e-06,
    "xgb_reg_lambda": 0.04646008588935031,
    "xgb_min_child_weight": 15,
    "xgb_gamma": 0.0010091241477921033,
    "xgb_grow_policy": "lossguide",
    "xgb_tree_method": "hist",
    "xgb_max_bin": 499,
    "lgb_n_estimators": 132,
    "lgb_max_depth": 8,
    "lgb_learning_rate": 0.012229689307630605,
    "lgb_num_leaves": 11,
    "lgb_subsample": 0.6761526381737847,
    "lgb_colsample_bytree": 0.8666028274956559,
    "lgb_reg_alpha": 0.8475574663711164,
    "lgb_reg_lambda": 0.20335962951104425,
    "lgb_min_data_in_leaf": 72,
    "lgb_feature_fraction_bynode": 0.5672746009629859,
    "lgb_bagging_freq": 5,
    "lgb_min_gain_to_split": 0.05112399086845902,
    "cat_iterations": 453,
    "cat_depth": 5,
    "cat_learning_rate": 0.06778881949574665,
    "cat_l2_leaf_reg": 7.528301807158116,
    "cat_subsample": 0.5316307191475219,
    "cat_rsm": 0.6158531306401154,
    "cat_border_count": 43,
    "cat_random_strength": 0.12691063546910936,
    "cat_leaf_estimation_iterations": 9,
    "cat_bootstrap_type": "No"
  },
  "best_trial": {
    "number": 263,
    "value": 59.61589712881957,
    "state": "1"
  },
  "n_trials": 1336,
  "pruned_count": 0,
  "avg_trial_time": 195.5523841588015,
  "top_k_trials": [
    {
      "number": 263,
      "value": 59.61589712881957,
      "params": {
        "enable_external_features": false,
        "enable_fingpt_features": true,
        "enable_yolo_features": false,
        "enable_directional_loss": true,
        "enable_seed_bagging": false,
        "enable_talib_patterns": true,
        "enable_smart_ensemble": false,
        "enable_stacked_short": true,
        "enable_meta_stacking": true,
        "enable_regime_detection": false,
        "enable_fingpt": true,
        "model_choice": "all",
        "ml_loss_mse_weight": 0.27915080442025597,
        "ml_loss_threshold": 0.0010268468107662598,
        "ml_dir_penalty": 4.163721603444029,
        "meta_stacking_alpha": 0.7286933911459372,
        "ml_adaptive_k_1d": 1.8546055294243342,
        "ml_pattern_weight_scale_1d": 1.8728662351472907,
        "enable_talib_patterns_short": true,
        "external_min_days": 55,
        "external_smooth_alpha": 0.3205818307399001,
        "fingpt_confidence_threshold": 0.26593232046739745,
        "xgb_n_estimators": 481,
        "xgb_max_depth": 6,
        "xgb_learning_rate": 0.026876074116050554,
        "xgb_subsample": 0.7498120853740278,
        "xgb_colsample_bytree": 0.5496871183172404,
        "xgb_reg_alpha": 1.8200146402597533e-06,
        "xgb_reg_lambda": 0.04646008588935031,
        "xgb_min_child_weight": 15,
        "xgb_gamma": 0.0010091241477921033,
        "xgb_grow_policy": "lossguide",
        "xgb_tree_method": "hist",
        "xgb_max_bin": 499,
        "lgb_n_estimators": 132,
        "lgb_max_depth": 8,
        "lgb_learning_rate": 0.012229689307630605,
        "lgb_num_leaves": 11,
        "lgb_subsample": 0.6761526381737847,
        "lgb_colsample_bytree": 0.8666028274956559,
        "lgb_reg_alpha": 0.8475574663711164,
        "lgb_reg_lambda": 0.20335962951104425,
        "lgb_min_data_in_leaf": 72,
        "lgb_feature_fraction_bynode": 0.5672746009629859,
        "lgb_bagging_freq": 5,
        "lgb_min_gain_to_split": 0.05112399086845902,
        "cat_iterations": 453,
        "cat_depth": 5,
        "cat_learning_rate": 0.06778881949574665,
        "cat_l2_leaf_reg": 7.528301807158116,
        "cat_subsample": 0.5316307191475219,
        "cat_rsm": 0.6158531306401154,
        "cat_border_count": 43,
        "cat_random_strength": 0.12691063546910936,
        "cat_leaf_estimation_iterations": 9,
        "cat_bootstrap_type": "No"
      },
      "attrs": {
        "avg_dirhit": 93.75,
        "avg_nrmse": 1.0015171451967384,
        "model_choice": "all"
      },
      "state": "1"
    },
    {
      "number": 855,
      "value": 52.63428590093847,
      "params": {
        "enable_external_features": true,
        "enable_fingpt_features": false,
        "enable_yolo_features": false,
        "enable_directional_loss": true,
        "enable_seed_bagging": false,
        "enable_talib_patterns": true,
        "enable_smart_ensemble": true,
        "enable_stacked_short": true,
        "enable_meta_stacking": true,
        "enable_regime_detection": false,
        "enable_fingpt": true,
        "model_choice": "all",
        "ml_loss_mse_weight": 0.6509750994475643,
        "ml_loss_threshold": 0.0015102577512838137,
        "ml_dir_penalty": 4.905864310910133,
        "meta_stacking_alpha": 0.010544635878908082,
        "ml_adaptive_k_1d": 1.6705904702870678,
        "ml_pattern_weight_scale_1d": 1.6085961014120675,
        "enable_talib_patterns_short": false,
        "external_min_days": 60,
        "external_smooth_alpha": 0.3043892606919833,
        "smart_consensus_weight": 0.7325642234742766,
        "smart_performance_weight": 0.21169240822402896,
        "smart_sigma": 0.005316522357270102,
        "smart_weight_xgb": 0.7595118421246531,
        "smart_weight_lgbm": 1.2312190070326516,
        "smart_weight_cat": 0.8712022941664017,
        "xgb_n_estimators": 472,
        "xgb_max_depth": 6,
        "xgb_learning_rate": 0.10833117901174517,
        "xgb_subsample": 0.8843698410676142,
        "xgb_colsample_bytree": 0.5147817279063401,
        "xgb_reg_alpha": 0.004286325392571146,
        "xgb_reg_lambda": 0.004068709921452569,
        "xgb_min_child_weight": 15,
        "xgb_gamma": 0.0036392346800828723,
        "xgb_grow_policy": "lossguide",
        "xgb_tree_method": "hist",
        "xgb_max_bin": 322,
        "lgb_n_estimators": 139,
        "lgb_max_depth": 5,
        "lgb_learning_rate": 0.013978910776212182,
        "lgb_num_leaves": 21,
        "lgb_subsample": 0.5837142657940377,
        "lgb_colsample_bytree": 0.8434795178670386,
        "lgb_reg_alpha": 0.007202813391595278,
        "lgb_reg_lambda": 0.45104499711285034,
        "lgb_min_data_in_leaf": 67,
        "lgb_feature_fraction_bynode": 0.6022257892901476,
        "lgb_bagging_freq": 9,
        "lgb_min_gain_to_split": 0.08699803493354166,
        "cat_iterations": 401,
        "cat_depth": 6,
        "cat_learning_rate": 0.04095014069285892,
        "cat_l2_leaf_reg": 6.397644476880408,
        "cat_subsample": 0.593882661598114,
        "cat_rsm": 0.9404056096562261,
        "cat_border_count": 52,
        "cat_random_strength": 0.26306478089529267,
        "cat_leaf_estimation_iterations": 7,
        "cat_bootstrap_type": "Bayesian"
      },
      "attrs": {
        "avg_dirhit": 83.6904761904762,
        "avg_nrmse": 0.9915079053991438,
        "model_choice": "all"
      },
      "state": "1"
    },
    {
      "number": 785,
      "value": 50.70092625403455,
      "params": {
        "enable_external_features": false,