{
  "best_value": 47.489526413054385,
  "best_dirhit": 76.38888888888889,
  "best_params": {
    "enable_external_features": false,
    "enable_fingpt_features": true,
    "enable_yolo_features": true,
    "enable_directional_loss": false,
    "enable_seed_bagging": false,
    "enable_talib_patterns": false,
    "enable_smart_ensemble": true,
    "enable_stacked_short": false,
    "enable_meta_stacking": false,
    "enable_regime_detection": true,
    "enable_fingpt": true,
    "model_choice": "all",
    "ml_adaptive_k_1d": 1.7195181415392453,
    "ml_pattern_weight_scale_1d": 1.9347728125402652,
    "enable_talib_patterns_short": true,
    "external_min_days": 43,
    "external_smooth_alpha": 0.39799470120522334,
    "regime_scale_low": 0.833054722395023,
    "regime_scale_high": 1.0973864292734015,
    "yolo_min_conf": 0.5072148575906591,
    "smart_consensus_weight": 0.743750236241832,
    "smart_performance_weight": 0.28800570049370594,
    "smart_sigma": 0.015357402196614696,
    "smart_weight_xgb": 1.0247444172681544,
    "smart_weight_lgbm": 0.5757218846688961,
    "smart_weight_cat": 1.0040074268190242,
    "fingpt_confidence_threshold": 0.22865778458317632,
    "xgb_n_estimators": 522,
    "xgb_max_depth": 5,
    "xgb_learning_rate": 0.01002648204513936,
    "xgb_subsample": 0.8094984362894613,
    "xgb_colsample_bytree": 0.6927095945965225,
    "xgb_reg_alpha": 0.0004584989009124974,
    "xgb_reg_lambda": 0.02176299869882858,
    "xgb_min_child_weight": 10,
    "xgb_gamma": 0.15048592674588396,
    "xgb_grow_policy": "depthwise",
    "xgb_tree_method": "hist",
    "xgb_max_bin": 486,
    "lgb_n_estimators": 441,
    "lgb_max_depth": 7,
    "lgb_learning_rate": 0.08847179305954987,
    "lgb_num_leaves": 11,
    "lgb_subsample": 0.5000982327920932,
    "lgb_colsample_bytree": 0.6078233681702618,
    "lgb_reg_alpha": 2.074044496739365e-05,
    "lgb_reg_lambda": 0.002537595813566761,
    "lgb_min_data_in_leaf": 43,
    "lgb_feature_fraction_bynode": 0.5317503025184395,
    "lgb_bagging_freq": 2,
    "lgb_min_gain_to_split": 0.8787062652286421,
    "cat_iterations": 278,
    "cat_depth": 6,
    "cat_learning_rate": 0.046126527525378776,
    "cat_l2_leaf_reg": 8.173216102832098,
    "cat_subsample": 0.811030191720128,
    "cat_rsm": 0.5306477255888524,
    "cat_border_count": 37,
    "cat_random_strength": 0.5242004403225881,
    "cat_leaf_estimation_iterations": 3,
    "cat_bootstrap_type": "MVS"
  },
  "best_trial": {
    "number": 1101,
    "value": 47.489526413054385,
    "state": "1"
  },
  "n_trials": 1392,
  "pruned_count": 0,
  "avg_trial_time": 187.69276246800865,
  "top_k_trials": [
    {
      "number": 1101,
      "value": 47.489526413054385,
      "params": {
        "enable_external_features": false,
        "enable_fingpt_features": true,
        "enable_yolo_features": true,
        "enable_directional_loss": false,
        "enable_seed_bagging": false,
        "enable_talib_patterns": false,
        "enable_smart_ensemble": true,
        "enable_stacked_short": false,
        "enable_meta_stacking": false,
        "enable_regime_detection": true,
        "enable_fingpt": true,
        "model_choice": "all",
        "ml_adaptive_k_1d": 1.7195181415392453,
        "ml_pattern_weight_scale_1d": 1.9347728125402652,
        "enable_talib_patterns_short": true,
        "external_min_days": 43,
        "external_smooth_alpha": 0.39799470120522334,
        "regime_scale_low": 0.833054722395023,
        "regime_scale_high": 1.0973864292734015,
        "yolo_min_conf": 0.5072148575906591,
        "smart_consensus_weight": 0.743750236241832,
        "smart_performance_weight": 0.28800570049370594,
        "smart_sigma": 0.015357402196614696,
        "smart_weight_xgb": 1.0247444172681544,
        "smart_weight_lgbm": 0.5757218846688961,
        "smart_weight_cat": 1.0040074268190242,
        "fingpt_confidence_threshold": 0.22865778458317632,
        "xgb_n_estimators": 522,
        "xgb_max_depth": 5,
        "xgb_learning_rate": 0.01002648204513936,
        "xgb_subsample": 0.8094984362894613,
        "xgb_colsample_bytree": 0.6927095945965225,
        "xgb_reg_alpha": 0.0004584989009124974,
        "xgb_reg_lambda": 0.02176299869882858,
        "xgb_min_child_weight": 10,
        "xgb_gamma": 0.15048592674588396,
        "xgb_grow_policy": "depthwise",
        "xgb_tree_method": "hist",
        "xgb_max_bin": 486,
        "lgb_n_estimators": 441,
        "lgb_max_depth": 7,
        "lgb_learning_rate": 0.08847179305954987,
        "lgb_num_leaves": 11,
        "lgb_subsample": 0.5000982327920932,
        "lgb_colsample_bytree": 0.6078233681702618,
        "lgb_reg_alpha": 2.074044496739365e-05,
        "lgb_reg_lambda": 0.002537595813566761,
        "lgb_min_data_in_leaf": 43,
        "lgb_feature_fraction_bynode": 0.5317503025184395,
        "lgb_bagging_freq": 2,
        "lgb_min_gain_to_split": 0.8787062652286421,
        "cat_iterations": 278,
        "cat_depth": 6,
        "cat_learning_rate": 0.046126527525378776,
        "cat_l2_leaf_reg": 8.173216102832098,
        "cat_subsample": 0.811030191720128,
        "cat_rsm": 0.5306477255888524,
        "cat_border_count": 37,
        "cat_random_strength": 0.5242004403225881,
        "cat_leaf_estimation_iterations": 3,
        "cat_bootstrap_type": "MVS"
      },
      "attrs": {
        "avg_dirhit": 76.38888888888889,
        "avg_nrmse": 0.9971159681946387,
        "model_choice": "all"
      },
      "state": "1"
    },
    {
      "number": 339,
      "value": 45.520206657340935,
      "params": {
        "enable_external_features": false,
        "enable_fingpt_features": true,
        "enable_yolo_features": true,
        "enable_directional_loss": false,
        "enable_seed_bagging": false,
        "enable_talib_patterns": false,
        "enable_smart_ensemble": true,
        "enable_stacked_short": false,
        "enable_meta_stacking": false,
        "enable_regime_detection": true,
        "enable_fingpt": true,
        "model_choice": "all",
        "ml_adaptive_k_1d": 1.7082168545197327,
        "ml_pattern_weight_scale_1d": 1.263199213643501,
        "enable_talib_patterns_short": true,
        "external_min_days": 38,
        "external_smooth_alpha": 0.15751651199652628,
        "regime_scale_low": 0.8371412829708778,
        "regime_scale_high": 1.161935076223256,
        "yolo_min_conf": 0.6434795228454652,
        "smart_consensus_weight": 0.5174685919392706,
        "smart_performance_weight": 0.5376755474275854,
        "smart_sigma": 0.0010793666577110738,
        "smart_weight_xgb": 0.9941129184023411,
        "smart_weight_lgbm": 0.5937305340733112,
        "smart_weight_cat": 1.2988444707081421,
        "fingpt_confidence_threshold": 0.2359955273975596,
        "xgb_n_estimators": 307,
        "xgb_max_depth": 4,
        "xgb_learning_rate": 0.01060478036613038,
        "xgb_subsample": 0.7904438008019027,
        "xgb_colsample_bytree": 0.6558922160640493,
        "xgb_reg_alpha": 0.006076675947413175,
        "xgb_reg_lambda": 0.028782189882610637,
        "xgb_min_child_weight": 10,
        "xgb_gamma": 0.0029439108857098164,
        "xgb_grow_policy": "depthwise",
        "xgb_tree_method": "hist",
        "xgb_max_bin": 254,
        "lgb_n_estimators": 397,
        "lgb_max_depth": 7,
        "lgb_learning_rate": 0.05116502237558378,
        "lgb_num_leaves": 43,
        "lgb_subsample": 0.8215608254430127,
        "lgb_colsample_bytree": 0.6580095490072675,
        "lgb_reg_alpha": 2.7891932888054997e-06,
        "lgb_reg_lambda": 0.0027534747975945548,
        "lgb_min_data_in_leaf": 80,
        "lgb_feature_fraction_bynode": 0.7591907649248077,
        "lgb_bagging_freq": 10,
        "lgb_min_gain_to_split": 0.7246415855086279,
        "cat_iterations": 284,
        "cat_depth": 7,
        "cat_learning_rate": 0.06303715846395118,
        "cat_l2_leaf_reg": 9.36639934281156,
        "cat_subsample": 0.8480411137323398,