{
  "best_value": 52.29384361566862,
  "best_dirhit": 83.33333333333333,
  "best_params": {
    "enable_external_features": true,
    "enable_fingpt_features": false,
    "enable_yolo_features": true,
    "enable_directional_loss": true,
    "enable_seed_bagging": true,
    "enable_talib_patterns": true,
    "enable_smart_ensemble": true,
    "enable_stacked_short": false,
    "enable_meta_stacking": false,
    "enable_regime_detection": true,
    "enable_fingpt": true,
    "model_choice": "all",
    "ml_loss_mse_weight": 0.5503132008962958,
    "ml_loss_threshold": 0.005808104951041914,
    "ml_dir_penalty": 3.425553009117815,
    "n_seeds": 3,
    "ml_adaptive_k_1d": 2.9956893924948096,
    "ml_pattern_weight_scale_1d": 1.8534520817868987,
    "enable_talib_patterns_short": true,
    "external_min_days": 25,
    "external_smooth_alpha": 0.09647895557123451,
    "regime_scale_low": 0.8210183733526834,
    "regime_scale_high": 1.1673356617656199,
    "yolo_min_conf": 0.41158579852080757,
    "smart_consensus_weight": 0.6395744190179993,
    "smart_performance_weight": 0.6711326049286896,
    "smart_sigma": 0.0030717521516259003,
    "smart_weight_xgb": 0.8899407170560862,
    "smart_weight_lgbm": 0.5068550813392377,
    "smart_weight_cat": 0.6213038424379915,
    "xgb_n_estimators": 184,
    "xgb_max_depth": 3,
    "xgb_learning_rate": 0.06432546891484102,
    "xgb_subsample": 0.5265774258732555,
    "xgb_colsample_bytree": 0.7162972917458765,
    "xgb_reg_alpha": 0.01518853524378654,
    "xgb_reg_lambda": 0.028433688527000792,
    "xgb_min_child_weight": 9,
    "xgb_gamma": 0.7395329258845992,
    "xgb_grow_policy": "lossguide",
    "xgb_tree_method": "hist",
    "xgb_max_bin": 218,
    "lgb_n_estimators": 132,
    "lgb_max_depth": 4,
    "lgb_learning_rate": 0.014347954367824364,
    "lgb_num_leaves": 15,
    "lgb_subsample": 0.6000929675300123,
    "lgb_colsample_bytree": 0.6952763336340679,
    "lgb_reg_alpha": 0.007147419634642301,
    "lgb_reg_lambda": 0.013196503609850653,
    "lgb_min_data_in_leaf": 56,
    "lgb_feature_fraction_bynode": 0.6941889108050997,
    "lgb_bagging_freq": 7,
    "lgb_min_gain_to_split": 0.15735105187060477,
    "cat_iterations": 333,
    "cat_depth": 7,
    "cat_learning_rate": 0.013739779642951803,
    "cat_l2_leaf_reg": 3.7123971704875562,
    "cat_subsample": 0.5358163420126347,
    "cat_rsm": 0.7208221087606553,
    "cat_border_count": 33,
    "cat_random_strength": 0.10946692007721263,
    "cat_leaf_estimation_iterations": 15,
    "cat_bootstrap_type": "MVS"
  },
  "best_trial": {
    "number": 994,
    "value": 52.29384361566862,
    "state": "1"
  },
  "n_trials": 1500,
  "pruned_count": 0,
  "avg_trial_time": 133.24171731754504,
  "top_k_trials": [
    {
      "number": 994,
      "value": 52.29384361566862,
      "params": {
        "enable_external_features": true,
        "enable_fingpt_features": false,
        "enable_yolo_features": true,
        "enable_directional_loss": true,
        "enable_seed_bagging": true,
        "enable_talib_patterns": true,
        "enable_smart_ensemble": true,
        "enable_stacked_short": false,
        "enable_meta_stacking": false,
        "enable_regime_detection": true,
        "enable_fingpt": true,
        "model_choice": "all",
        "ml_loss_mse_weight": 0.5503132008962958,
        "ml_loss_threshold": 0.005808104951041914,
        "ml_dir_penalty": 3.425553009117815,
        "n_seeds": 3,
        "ml_adaptive_k_1d": 2.9956893924948096,
        "ml_pattern_weight_scale_1d": 1.8534520817868987,
        "enable_talib_patterns_short": true,
        "external_min_days": 25,
        "external_smooth_alpha": 0.09647895557123451,
        "regime_scale_low": 0.8210183733526834,
        "regime_scale_high": 1.1673356617656199,
        "yolo_min_conf": 0.41158579852080757,
        "smart_consensus_weight": 0.6395744190179993,
        "smart_performance_weight": 0.6711326049286896,
        "smart_sigma": 0.0030717521516259003,
        "smart_weight_xgb": 0.8899407170560862,
        "smart_weight_lgbm": 0.5068550813392377,
        "smart_weight_cat": 0.6213038424379915,
        "xgb_n_estimators": 184,
        "xgb_max_depth": 3,
        "xgb_learning_rate": 0.06432546891484102,
        "xgb_subsample": 0.5265774258732555,
        "xgb_colsample_bytree": 0.7162972917458765,
        "xgb_reg_alpha": 0.01518853524378654,
        "xgb_reg_lambda": 0.028433688527000792,
        "xgb_min_child_weight": 9,
        "xgb_gamma": 0.7395329258845992,
        "xgb_grow_policy": "lossguide",
        "xgb_tree_method": "hist",
        "xgb_max_bin": 218,
        "lgb_n_estimators": 132,
        "lgb_max_depth": 4,
        "lgb_learning_rate": 0.014347954367824364,
        "lgb_num_leaves": 15,
        "lgb_subsample": 0.6000929675300123,
        "lgb_colsample_bytree": 0.6952763336340679,
        "lgb_reg_alpha": 0.007147419634642301,
        "lgb_reg_lambda": 0.013196503609850653,
        "lgb_min_data_in_leaf": 56,
        "lgb_feature_fraction_bynode": 0.6941889108050997,
        "lgb_bagging_freq": 7,
        "lgb_min_gain_to_split": 0.15735105187060477,
        "cat_iterations": 333,
        "cat_depth": 7,
        "cat_learning_rate": 0.013739779642951803,
        "cat_l2_leaf_reg": 3.7123971704875562,
        "cat_subsample": 0.5358163420126347,
        "cat_rsm": 0.7208221087606553,
        "cat_border_count": 33,
        "cat_random_strength": 0.10946692007721263,
        "cat_leaf_estimation_iterations": 15,
        "cat_bootstrap_type": "MVS"
      },
      "attrs": {
        "avg_dirhit": 83.33333333333333,
        "avg_nrmse": 1.0065816196107849,
        "model_choice": "all"
      },
      "state": "1"
    },
    {
      "number": 1291,
      "value": 52.287437089329735,
      "params": {
        "enable_external_features": true,
        "enable_fingpt_features": false,
        "enable_yolo_features": true,
        "enable_directional_loss": true,
        "enable_seed_bagging": true,
        "enable_talib_patterns": true,
        "enable_smart_ensemble": true,
        "enable_stacked_short": false,
        "enable_meta_stacking": false,
        "enable_regime_detection": true,
        "enable_fingpt": false,
        "model_choice": "all",
        "ml_loss_mse_weight": 0.6883916253501454,
        "ml_loss_threshold": 0.004703243208122391,
        "ml_dir_penalty": 3.432847171862174,
        "n_seeds": 3,
        "ml_adaptive_k_1d": 2.8184558239268287,
        "ml_pattern_weight_scale_1d": 1.4603849571917449,
        "enable_talib_patterns_short": false,
        "external_min_days": 27,
        "external_smooth_alpha": 0.06432774444683287,
        "regime_scale_low": 0.8317268621998618,
        "regime_scale_high": 1.188965529609318,
        "yolo_min_conf": 0.48884792379477515,
        "smart_consensus_weight": 0.6292665669933388,
        "smart_performance_weight": 0.6364682834232332,
        "smart_sigma": 0.00921474415189944,
        "smart_weight_xgb": 0.5740576264138991,
        "smart_weight_lgbm": 0.523911537676145,
        "smart_weight_cat": 0.5012402827056952,
        "xgb_n_estimators": 248,
        "xgb_max_depth": 3,
        "xgb_learning_rate": 0.07269264491107826,
        "xgb_subsample": 0.5432662773581782,
        "xgb_colsample_bytree": 0.6563569203992247,
        "xgb_reg_alpha": 0.0551745117433756,
        "xgb_reg_lambda": 0.020443594334278947,
        "xgb_min_child_weight": 7,
        "xgb_gamma": 0.1768966873316213,
        "xgb_grow_policy": "lossguide",
        "xgb_tree_method": "hist",
        "xgb_max_bin": 182,
        "lgb_n_estimators": 120,
        "lgb_max_depth": 8,
        "lgb_learning_rate": 0.015492960404167396,
        "lgb_num_leaves": 35,
        "lgb_subsample": 0.6174675049583499,
        "lgb_colsample_bytree": 0.566589799072203,
        "lgb_reg_alpha": 0.1380738592898805,
        "lgb_reg_lambda": 0.0038152041616731215,
        "lgb_min_data_in_leaf": 19,
        "lgb_feature_fraction_bynode": 0.7601917463088655,