{
  "best_value": 60.17667020827927,
  "best_dirhit": 94.44444444444444,
  "best_params": {
    "enable_external_features": false,
    "enable_fingpt_features": true,
    "enable_yolo_features": false,
    "enable_directional_loss": true,
    "enable_seed_bagging": false,
    "enable_talib_patterns": true,
    "enable_smart_ensemble": true,
    "enable_stacked_short": false,
    "enable_meta_stacking": false,
    "enable_regime_detection": false,
    "enable_fingpt": true,
    "model_choice": "all",
    "ml_loss_mse_weight": 0.42814231238257305,
    "ml_loss_threshold": 0.00482442401594717,
    "ml_dir_penalty": 4.332644126651581,
    "ml_adaptive_k_1d": 1.440270143060643,
    "ml_pattern_weight_scale_1d": 1.316215688047916,
    "enable_talib_patterns_short": true,
    "external_min_days": 23,
    "external_smooth_alpha": 0.1339114231433166,
    "smart_consensus_weight": 0.42174832727036937,
    "smart_performance_weight": 0.39834499852929234,
    "smart_sigma": 0.001865116173959761,
    "smart_weight_xgb": 1.320238144231822,
    "smart_weight_lgbm": 0.536560575781969,
    "smart_weight_cat": 0.6399624572875784,
    "fingpt_confidence_threshold": 0.4211128947376298,
    "xgb_n_estimators": 272,
    "xgb_max_depth": 3,
    "xgb_learning_rate": 0.10517726386564696,
    "xgb_subsample": 0.5491942840796264,
    "xgb_colsample_bytree": 0.6247000919498646,
    "xgb_reg_alpha": 7.62580958777753e-05,
    "xgb_reg_lambda": 0.1436653507633032,
    "xgb_min_child_weight": 13,
    "xgb_gamma": 0.08226004218553454,
    "xgb_grow_policy": "lossguide",
    "xgb_tree_method": "hist",
    "xgb_max_bin": 378,
    "lgb_n_estimators": 344,
    "lgb_max_depth": 6,
    "lgb_learning_rate": 0.017961516346168327,
    "lgb_num_leaves": 36,
    "lgb_subsample": 0.6869046724689956,
    "lgb_colsample_bytree": 0.7485497901929492,
    "lgb_reg_alpha": 4.7819585211231085e-06,
    "lgb_reg_lambda": 3.6415233979372665,
    "lgb_min_data_in_leaf": 95,
    "lgb_feature_fraction_bynode": 0.8352146366457673,
    "lgb_bagging_freq": 4,
    "lgb_min_gain_to_split": 0.8975755952398882,
    "cat_iterations": 252,
    "cat_depth": 5,
    "cat_learning_rate": 0.06262831102974474,
    "cat_l2_leaf_reg": 2.65500417898597,
    "cat_subsample": 0.826586950474234,
    "cat_rsm": 0.6655994907981254,
    "cat_border_count": 87,
    "cat_random_strength": 1.2047136169740895,
    "cat_leaf_estimation_iterations": 2,
    "cat_bootstrap_type": "Bayesian"
  },
  "best_trial": {
    "number": 872,
    "value": 60.17667020827927,
    "state": "1"
  },
  "n_trials": 1366,
  "pruned_count": 0,
  "avg_trial_time": 191.29478154725274,
  "top_k_trials": [
    {
      "number": 872,
      "value": 60.17667020827927,
      "params": {
        "enable_external_features": false,
        "enable_fingpt_features": true,
        "enable_yolo_features": false,
        "enable_directional_loss": true,
        "enable_seed_bagging": false,
        "enable_talib_patterns": true,
        "enable_smart_ensemble": true,
        "enable_stacked_short": false,
        "enable_meta_stacking": false,
        "enable_regime_detection": false,
        "enable_fingpt": true,
        "model_choice": "all",
        "ml_loss_mse_weight": 0.42814231238257305,
        "ml_loss_threshold": 0.00482442401594717,
        "ml_dir_penalty": 4.332644126651581,
        "ml_adaptive_k_1d": 1.440270143060643,
        "ml_pattern_weight_scale_1d": 1.316215688047916,
        "enable_talib_patterns_short": true,
        "external_min_days": 23,
        "external_smooth_alpha": 0.1339114231433166,
        "smart_consensus_weight": 0.42174832727036937,
        "smart_performance_weight": 0.39834499852929234,
        "smart_sigma": 0.001865116173959761,
        "smart_weight_xgb": 1.320238144231822,
        "smart_weight_lgbm": 0.536560575781969,
        "smart_weight_cat": 0.6399624572875784,
        "fingpt_confidence_threshold": 0.4211128947376298,
        "xgb_n_estimators": 272,
        "xgb_max_depth": 3,
        "xgb_learning_rate": 0.10517726386564696,
        "xgb_subsample": 0.5491942840796264,
        "xgb_colsample_bytree": 0.6247000919498646,
        "xgb_reg_alpha": 7.62580958777753e-05,
        "xgb_reg_lambda": 0.1436653507633032,
        "xgb_min_child_weight": 13,
        "xgb_gamma": 0.08226004218553454,
        "xgb_grow_policy": "lossguide",
        "xgb_tree_method": "hist",
        "xgb_max_bin": 378,
        "lgb_n_estimators": 344,
        "lgb_max_depth": 6,
        "lgb_learning_rate": 0.017961516346168327,
        "lgb_num_leaves": 36,
        "lgb_subsample": 0.6869046724689956,
        "lgb_colsample_bytree": 0.7485497901929492,
        "lgb_reg_alpha": 4.7819585211231085e-06,
        "lgb_reg_lambda": 3.6415233979372665,
        "lgb_min_data_in_leaf": 95,
        "lgb_feature_fraction_bynode": 0.8352146366457673,
        "lgb_bagging_freq": 4,
        "lgb_min_gain_to_split": 0.8975755952398882,
        "cat_iterations": 252,
        "cat_depth": 5,
        "cat_learning_rate": 0.06262831102974474,
        "cat_l2_leaf_reg": 2.65500417898597,
        "cat_subsample": 0.826586950474234,
        "cat_rsm": 0.6655994907981254,
        "cat_border_count": 87,
        "cat_random_strength": 1.2047136169740895,
        "cat_leaf_estimation_iterations": 2,
        "cat_bootstrap_type": "Bayesian"
      },
      "attrs": {
        "avg_dirhit": 94.44444444444444,
        "avg_nrmse": 0.9890734838053047,
        "model_choice": "all"
      },
      "state": "1"
    },
    {
      "number": 646,
      "value": 57.056757647276996,
      "params": {
        "enable_external_features": true,
        "enable_fingpt_features": true,
        "enable_yolo_features": true,
        "enable_directional_loss": false,
        "enable_seed_bagging": false,
        "enable_talib_patterns": true,
        "enable_smart_ensemble": true,
        "enable_stacked_short": false,
        "enable_meta_stacking": false,
        "enable_regime_detection": false,
        "enable_fingpt": true,
        "model_choice": "all",
        "ml_adaptive_k_1d": 1.5177227187113218,
        "ml_pattern_weight_scale_1d": 1.1400838731317262,
        "enable_talib_patterns_short": true,
        "external_min_days": 20,
        "external_smooth_alpha": 0.30948712830640773,
        "yolo_min_conf": 0.7529970703442574,
        "smart_consensus_weight": 0.4181326360793019,
        "smart_performance_weight": 0.6069604496769244,
        "smart_sigma": 0.0011825092882270525,
        "smart_weight_xgb": 0.9002673150300237,
        "smart_weight_lgbm": 0.6083926059668553,
        "smart_weight_cat": 0.5349649472140863,
        "fingpt_confidence_threshold": 0.4234597940177226,
        "xgb_n_estimators": 453,
        "xgb_max_depth": 4,
        "xgb_learning_rate": 0.013205083279135613,
        "xgb_subsample": 0.7399064183296602,
        "xgb_colsample_bytree": 0.7340022828947372,
        "xgb_reg_alpha": 3.8301995053558517e-05,
        "xgb_reg_lambda": 0.11909139761438223,
        "xgb_min_child_weight": 15,
        "xgb_gamma": 0.030920078892669567,
        "xgb_grow_policy": "lossguide",
        "xgb_tree_method": "hist",
        "xgb_max_bin": 135,
        "lgb_n_estimators": 153,
        "lgb_max_depth": 8,
        "lgb_learning_rate": 0.016272519726865192,
        "lgb_num_leaves": 40,
        "lgb_subsample": 0.8079066276457709,
        "lgb_colsample_bytree": 0.7103861623406007,
        "lgb_reg_alpha": 4.7220592455763965e-05,
        "lgb_reg_lambda": 0.010013260148596681,
        "lgb_min_data_in_leaf": 30,
        "lgb_feature_fraction_bynode": 0.5871097574344176,
        "lgb_bagging_freq": 8,
        "lgb_min_gain_to_split": 0.35393537988605417,
        "cat_iterations": 465,
        "cat_depth": 7,
        "cat_learning_rate": 0.08574849169926872,
        "cat_l2_leaf_reg": 3.8087826427841236,
        "cat_subsample": 0.933353883874737,
        "cat_rsm": 0.7672249746425979,
        "cat_border_count": 53,
        "cat_random_strength": 0.7046163539498117,