{
  "best_value": 58.315695059899056,
  "best_dirhit": 91.66666666666666,
  "best_params": {
    "enable_external_features": false,
    "enable_fingpt_features": true,
    "enable_yolo_features": true,
    "enable_directional_loss": true,
    "enable_seed_bagging": true,
    "enable_talib_patterns": false,
    "enable_smart_ensemble": true,
    "enable_stacked_short": false,
    "enable_meta_stacking": false,
    "enable_regime_detection": true,
    "enable_fingpt": false,
    "model_choice": "all",
    "ml_loss_mse_weight": 0.7923691535058314,
    "ml_loss_threshold": 0.009778220756810233,
    "ml_dir_penalty": 3.706020930965731,
    "n_seeds": 4,
    "ml_adaptive_k_1d": 1.1937809502229841,
    "ml_pattern_weight_scale_1d": 1.7430664978383281,
    "enable_talib_patterns_short": false,
    "external_min_days": 32,
    "external_smooth_alpha": 0.28586039648464273,
    "regime_scale_low": 0.9247717235117081,
    "regime_scale_high": 1.164987080129993,
    "yolo_min_conf": 0.7186687556801463,
    "smart_consensus_weight": 0.6552833854151867,
    "smart_performance_weight": 0.39904642724882927,
    "smart_sigma": 0.0021168489291629516,
    "smart_weight_xgb": 1.2428384421218075,
    "smart_weight_lgbm": 1.4453681464287995,
    "smart_weight_cat": 1.320862646155277,
    "fingpt_confidence_threshold": 0.3525883330364713,
    "xgb_n_estimators": 463,
    "xgb_max_depth": 2,
    "xgb_learning_rate": 0.09198688747036482,
    "xgb_subsample": 0.8354343064902815,
    "xgb_colsample_bytree": 0.5269736468010677,
    "xgb_reg_alpha": 4.9532878931373144e-05,
    "xgb_reg_lambda": 21.07441050377973,
    "xgb_min_child_weight": 5,
    "xgb_gamma": 0.0008445524906629052,
    "xgb_grow_policy": "depthwise",
    "xgb_tree_method": "hist",
    "xgb_max_bin": 428,
    "lgb_n_estimators": 253,
    "lgb_max_depth": 7,
    "lgb_learning_rate": 0.0213582940709715,
    "lgb_num_leaves": 43,
    "lgb_subsample": 0.7006247415633649,
    "lgb_colsample_bytree": 0.6649686628120667,
    "lgb_reg_alpha": 2.9513766895331823,
    "lgb_reg_lambda": 0.009817075654483367,
    "lgb_min_data_in_leaf": 98,
    "lgb_feature_fraction_bynode": 0.926720876533849,
    "lgb_bagging_freq": 3,
    "lgb_min_gain_to_split": 0.9990557180682018,
    "cat_iterations": 286,
    "cat_depth": 5,
    "cat_learning_rate": 0.03469276303599915,
    "cat_l2_leaf_reg": 8.849705425482888,
    "cat_subsample": 0.9210029096930864,
    "cat_rsm": 0.7354821345309366,
    "cat_border_count": 210,
    "cat_random_strength": 0.5469562475117011,
    "cat_leaf_estimation_iterations": 2,
    "cat_bootstrap_type": "MVS"
  },
  "best_trial": {
    "number": 738,
    "value": 58.315695059899056,
    "state": "1"
  },
  "n_trials": 1368,
  "pruned_count": 0,
  "avg_trial_time": 190.9588861016825,
  "top_k_trials": [
    {
      "number": 738,
      "value": 58.315695059899056,
      "params": {
        "enable_external_features": false,
        "enable_fingpt_features": true,
        "enable_yolo_features": true,
        "enable_directional_loss": true,
        "enable_seed_bagging": true,
        "enable_talib_patterns": false,
        "enable_smart_ensemble": true,
        "enable_stacked_short": false,
        "enable_meta_stacking": false,
        "enable_regime_detection": true,
        "enable_fingpt": false,
        "model_choice": "all",
        "ml_loss_mse_weight": 0.7923691535058314,
        "ml_loss_threshold": 0.009778220756810233,
        "ml_dir_penalty": 3.706020930965731,
        "n_seeds": 4,
        "ml_adaptive_k_1d": 1.1937809502229841,
        "ml_pattern_weight_scale_1d": 1.7430664978383281,
        "enable_talib_patterns_short": false,
        "external_min_days": 32,
        "external_smooth_alpha": 0.28586039648464273,
        "regime_scale_low": 0.9247717235117081,
        "regime_scale_high": 1.164987080129993,
        "yolo_min_conf": 0.7186687556801463,
        "smart_consensus_weight": 0.6552833854151867,
        "smart_performance_weight": 0.39904642724882927,
        "smart_sigma": 0.0021168489291629516,
        "smart_weight_xgb": 1.2428384421218075,
        "smart_weight_lgbm": 1.4453681464287995,
        "smart_weight_cat": 1.320862646155277,
        "fingpt_confidence_threshold": 0.3525883330364713,
        "xgb_n_estimators": 463,
        "xgb_max_depth": 2,
        "xgb_learning_rate": 0.09198688747036482,
        "xgb_subsample": 0.8354343064902815,
        "xgb_colsample_bytree": 0.5269736468010677,
        "xgb_reg_alpha": 4.9532878931373144e-05,
        "xgb_reg_lambda": 21.07441050377973,
        "xgb_min_child_weight": 5,
        "xgb_gamma": 0.0008445524906629052,
        "xgb_grow_policy": "depthwise",
        "xgb_tree_method": "hist",
        "xgb_max_bin": 428,
        "lgb_n_estimators": 253,
        "lgb_max_depth": 7,
        "lgb_learning_rate": 0.0213582940709715,
        "lgb_num_leaves": 43,
        "lgb_subsample": 0.7006247415633649,
        "lgb_colsample_bytree": 0.6649686628120667,
        "lgb_reg_alpha": 2.9513766895331823,
        "lgb_reg_lambda": 0.009817075654483367,
        "lgb_min_data_in_leaf": 98,
        "lgb_feature_fraction_bynode": 0.926720876533849,
        "lgb_bagging_freq": 3,
        "lgb_min_gain_to_split": 0.9990557180682018,
        "cat_iterations": 286,
        "cat_depth": 5,
        "cat_learning_rate": 0.03469276303599915,
        "cat_l2_leaf_reg": 8.849705425482888,
        "cat_subsample": 0.9210029096930864,
        "cat_rsm": 0.7354821345309366,
        "cat_border_count": 210,
        "cat_random_strength": 0.5469562475117011,
        "cat_leaf_estimation_iterations": 2,
        "cat_bootstrap_type": "MVS"
      },
      "attrs": {
        "avg_dirhit": 91.66666666666666,
        "avg_nrmse": 0.9751619344612673,
        "model_choice": "all"
      },
      "state": "1"
    },
    {
      "number": 462,
      "value": 55.40170214638558,
      "params": {
        "enable_external_features": false,
        "enable_fingpt_features": true,
        "enable_yolo_features": true,
        "enable_directional_loss": true,
        "enable_seed_bagging": true,
        "enable_talib_patterns": false,
        "enable_smart_ensemble": true,
        "enable_stacked_short": false,
        "enable_meta_stacking": false,
        "enable_regime_detection": true,
        "enable_fingpt": false,
        "model_choice": "all",
        "ml_loss_mse_weight": 0.3810531837426386,
        "ml_loss_threshold": 0.001000434524482505,
        "ml_dir_penalty": 3.501607678038607,
        "n_seeds": 4,
        "ml_adaptive_k_1d": 1.2293601701112271,
        "ml_pattern_weight_scale_1d": 1.701932071910217,
        "enable_talib_patterns_short": false,
        "external_min_days": 32,
        "external_smooth_alpha": 0.4319327397180046,
        "regime_scale_low": 0.9069737571526858,
        "regime_scale_high": 1.1527266030241754,
        "yolo_min_conf": 0.6878741050878469,
        "smart_consensus_weight": 0.6585640029963353,
        "smart_performance_weight": 0.3992870407570886,
        "smart_sigma": 0.0015822661055943307,
        "smart_weight_xgb": 1.3299284105905165,
        "smart_weight_lgbm": 0.5692009331279871,
        "smart_weight_cat": 1.2958416440013387,
        "fingpt_confidence_threshold": 0.36986152267754746,
        "xgb_n_estimators": 520,
        "xgb_max_depth": 2,
        "xgb_learning_rate": 0.09722797491478018,
        "xgb_subsample": 0.7830495899894409,
        "xgb_colsample_bytree": 0.6954632395743123,
        "xgb_reg_alpha": 4.522456912809912e-05,
        "xgb_reg_lambda": 30.44008293517265,
        "xgb_min_child_weight": 6,
        "xgb_gamma": 0.0013404662465828518,
        "xgb_grow_policy": "depthwise",
        "xgb_tree_method": "hist",
        "xgb_max_bin": 399,
        "lgb_n_estimators": 281,
        "lgb_max_depth": 5,
        "lgb_learning_rate": 0.027394308926430324,
        "lgb_num_leaves": 44,
        "lgb_subsample": 0.6977452762978548,
        "lgb_colsample_bytree": 0.8152996364086289,