{
  "best_value": 0.0,
  "best_dirhit": 0.0,
  "best_params": {
    "enable_external_features": false,
    "enable_fingpt_features": true,
    "enable_yolo_features": true,
    "enable_directional_loss": false,
    "enable_seed_bagging": false,
    "enable_talib_patterns": false,
    "enable_smart_ensemble": true,
    "enable_stacked_short": false,
    "enable_meta_stacking": false,
    "enable_regime_detection": true,
    "enable_fingpt": true,
    "model_choice": "all",
    "ml_adaptive_k_1d": 1.3993475643167195,
    "ml_pattern_weight_scale_1d": 1.2713516576204174,
    "enable_talib_patterns_short": true,
    "external_min_days": 44,
    "external_smooth_alpha": 0.1267358556592812,
    "regime_scale_low": 0.8117092867373503,
    "regime_scale_high": 1.1907993967055999,
    "yolo_min_conf": 0.7828160165372797,
    "smart_consensus_weight": 0.7041986740582306,
    "smart_performance_weight": 0.35230688458668535,
    "smart_sigma": 0.0013399060561509793,
    "smart_weight_xgb": 1.1842330265121568,
    "smart_weight_lgbm": 0.9401524937396013,
    "smart_weight_cat": 0.6220382348447788,
    "fingpt_confidence_threshold": 0.34855307303338107,
    "xgb_n_estimators": 165,
    "xgb_max_depth": 6,
    "xgb_learning_rate": 0.020153425505297702,
    "xgb_subsample": 0.7650089137415927,
    "xgb_colsample_bytree": 0.6246844304357644,
    "xgb_reg_alpha": 0.0013194961490425666,
    "xgb_reg_lambda": 0.37065955814875856,
    "xgb_min_child_weight": 7,
    "xgb_gamma": 0.755681014127442,
    "xgb_grow_policy": "lossguide",
    "xgb_tree_method": "hist",
    "xgb_max_bin": 472,
    "lgb_n_estimators": 407,
    "lgb_max_depth": 8,
    "lgb_learning_rate": 0.01303561122512888,
    "lgb_num_leaves": 18,
    "lgb_subsample": 0.5180909155642153,
    "lgb_colsample_bytree": 0.6301321323053057,
    "lgb_reg_alpha": 0.0003292379844056765,
    "lgb_reg_lambda": 0.001979459933014259,
    "lgb_min_data_in_leaf": 85,
    "lgb_feature_fraction_bynode": 0.6783766633467947,
    "lgb_bagging_freq": 3,
    "lgb_min_gain_to_split": 0.5426960831582485,
    "cat_iterations": 187,
    "cat_depth": 7,
    "cat_learning_rate": 0.012502377950801122,
    "cat_l2_leaf_reg": 9.881982429404655,
    "cat_subsample": 0.8475101461834957,
    "cat_rsm": 0.5894220566903776,
    "cat_border_count": 17,
    "cat_random_strength": 2.429095036825495,
    "cat_leaf_estimation_iterations": 15,
    "cat_bootstrap_type": "Bernoulli"
  },
  "best_trial": {
    "number": 1,
    "value": 0.0,
    "state": "1"
  },
  "best_trial_number": 1,
  "best_trial_seed": 43,
  "n_trials": 1003,
  "pruned_count": 0,
  "avg_trial_time": 1.7560206553106212,
  "top_k_trials": [
    {
      "number": 1,
      "value": 0.0,
      "params": {
        "enable_external_features": false,
        "enable_fingpt_features": true,
        "enable_yolo_features": true,
        "enable_directional_loss": false,
        "enable_seed_bagging": false,
        "enable_talib_patterns": false,
        "enable_smart_ensemble": true,
        "enable_stacked_short": false,
        "enable_meta_stacking": false,
        "enable_regime_detection": true,
        "enable_fingpt": true,
        "model_choice": "all",
        "ml_adaptive_k_1d": 1.3993475643167195,
        "ml_pattern_weight_scale_1d": 1.2713516576204174,
        "enable_talib_patterns_short": true,
        "external_min_days": 44,
        "external_smooth_alpha": 0.1267358556592812,
        "regime_scale_low": 0.8117092867373503,
        "regime_scale_high": 1.1907993967055999,
        "yolo_min_conf": 0.7828160165372797,
        "smart_consensus_weight": 0.7041986740582306,
        "smart_performance_weight": 0.35230688458668535,
        "smart_sigma": 0.0013399060561509793,
        "smart_weight_xgb": 1.1842330265121568,
        "smart_weight_lgbm": 0.9401524937396013,
        "smart_weight_cat": 0.6220382348447788,
        "fingpt_confidence_threshold": 0.34855307303338107,
        "xgb_n_estimators": 165,
        "xgb_max_depth": 6,
        "xgb_learning_rate": 0.020153425505297702,
        "xgb_subsample": 0.7650089137415927,
        "xgb_colsample_bytree": 0.6246844304357644,
        "xgb_reg_alpha": 0.0013194961490425666,
        "xgb_reg_lambda": 0.37065955814875856,
        "xgb_min_child_weight": 7,
        "xgb_gamma": 0.755681014127442,
        "xgb_grow_policy": "lossguide",
        "xgb_tree_method": "hist",
        "xgb_max_bin": 472,
        "lgb_n_estimators": 407,
        "lgb_max_depth": 8,
        "lgb_learning_rate": 0.01303561122512888,
        "lgb_num_leaves": 18,
        "lgb_subsample": 0.5180909155642153,
        "lgb_colsample_bytree": 0.6301321323053057,
        "lgb_reg_alpha": 0.0003292379844056765,
        "lgb_reg_lambda": 0.001979459933014259,
        "lgb_min_data_in_leaf": 85,
        "lgb_feature_fraction_bynode": 0.6783766633467947,
        "lgb_bagging_freq": 3,
        "lgb_min_gain_to_split": 0.5426960831582485,
        "cat_iterations": 187,
        "cat_depth": 7,
        "cat_learning_rate": 0.012502377950801122,
        "cat_l2_leaf_reg": 9.881982429404655,
        "cat_subsample": 0.8475101461834957,
        "cat_rsm": 0.5894220566903776,
        "cat_border_count": 17,
        "cat_random_strength": 2.429095036825495,
        "cat_leaf_estimation_iterations": 15,
        "cat_bootstrap_type": "Bernoulli"
      },
      "attrs": {},
      "state": "1"
    },
    {
      "number": 2,
      "value": 0.0,
      "params": {
        "enable_external_features": false,
        "enable_fingpt_features": true,
        "enable_yolo_features": false,
        "enable_directional_loss": false,
        "enable_seed_bagging": false,
        "enable_talib_patterns": true,
        "enable_smart_ensemble": false,
        "enable_stacked_short": false,
        "enable_meta_stacking": false,
        "enable_regime_detection": true,
        "enable_fingpt": true,
        "model_choice": "all",
        "ml_adaptive_k_1d": 1.4985844582977499,
        "ml_pattern_weight_scale_1d": 1.1155743845534447,
        "enable_talib_patterns_short": true,
        "external_min_days": 23,
        "external_smooth_alpha": 0.1803881538111956,
        "regime_scale_low": 0.8290198317057208,
        "regime_scale_high": 1.187345577421663,
        "fingpt_confidence_threshold": 0.4424361138693251,
        "xgb_n_estimators": 435,
        "xgb_max_depth": 6,
        "xgb_learning_rate": 0.08814378684431647,
        "xgb_subsample": 0.5746280235544143,
        "xgb_colsample_bytree": 0.8570235993959912,
        "xgb_reg_alpha": 0.0017220805097801957,
        "xgb_reg_lambda": 6.224967228399989,
        "xgb_min_child_weight": 14,
        "xgb_gamma": 0.001870742013766027,
        "xgb_grow_policy": "lossguide",
        "xgb_tree_method": "hist",
        "xgb_max_bin": 292,
        "lgb_n_estimators": 513,
        "lgb_max_depth": 8,
        "lgb_learning_rate": 0.010210451114512976,
        "lgb_num_leaves": 36,
        "lgb_subsample": 0.6669644012595116,
        "lgb_colsample_bytree": 0.5888431241882921,
        "lgb_reg_alpha": 5.9756137575514945e-06,
        "lgb_reg_lambda": 0.00410370707852986,
        "lgb_min_data_in_leaf": 95,
        "lgb_feature_fraction_bynode": 0.6616014660103776,
        "lgb_bagging_freq": 5,
        "lgb_min_gain_to_split": 0.7030189588951778,
        "cat_iterations": 294,
        "cat_depth": 8,
        "cat_learning_rate": 0.17871985357940612,
        "cat_l2_leaf_reg": 3.2660406624282774,
        "cat_subsample": 0.7237618276515734,
        "cat_rsm": 0.6353952394175464,
        "cat_border_count": 84,
        "cat_random_strength": 0.1155233613914713,
        "cat_leaf_estimation_iterations": 13,
        "cat_bootstrap_type": "No"
      },
      "attrs": {},
      "state": "1"
    },
    {
      "number": 3,
      "value": 0.0,
      "params": {
        "enable_external_features": true,
        "enable_fingpt_features": false,
        "enable_yolo_features": false,
        "enable_directional_loss": true,