{
  "best_value": 59.5546412961814,
  "best_dirhit": 93.75,
  "best_params": {
    "enable_external_features": false,
    "enable_fingpt_features": true,
    "enable_yolo_features": false,
    "enable_directional_loss": true,
    "enable_seed_bagging": false,
    "enable_talib_patterns": true,
    "enable_smart_ensemble": true,
    "enable_stacked_short": false,
    "enable_meta_stacking": false,
    "enable_regime_detection": true,
    "enable_fingpt": true,
    "model_choice": "all",
    "ml_loss_mse_weight": 0.6270785750292598,
    "ml_loss_threshold": 0.0030230804081551434,
    "ml_dir_penalty": 3.8418808950968484,
    "ml_adaptive_k_1d": 1.8103279431620731,
    "ml_pattern_weight_scale_1d": 0.9396550066436842,
    "enable_talib_patterns_short": true,
    "external_min_days": 32,
    "external_smooth_alpha": 0.06066007018001995,
    "regime_scale_low": 0.8336560039683129,
    "regime_scale_high": 1.1397918254995918,
    "smart_consensus_weight": 0.7986109497292277,
    "smart_performance_weight": 0.5932842814171332,
    "smart_sigma": 0.0176525058491869,
    "smart_weight_xgb": 0.9624168498893956,
    "smart_weight_lgbm": 1.33704793621214,
    "smart_weight_cat": 0.6717785337412994,
    "fingpt_confidence_threshold": 0.291207491204944,
    "xgb_n_estimators": 349,
    "xgb_max_depth": 3,
    "xgb_learning_rate": 0.1397833338475197,
    "xgb_subsample": 0.7548265638982351,
    "xgb_colsample_bytree": 0.7656780701720424,
    "xgb_reg_alpha": 2.2145079555070436e-05,
    "xgb_reg_lambda": 2.121231338113118,
    "xgb_min_child_weight": 12,
    "xgb_gamma": 0.652063588969483,
    "xgb_grow_policy": "lossguide",
    "xgb_tree_method": "hist",
    "xgb_max_bin": 156,
    "lgb_n_estimators": 123,
    "lgb_max_depth": 6,
    "lgb_learning_rate": 0.012321629510391827,
    "lgb_num_leaves": 25,
    "lgb_subsample": 0.5122028762023114,
    "lgb_colsample_bytree": 0.5963447333039155,
    "lgb_reg_alpha": 0.000462798541841959,
    "lgb_reg_lambda": 0.006936814275798681,
    "lgb_min_data_in_leaf": 96,
    "lgb_feature_fraction_bynode": 0.7032128724312526,
    "lgb_bagging_freq": 4,
    "lgb_min_gain_to_split": 0.6442833161005326,
    "cat_iterations": 569,
    "cat_depth": 8,
    "cat_learning_rate": 0.1879758077179364,
    "cat_l2_leaf_reg": 5.239327478124784,
    "cat_subsample": 0.663831920471214,
    "cat_rsm": 0.6538426579954912,
    "cat_border_count": 101,
    "cat_random_strength": 0.22638288005108748,
    "cat_leaf_estimation_iterations": 16,
    "cat_bootstrap_type": "Bernoulli"
  },
  "best_trial": {
    "number": 362,
    "value": 59.5546412961814,
    "state": "1"
  },
  "n_trials": 1272,
  "pruned_count": 0,
  "avg_trial_time": 205.43147140204564,
  "top_k_trials": [
    {
      "number": 362,
      "value": 59.5546412961814,
      "params": {
        "enable_external_features": false,
        "enable_fingpt_features": true,
        "enable_yolo_features": false,
        "enable_directional_loss": true,
        "enable_seed_bagging": false,
        "enable_talib_patterns": true,
        "enable_smart_ensemble": true,
        "enable_stacked_short": false,
        "enable_meta_stacking": false,
        "enable_regime_detection": true,
        "enable_fingpt": true,
        "model_choice": "all",
        "ml_loss_mse_weight": 0.6270785750292598,
        "ml_loss_threshold": 0.0030230804081551434,
        "ml_dir_penalty": 3.8418808950968484,
        "ml_adaptive_k_1d": 1.8103279431620731,
        "ml_pattern_weight_scale_1d": 0.9396550066436842,
        "enable_talib_patterns_short": true,
        "external_min_days": 32,
        "external_smooth_alpha": 0.06066007018001995,
        "regime_scale_low": 0.8336560039683129,
        "regime_scale_high": 1.1397918254995918,
        "smart_consensus_weight": 0.7986109497292277,
        "smart_performance_weight": 0.5932842814171332,
        "smart_sigma": 0.0176525058491869,
        "smart_weight_xgb": 0.9624168498893956,
        "smart_weight_lgbm": 1.33704793621214,
        "smart_weight_cat": 0.6717785337412994,
        "fingpt_confidence_threshold": 0.291207491204944,
        "xgb_n_estimators": 349,
        "xgb_max_depth": 3,
        "xgb_learning_rate": 0.1397833338475197,
        "xgb_subsample": 0.7548265638982351,
        "xgb_colsample_bytree": 0.7656780701720424,
        "xgb_reg_alpha": 2.2145079555070436e-05,
        "xgb_reg_lambda": 2.121231338113118,
        "xgb_min_child_weight": 12,
        "xgb_gamma": 0.652063588969483,
        "xgb_grow_policy": "lossguide",
        "xgb_tree_method": "hist",
        "xgb_max_bin": 156,
        "lgb_n_estimators": 123,
        "lgb_max_depth": 6,
        "lgb_learning_rate": 0.012321629510391827,
        "lgb_num_leaves": 25,
        "lgb_subsample": 0.5122028762023114,
        "lgb_colsample_bytree": 0.5963447333039155,
        "lgb_reg_alpha": 0.000462798541841959,
        "lgb_reg_lambda": 0.006936814275798681,
        "lgb_min_data_in_leaf": 96,
        "lgb_feature_fraction_bynode": 0.7032128724312526,
        "lgb_bagging_freq": 4,
        "lgb_min_gain_to_split": 0.6442833161005326,
        "cat_iterations": 569,
        "cat_depth": 8,
        "cat_learning_rate": 0.1879758077179364,
        "cat_l2_leaf_reg": 5.239327478124784,
        "cat_subsample": 0.663831920471214,
        "cat_rsm": 0.6538426579954912,
        "cat_border_count": 101,
        "cat_random_strength": 0.22638288005108748,
        "cat_leaf_estimation_iterations": 16,
        "cat_bootstrap_type": "Bernoulli"
      },
      "attrs": {
        "avg_dirhit": 93.75,
        "avg_nrmse": 1.0117264506364334,
        "model_choice": "all"
      },
      "state": "1"
    },
    {
      "number": 774,
      "value": 57.507445667819,
      "params": {
        "enable_external_features": false,
        "enable_fingpt_features": true,
        "enable_yolo_features": false,
        "enable_directional_loss": true,
        "enable_seed_bagging": false,
        "enable_talib_patterns": true,
        "enable_smart_ensemble": true,
        "enable_stacked_short": false,
        "enable_meta_stacking": false,
        "enable_regime_detection": true,
        "enable_fingpt": true,
        "model_choice": "all",
        "ml_loss_mse_weight": 0.7018740883384142,
        "ml_loss_threshold": 0.0034677836295316554,
        "ml_dir_penalty": 3.2029448091960413,
        "ml_adaptive_k_1d": 1.8945245655719338,
        "ml_pattern_weight_scale_1d": 1.2340427700383714,
        "enable_talib_patterns_short": true,
        "external_min_days": 28,
        "external_smooth_alpha": 0.10805980553602014,
        "regime_scale_low": 0.8573559745227363,
        "regime_scale_high": 1.1493835330918252,
        "smart_consensus_weight": 0.5327089767304168,
        "smart_performance_weight": 0.5587938169720117,
        "smart_sigma": 0.004565099033758529,
        "smart_weight_xgb": 1.085774714638537,
        "smart_weight_lgbm": 1.4806503017079415,
        "smart_weight_cat": 0.739640933621155,
        "fingpt_confidence_threshold": 0.3281178525644941,
        "xgb_n_estimators": 410,
        "xgb_max_depth": 6,
        "xgb_learning_rate": 0.1420057171815954,
        "xgb_subsample": 0.857133074378575,
        "xgb_colsample_bytree": 0.8223974528789547,
        "xgb_reg_alpha": 0.763888200890271,
        "xgb_reg_lambda": 0.7172027153525855,
        "xgb_min_child_weight": 11,
        "xgb_gamma": 0.0033673336784050705,
        "xgb_grow_policy": "lossguide",
        "xgb_tree_method": "hist",
        "xgb_max_bin": 263,
        "lgb_n_estimators": 120,
        "lgb_max_depth": 7,
        "lgb_learning_rate": 0.015454698098687238,
        "lgb_num_leaves": 44,
        "lgb_subsample": 0.6348293471119092,
        "lgb_colsample_bytree": 0.6376055606034442,
        "lgb_reg_alpha": 6.905706533989843e-06,
        "lgb_reg_lambda": 0.011907304030543206,
        "lgb_min_data_in_leaf": 88,
        "lgb_feature_fraction_bynode": 0.7301961629300842,
        "lgb_bagging_freq": 3,