{
  "best_value": 55.211702469385415,
  "best_dirhit": 87.5,
  "best_params": {
    "enable_external_features": false,
    "enable_fingpt_features": true,
    "enable_yolo_features": false,
    "enable_directional_loss": false,
    "enable_seed_bagging": false,
    "enable_talib_patterns": true,
    "enable_smart_ensemble": true,
    "enable_stacked_short": false,
    "enable_meta_stacking": false,
    "enable_regime_detection": false,
    "enable_fingpt": true,
    "model_choice": "all",
    "ml_adaptive_k_1d": 2.874520308414824,
    "ml_pattern_weight_scale_1d": 0.8010120564409183,
    "enable_talib_patterns_short": true,
    "external_min_days": 46,
    "external_smooth_alpha": 0.26904956459932267,
    "smart_consensus_weight": 0.5009101013472824,
    "smart_performance_weight": 0.6599390481955997,
    "smart_sigma": 0.001468229307475265,
    "smart_weight_xgb": 0.6462856556760421,
    "smart_weight_lgbm": 0.5381951973724398,
    "smart_weight_cat": 1.4643487605806016,
    "fingpt_confidence_threshold": 0.27268942087801123,
    "xgb_n_estimators": 286,
    "xgb_max_depth": 5,
    "xgb_learning_rate": 0.087991523056899,
    "xgb_subsample": 0.7886240567285216,
    "xgb_colsample_bytree": 0.5990948846436684,
    "xgb_reg_alpha": 0.010624389410270923,
    "xgb_reg_lambda": 0.007857591166859947,
    "xgb_min_child_weight": 11,
    "xgb_gamma": 0.07790216526314898,
    "xgb_grow_policy": "depthwise",
    "xgb_tree_method": "hist",
    "xgb_max_bin": 434,
    "lgb_n_estimators": 207,
    "lgb_max_depth": 5,
    "lgb_learning_rate": 0.01271404854297565,
    "lgb_num_leaves": 24,
    "lgb_subsample": 0.8451419589945072,
    "lgb_colsample_bytree": 0.7531347132260686,
    "lgb_reg_alpha": 0.00029851388984146964,
    "lgb_reg_lambda": 0.00017532463319791712,
    "lgb_min_data_in_leaf": 90,
    "lgb_feature_fraction_bynode": 0.8956227746915882,
    "lgb_bagging_freq": 7,
    "lgb_min_gain_to_split": 0.35287405956972284,
    "cat_iterations": 232,
    "cat_depth": 3,
    "cat_learning_rate": 0.09561056472747766,
    "cat_l2_leaf_reg": 9.280578258018817,
    "cat_subsample": 0.8839975782247979,
    "cat_rsm": 0.5357781522080407,
    "cat_border_count": 25,
    "cat_random_strength": 3.7510507618701485,
    "cat_leaf_estimation_iterations": 20,
    "cat_bootstrap_type": "Bayesian"
  },
  "best_trial": {
    "number": 1297,
    "value": 55.211702469385415,
    "state": "1"
  },
  "n_trials": 1378,
  "pruned_count": 0,
  "avg_trial_time": 189.65172371023965,
  "top_k_trials": [
    {
      "number": 1297,
      "value": 55.211702469385415,
      "params": {
        "enable_external_features": false,
        "enable_fingpt_features": true,
        "enable_yolo_features": false,
        "enable_directional_loss": false,
        "enable_seed_bagging": false,
        "enable_talib_patterns": true,
        "enable_smart_ensemble": true,
        "enable_stacked_short": false,
        "enable_meta_stacking": false,
        "enable_regime_detection": false,
        "enable_fingpt": true,
        "model_choice": "all",
        "ml_adaptive_k_1d": 2.874520308414824,
        "ml_pattern_weight_scale_1d": 0.8010120564409183,
        "enable_talib_patterns_short": true,
        "external_min_days": 46,
        "external_smooth_alpha": 0.26904956459932267,
        "smart_consensus_weight": 0.5009101013472824,
        "smart_performance_weight": 0.6599390481955997,
        "smart_sigma": 0.001468229307475265,
        "smart_weight_xgb": 0.6462856556760421,
        "smart_weight_lgbm": 0.5381951973724398,
        "smart_weight_cat": 1.4643487605806016,
        "fingpt_confidence_threshold": 0.27268942087801123,
        "xgb_n_estimators": 286,
        "xgb_max_depth": 5,
        "xgb_learning_rate": 0.087991523056899,
        "xgb_subsample": 0.7886240567285216,
        "xgb_colsample_bytree": 0.5990948846436684,
        "xgb_reg_alpha": 0.010624389410270923,
        "xgb_reg_lambda": 0.007857591166859947,
        "xgb_min_child_weight": 11,
        "xgb_gamma": 0.07790216526314898,
        "xgb_grow_policy": "depthwise",
        "xgb_tree_method": "hist",
        "xgb_max_bin": 434,
        "lgb_n_estimators": 207,
        "lgb_max_depth": 5,
        "lgb_learning_rate": 0.01271404854297565,
        "lgb_num_leaves": 24,
        "lgb_subsample": 0.8451419589945072,
        "lgb_colsample_bytree": 0.7531347132260686,
        "lgb_reg_alpha": 0.00029851388984146964,
        "lgb_reg_lambda": 0.00017532463319791712,
        "lgb_min_data_in_leaf": 90,
        "lgb_feature_fraction_bynode": 0.8956227746915882,
        "lgb_bagging_freq": 7,
        "lgb_min_gain_to_split": 0.35287405956972284,
        "cat_iterations": 232,
        "cat_depth": 3,
        "cat_learning_rate": 0.09561056472747766,
        "cat_l2_leaf_reg": 9.280578258018817,
        "cat_subsample": 0.8839975782247979,
        "cat_rsm": 0.5357781522080407,
        "cat_border_count": 25,
        "cat_random_strength": 3.7510507618701485,
        "cat_leaf_estimation_iterations": 20,
        "cat_bootstrap_type": "Bayesian"
      },
      "attrs": {
        "avg_dirhit": 87.5,
        "avg_nrmse": 1.0063829217690958,
        "model_choice": "all"
      },
      "state": "1"
    },
    {
      "number": 1284,
      "value": 52.26840521418962,
      "params": {
        "enable_external_features": false,
        "enable_fingpt_features": true,
        "enable_yolo_features": false,
        "enable_directional_loss": false,
        "enable_seed_bagging": false,
        "enable_talib_patterns": false,
        "enable_smart_ensemble": true,
        "enable_stacked_short": false,
        "enable_meta_stacking": false,
        "enable_regime_detection": false,
        "enable_fingpt": true,
        "model_choice": "all",
        "ml_adaptive_k_1d": 2.7621058280874364,
        "ml_pattern_weight_scale_1d": 0.7950038145615878,
        "enable_talib_patterns_short": true,
        "external_min_days": 45,
        "external_smooth_alpha": 0.28836433771342673,
        "smart_consensus_weight": 0.4648088764378753,
        "smart_performance_weight": 0.5942712327726745,
        "smart_sigma": 0.001824348941146483,
        "smart_weight_xgb": 0.6574997124368348,
        "smart_weight_lgbm": 0.5627366428310744,
        "smart_weight_cat": 1.4169108670032982,
        "fingpt_confidence_threshold": 0.25666677674673816,
        "xgb_n_estimators": 333,
        "xgb_max_depth": 5,
        "xgb_learning_rate": 0.08524285147254096,
        "xgb_subsample": 0.7845888490716324,
        "xgb_colsample_bytree": 0.5903008997715672,
        "xgb_reg_alpha": 0.0061798815993914045,
        "xgb_reg_lambda": 0.009930822592279006,
        "xgb_min_child_weight": 11,
        "xgb_gamma": 0.09136975542888216,
        "xgb_grow_policy": "depthwise",
        "xgb_tree_method": "hist",
        "xgb_max_bin": 443,
        "lgb_n_estimators": 213,
        "lgb_max_depth": 5,
        "lgb_learning_rate": 0.01345849228802981,
        "lgb_num_leaves": 22,
        "lgb_subsample": 0.818923111214263,
        "lgb_colsample_bytree": 0.7333888611183772,
        "lgb_reg_alpha": 0.00014036840907257796,
        "lgb_reg_lambda": 0.0002270811519846552,
        "lgb_min_data_in_leaf": 89,
        "lgb_feature_fraction_bynode": 0.8679591661265875,
        "lgb_bagging_freq": 8,
        "lgb_min_gain_to_split": 0.36053499407587725,
        "cat_iterations": 262,
        "cat_depth": 3,
        "cat_learning_rate": 0.07508887579165,
        "cat_l2_leaf_reg": 9.408158550380998,
        "cat_subsample": 0.8839852615982506,
        "cat_rsm": 0.5262759397139867,
        "cat_border_count": 21,
        "cat_random_strength": 3.920927961624998,
        "cat_leaf_estimation_iterations": 20,
        "cat_bootstrap_type": "Bayesian"
      },
      "attrs": {
        "avg_dirhit": 83.33333333333334,
        "avg_nrmse": 1.010821353190619,
        "model_choice": "all"
      },
      "state": "1"
    },
    {
      "number": 609,
      "value": 50.97320912846045,