{
  "best_value": 52.38213470645003,
  "best_dirhit": 83.75,
  "best_params": {
    "enable_external_features": true,
    "enable_fingpt_features": false,
    "enable_yolo_features": true,
    "enable_directional_loss": true,
    "enable_seed_bagging": true,
    "enable_talib_patterns": false,
    "enable_smart_ensemble": false,
    "enable_stacked_short": false,
    "enable_meta_stacking": true,
    "enable_regime_detection": true,
    "enable_fingpt": false,
    "model_choice": "all",
    "ml_loss_mse_weight": 0.4026666330942218,
    "ml_loss_threshold": 0.0013454273368508532,
    "ml_dir_penalty": 4.000292677942571,
    "n_seeds": 3,
    "meta_stacking_alpha": 0.09445816641371423,
    "ml_adaptive_k_1d": 1.7619101839702827,
    "ml_pattern_weight_scale_1d": 1.5789381820967385,
    "enable_talib_patterns_short": false,
    "external_min_days": 57,
    "external_smooth_alpha": 0.4647834674265449,
    "regime_scale_low": 0.9254382753769467,
    "regime_scale_high": 1.0452292260851521,
    "yolo_min_conf": 0.5898404027142428,
    "xgb_n_estimators": 338,
    "xgb_max_depth": 3,
    "xgb_learning_rate": 0.13625750070872034,
    "xgb_subsample": 0.8362706425960623,
    "xgb_colsample_bytree": 0.7018732614733266,
    "xgb_reg_alpha": 0.0001959669091953951,
    "xgb_reg_lambda": 0.14029282640751084,
    "xgb_min_child_weight": 12,
    "xgb_gamma": 0.01576769449085048,
    "xgb_grow_policy": "depthwise",
    "xgb_tree_method": "hist",
    "xgb_max_bin": 128,
    "lgb_n_estimators": 276,
    "lgb_max_depth": 4,
    "lgb_learning_rate": 0.025678798104035252,
    "lgb_num_leaves": 56,
    "lgb_subsample": 0.5213772750780802,
    "lgb_colsample_bytree": 0.5417396736666007,
    "lgb_reg_alpha": 0.003653157440059868,
    "lgb_reg_lambda": 0.011263460580651495,
    "lgb_min_data_in_leaf": 10,
    "lgb_feature_fraction_bynode": 0.673628298131492,
    "lgb_bagging_freq": 0,
    "lgb_min_gain_to_split": 0.9209318536028178,
    "cat_iterations": 329,
    "cat_depth": 8,
    "cat_learning_rate": 0.16767816262463622,
    "cat_l2_leaf_reg": 2.202756172556496,
    "cat_subsample": 0.8585287283497375,
    "cat_rsm": 0.8521360235522,
    "cat_border_count": 219,
    "cat_random_strength": 1.9807475479032792,
    "cat_leaf_estimation_iterations": 20,
    "cat_bootstrap_type": "No"
  },
  "best_trial": {
    "number": 1141,
    "value": 52.38213470645003,
    "state": "1"
  },
  "n_trials": 1329,
  "pruned_count": 0,
  "avg_trial_time": 196.59544037424698,
  "top_k_trials": [
    {
      "number": 1141,
      "value": 52.38213470645003,
      "params": {
        "enable_external_features": true,
        "enable_fingpt_features": false,
        "enable_yolo_features": true,
        "enable_directional_loss": true,
        "enable_seed_bagging": true,
        "enable_talib_patterns": false,
        "enable_smart_ensemble": false,
        "enable_stacked_short": false,
        "enable_meta_stacking": true,
        "enable_regime_detection": true,
        "enable_fingpt": false,
        "model_choice": "all",
        "ml_loss_mse_weight": 0.4026666330942218,
        "ml_loss_threshold": 0.0013454273368508532,
        "ml_dir_penalty": 4.000292677942571,
        "n_seeds": 3,
        "meta_stacking_alpha": 0.09445816641371423,
        "ml_adaptive_k_1d": 1.7619101839702827,
        "ml_pattern_weight_scale_1d": 1.5789381820967385,
        "enable_talib_patterns_short": false,
        "external_min_days": 57,
        "external_smooth_alpha": 0.4647834674265449,
        "regime_scale_low": 0.9254382753769467,
        "regime_scale_high": 1.0452292260851521,
        "yolo_min_conf": 0.5898404027142428,
        "xgb_n_estimators": 338,
        "xgb_max_depth": 3,
        "xgb_learning_rate": 0.13625750070872034,
        "xgb_subsample": 0.8362706425960623,
        "xgb_colsample_bytree": 0.7018732614733266,
        "xgb_reg_alpha": 0.0001959669091953951,
        "xgb_reg_lambda": 0.14029282640751084,
        "xgb_min_child_weight": 12,
        "xgb_gamma": 0.01576769449085048,
        "xgb_grow_policy": "depthwise",
        "xgb_tree_method": "hist",
        "xgb_max_bin": 128,
        "lgb_n_estimators": 276,
        "lgb_max_depth": 4,
        "lgb_learning_rate": 0.025678798104035252,
        "lgb_num_leaves": 56,
        "lgb_subsample": 0.5213772750780802,
        "lgb_colsample_bytree": 0.5417396736666007,
        "lgb_reg_alpha": 0.003653157440059868,
        "lgb_reg_lambda": 0.011263460580651495,
        "lgb_min_data_in_leaf": 10,
        "lgb_feature_fraction_bynode": 0.673628298131492,
        "lgb_bagging_freq": 0,
        "lgb_min_gain_to_split": 0.9209318536028178,
        "cat_iterations": 329,
        "cat_depth": 8,
        "cat_learning_rate": 0.16767816262463622,
        "cat_l2_leaf_reg": 2.202756172556496,
        "cat_subsample": 0.8585287283497375,
        "cat_rsm": 0.8521360235522,
        "cat_border_count": 219,
        "cat_random_strength": 1.9807475479032792,
        "cat_leaf_estimation_iterations": 20,
        "cat_bootstrap_type": "No"
      },
      "attrs": {
        "avg_dirhit": 83.75,
        "avg_nrmse": 1.0404775489249936,
        "model_choice": "all"
      },
      "state": "1"
    },
    {
      "number": 958,
      "value": 51.06497815255946,
      "params": {
        "enable_external_features": true,
        "enable_fingpt_features": false,
        "enable_yolo_features": true,
        "enable_directional_loss": true,
        "enable_seed_bagging": true,
        "enable_talib_patterns": false,
        "enable_smart_ensemble": false,
        "enable_stacked_short": false,
        "enable_meta_stacking": true,
        "enable_regime_detection": true,
        "enable_fingpt": false,
        "model_choice": "all",
        "ml_loss_mse_weight": 0.3046817385892866,
        "ml_loss_threshold": 0.00131182764035383,
        "ml_dir_penalty": 3.4844986151908546,
        "n_seeds": 3,
        "meta_stacking_alpha": 0.2732737184510703,
        "ml_adaptive_k_1d": 1.935384211604218,
        "ml_pattern_weight_scale_1d": 0.5719685603208456,
        "enable_talib_patterns_short": false,
        "external_min_days": 22,
        "external_smooth_alpha": 0.49177695931385973,
        "regime_scale_low": 0.9427316596476426,
        "regime_scale_high": 1.1181144317848217,
        "yolo_min_conf": 0.6137889414455163,
        "xgb_n_estimators": 343,
        "xgb_max_depth": 3,
        "xgb_learning_rate": 0.14356310654507576,
        "xgb_subsample": 0.7040658867621575,
        "xgb_colsample_bytree": 0.7278861928106253,
        "xgb_reg_alpha": 0.00031978209031368395,
        "xgb_reg_lambda": 0.1776516733024742,
        "xgb_min_child_weight": 11,
        "xgb_gamma": 0.021284807650875995,
        "xgb_grow_policy": "depthwise",
        "xgb_tree_method": "hist",
        "xgb_max_bin": 223,
        "lgb_n_estimators": 296,
        "lgb_max_depth": 4,
        "lgb_learning_rate": 0.025392193989470326,
        "lgb_num_leaves": 58,
        "lgb_subsample": 0.5094236905374785,
        "lgb_colsample_bytree": 0.5763923278093769,
        "lgb_reg_alpha": 0.0017819043160662617,
        "lgb_reg_lambda": 0.04006761063020076,
        "lgb_min_data_in_leaf": 10,
        "lgb_feature_fraction_bynode": 0.6362824729304695,
        "lgb_bagging_freq": 10,
        "lgb_min_gain_to_split": 0.27408550028637707,
        "cat_iterations": 566,
        "cat_depth": 8,
        "cat_learning_rate": 0.1364371058769594,
        "cat_l2_leaf_reg": 2.5377539645266505,
        "cat_subsample": 0.6251544624180907,
        "cat_rsm": 0.8495293096997227,
        "cat_border_count": 230,
        "cat_random_strength": 4.2163895925668635,
        "cat_leaf_estimation_iterations": 20,
        "cat_bootstrap_type": "No"
      },
      "attrs": {
        "avg_dirhit": 81.38888888888889,
        "avg_nrmse": 0.9845406782771252,
        "model_choice": "all"
      },
      "state": "1"
    },
    {
      "number": 500,
      "value": 50.08361966829654,