{
  "best_value": 61.074545584015354,
  "best_dirhit": 95.83333333333334,
  "best_params": {
    "enable_external_features": true,
    "enable_fingpt_features": false,
    "enable_yolo_features": false,
    "enable_directional_loss": false,
    "enable_seed_bagging": false,
    "enable_talib_patterns": false,
    "enable_smart_ensemble": true,
    "enable_stacked_short": false,
    "enable_meta_stacking": false,
    "enable_regime_detection": false,
    "enable_fingpt": true,
    "model_choice": "all",
    "ml_adaptive_k_1d": 2.9657898991779166,
    "ml_pattern_weight_scale_1d": 1.9932436750506428,
    "enable_talib_patterns_short": false,
    "external_min_days": 43,
    "external_smooth_alpha": 0.1852611936981578,
    "smart_consensus_weight": 0.7999128231238541,
    "smart_performance_weight": 0.6135896136473024,
    "smart_sigma": 0.0034511072666800076,
    "smart_weight_xgb": 1.3162969461095197,
    "smart_weight_lgbm": 1.2100915641856658,
    "smart_weight_cat": 1.044021880636692,
    "xgb_n_estimators": 534,
    "xgb_max_depth": 3,
    "xgb_learning_rate": 0.08029474434408722,
    "xgb_subsample": 0.6657750733212543,
    "xgb_colsample_bytree": 0.6068637006357854,
    "xgb_reg_alpha": 0.01169175740935373,
    "xgb_reg_lambda": 8.160735463939712,
    "xgb_min_child_weight": 10,
    "xgb_gamma": 0.06838963379669055,
    "xgb_grow_policy": "depthwise",
    "xgb_tree_method": "hist",
    "xgb_max_bin": 163,
    "lgb_n_estimators": 537,
    "lgb_max_depth": 7,
    "lgb_learning_rate": 0.014629092531627669,
    "lgb_num_leaves": 42,
    "lgb_subsample": 0.792129594002183,
    "lgb_colsample_bytree": 0.5519831508428614,
    "lgb_reg_alpha": 0.0025761012528936395,
    "lgb_reg_lambda": 0.1407590749222157,
    "lgb_min_data_in_leaf": 69,
    "lgb_feature_fraction_bynode": 0.7817649755832364,
    "lgb_bagging_freq": 5,
    "lgb_min_gain_to_split": 0.8614365024824914,
    "cat_iterations": 142,
    "cat_depth": 2,
    "cat_learning_rate": 0.011214040204455721,
    "cat_l2_leaf_reg": 8.690860837260502,
    "cat_subsample": 0.867788617519664,
    "cat_rsm": 0.5590652188174217,
    "cat_border_count": 149,
    "cat_random_strength": 0.529673210105176,
    "cat_leaf_estimation_iterations": 4,
    "cat_bootstrap_type": "MVS"
  },
  "best_trial": {
    "number": 1310,
    "value": 61.074545584015354,
    "state": "1"
  },
  "n_trials": 1385,
  "pruned_count": 0,
  "avg_trial_time": 188.57066108453756,
  "top_k_trials": [
    {
      "number": 1310,
      "value": 61.074545584015354,
      "params": {
        "enable_external_features": true,
        "enable_fingpt_features": false,
        "enable_yolo_features": false,
        "enable_directional_loss": false,
        "enable_seed_bagging": false,
        "enable_talib_patterns": false,
        "enable_smart_ensemble": true,
        "enable_stacked_short": false,
        "enable_meta_stacking": false,
        "enable_regime_detection": false,
        "enable_fingpt": true,
        "model_choice": "all",
        "ml_adaptive_k_1d": 2.9657898991779166,
        "ml_pattern_weight_scale_1d": 1.9932436750506428,
        "enable_talib_patterns_short": false,
        "external_min_days": 43,
        "external_smooth_alpha": 0.1852611936981578,
        "smart_consensus_weight": 0.7999128231238541,
        "smart_performance_weight": 0.6135896136473024,
        "smart_sigma": 0.0034511072666800076,
        "smart_weight_xgb": 1.3162969461095197,
        "smart_weight_lgbm": 1.2100915641856658,
        "smart_weight_cat": 1.044021880636692,
        "xgb_n_estimators": 534,
        "xgb_max_depth": 3,
        "xgb_learning_rate": 0.08029474434408722,
        "xgb_subsample": 0.6657750733212543,
        "xgb_colsample_bytree": 0.6068637006357854,
        "xgb_reg_alpha": 0.01169175740935373,
        "xgb_reg_lambda": 8.160735463939712,
        "xgb_min_child_weight": 10,
        "xgb_gamma": 0.06838963379669055,
        "xgb_grow_policy": "depthwise",
        "xgb_tree_method": "hist",
        "xgb_max_bin": 163,
        "lgb_n_estimators": 537,
        "lgb_max_depth": 7,
        "lgb_learning_rate": 0.014629092531627669,
        "lgb_num_leaves": 42,
        "lgb_subsample": 0.792129594002183,
        "lgb_colsample_bytree": 0.5519831508428614,
        "lgb_reg_alpha": 0.0025761012528936395,
        "lgb_reg_lambda": 0.1407590749222157,
        "lgb_min_data_in_leaf": 69,
        "lgb_feature_fraction_bynode": 0.7817649755832364,
        "lgb_bagging_freq": 5,
        "lgb_min_gain_to_split": 0.8614365024824914,
        "cat_iterations": 142,
        "cat_depth": 2,
        "cat_learning_rate": 0.011214040204455721,
        "cat_l2_leaf_reg": 8.690860837260502,
        "cat_subsample": 0.867788617519664,
        "cat_rsm": 0.5590652188174217,
        "cat_border_count": 149,
        "cat_random_strength": 0.529673210105176,
        "cat_leaf_estimation_iterations": 4,
        "cat_bootstrap_type": "MVS"
      },
      "attrs": {
        "avg_dirhit": 95.83333333333334,
        "avg_nrmse": 1.001464624886332,
        "model_choice": "all"
      },
      "state": "1"
    },
    {
      "number": 1225,
      "value": 59.60861626948685,
      "params": {
        "enable_external_features": true,
        "enable_fingpt_features": true,
        "enable_yolo_features": false,
        "enable_directional_loss": false,
        "enable_seed_bagging": false,
        "enable_talib_patterns": false,
        "enable_smart_ensemble": true,
        "enable_stacked_short": false,
        "enable_meta_stacking": false,
        "enable_regime_detection": false,
        "enable_fingpt": true,
        "model_choice": "all",
        "ml_adaptive_k_1d": 2.953620401406204,
        "ml_pattern_weight_scale_1d": 1.6858446052104505,
        "enable_talib_patterns_short": true,
        "external_min_days": 42,
        "external_smooth_alpha": 0.18782337776734082,
        "smart_consensus_weight": 0.7819377350495299,
        "smart_performance_weight": 0.5574383890570694,
        "smart_sigma": 0.0029719240594925276,
        "smart_weight_xgb": 1.465432703951896,
        "smart_weight_lgbm": 1.1139076257497509,
        "smart_weight_cat": 1.1241403026841321,
        "fingpt_confidence_threshold": 0.2822403110187911,
        "xgb_n_estimators": 478,
        "xgb_max_depth": 3,
        "xgb_learning_rate": 0.014048221732964444,
        "xgb_subsample": 0.6647986861136254,
        "xgb_colsample_bytree": 0.6143814573182088,
        "xgb_reg_alpha": 0.010468530648082647,
        "xgb_reg_lambda": 16.953260474384226,
        "xgb_min_child_weight": 10,
        "xgb_gamma": 0.08263352571870612,
        "xgb_grow_policy": "depthwise",
        "xgb_tree_method": "hist",
        "xgb_max_bin": 317,
        "lgb_n_estimators": 491,
        "lgb_max_depth": 7,
        "lgb_learning_rate": 0.014401637112078623,
        "lgb_num_leaves": 43,
        "lgb_subsample": 0.8166045463626236,
        "lgb_colsample_bytree": 0.5604414652035653,
        "lgb_reg_alpha": 0.012169627679431496,
        "lgb_reg_lambda": 0.23489078227832016,
        "lgb_min_data_in_leaf": 65,
        "lgb_feature_fraction_bynode": 0.7653540705269509,
        "lgb_bagging_freq": 5,
        "lgb_min_gain_to_split": 0.46040559040155393,
        "cat_iterations": 160,
        "cat_depth": 4,
        "cat_learning_rate": 0.01175866060164608,
        "cat_l2_leaf_reg": 8.06249879992517,
        "cat_subsample": 0.8798868222764393,
        "cat_rsm": 0.7605638221509912,
        "cat_border_count": 162,
        "cat_random_strength": 0.1061714325400442,
        "cat_leaf_estimation_iterations": 17,
        "cat_bootstrap_type": "MVS"
      },
      "attrs": {
        "avg_dirhit": 93.75,
        "avg_nrmse": 1.0027306217521912,
        "model_choice": "all"
      },
      "state": "1"
    },
    {
      "number": 1274,
      "value": 59.60328791609386,
      "params": {
        "enable_external_features": true,
        "enable_fingpt_features": false,
        "enable_yolo_features": false,