{
  "best_value": 46.946838790797784,
  "best_dirhit": 75.7858187134503,
  "best_params": {
    "enable_external_features": true,
    "enable_fingpt_features": false,
    "enable_yolo_features": true,
    "enable_directional_loss": false,
    "enable_seed_bagging": false,
    "enable_talib_patterns": true,
    "enable_smart_ensemble": true,
    "enable_stacked_short": true,
    "enable_meta_stacking": true,
    "enable_regime_detection": true,
    "enable_fingpt": false,
    "model_choice": "all",
    "meta_stacking_alpha": 0.3226719792003364,
    "ml_adaptive_k_1d": 2.422057744503827,
    "ml_pattern_weight_scale_1d": 1.5851375431602395,
    "enable_talib_patterns_short": true,
    "external_min_days": 53,
    "external_smooth_alpha": 0.27393876222335317,
    "regime_scale_low": 0.8095970388055922,
    "regime_scale_high": 1.162061548966313,
    "yolo_min_conf": 0.5225427806244257,
    "smart_consensus_weight": 0.43786709012523267,
    "smart_performance_weight": 0.682583288801516,
    "smart_sigma": 0.007613295714658084,
    "smart_weight_xgb": 1.4977258023298468,
    "smart_weight_lgbm": 0.5375196017620861,
    "smart_weight_cat": 1.4516589654140961,
    "xgb_n_estimators": 467,
    "xgb_max_depth": 3,
    "xgb_learning_rate": 0.11231059697357497,
    "xgb_subsample": 0.593963689138949,
    "xgb_colsample_bytree": 0.7272021423203169,
    "xgb_reg_alpha": 0.16110410949937717,
    "xgb_reg_lambda": 0.15842863824026437,
    "xgb_min_child_weight": 6,
    "xgb_gamma": 0.05071422212835135,
    "xgb_grow_policy": "lossguide",
    "xgb_tree_method": "hist",
    "xgb_max_bin": 431,
    "lgb_n_estimators": 137,
    "lgb_max_depth": 2,
    "lgb_learning_rate": 0.0351387130352198,
    "lgb_num_leaves": 10,
    "lgb_subsample": 0.8044538052255482,
    "lgb_colsample_bytree": 0.6096392920586396,
    "lgb_reg_alpha": 6.742626543585168e-06,
    "lgb_reg_lambda": 0.0032278066925893896,
    "lgb_min_data_in_leaf": 35,
    "lgb_feature_fraction_bynode": 0.6651661911074874,
    "lgb_bagging_freq": 5,
    "lgb_min_gain_to_split": 0.5471493859619742,
    "cat_iterations": 130,
    "cat_depth": 2,
    "cat_learning_rate": 0.010035111385667976,
    "cat_l2_leaf_reg": 7.420114375906358,
    "cat_subsample": 0.9261269991698368,
    "cat_rsm": 0.7000418715677917,
    "cat_border_count": 249,
    "cat_random_strength": 2.55165136781132,
    "cat_leaf_estimation_iterations": 5,
    "cat_bootstrap_type": "No"
  },
  "best_trial": {
    "number": 453,
    "value": 46.946838790797784,
    "state": "1"
  },
  "n_trials": 1340,
  "pruned_count": 0,
  "avg_trial_time": 194.97101854891713,
  "top_k_trials": [
    {
      "number": 453,
      "value": 46.946838790797784,
      "params": {
        "enable_external_features": true,
        "enable_fingpt_features": false,
        "enable_yolo_features": true,
        "enable_directional_loss": false,
        "enable_seed_bagging": false,
        "enable_talib_patterns": true,
        "enable_smart_ensemble": true,
        "enable_stacked_short": true,
        "enable_meta_stacking": true,
        "enable_regime_detection": true,
        "enable_fingpt": false,
        "model_choice": "all",
        "meta_stacking_alpha": 0.3226719792003364,
        "ml_adaptive_k_1d": 2.422057744503827,
        "ml_pattern_weight_scale_1d": 1.5851375431602395,
        "enable_talib_patterns_short": true,
        "external_min_days": 53,
        "external_smooth_alpha": 0.27393876222335317,
        "regime_scale_low": 0.8095970388055922,
        "regime_scale_high": 1.162061548966313,
        "yolo_min_conf": 0.5225427806244257,
        "smart_consensus_weight": 0.43786709012523267,
        "smart_performance_weight": 0.682583288801516,
        "smart_sigma": 0.007613295714658084,
        "smart_weight_xgb": 1.4977258023298468,
        "smart_weight_lgbm": 0.5375196017620861,
        "smart_weight_cat": 1.4516589654140961,
        "xgb_n_estimators": 467,
        "xgb_max_depth": 3,
        "xgb_learning_rate": 0.11231059697357497,
        "xgb_subsample": 0.593963689138949,
        "xgb_colsample_bytree": 0.7272021423203169,
        "xgb_reg_alpha": 0.16110410949937717,
        "xgb_reg_lambda": 0.15842863824026437,
        "xgb_min_child_weight": 6,
        "xgb_gamma": 0.05071422212835135,
        "xgb_grow_policy": "lossguide",
        "xgb_tree_method": "hist",
        "xgb_max_bin": 431,
        "lgb_n_estimators": 137,
        "lgb_max_depth": 2,
        "lgb_learning_rate": 0.0351387130352198,
        "lgb_num_leaves": 10,
        "lgb_subsample": 0.8044538052255482,
        "lgb_colsample_bytree": 0.6096392920586396,
        "lgb_reg_alpha": 6.742626543585168e-06,
        "lgb_reg_lambda": 0.0032278066925893896,
        "lgb_min_data_in_leaf": 35,
        "lgb_feature_fraction_bynode": 0.6651661911074874,
        "lgb_bagging_freq": 5,
        "lgb_min_gain_to_split": 0.5471493859619742,
        "cat_iterations": 130,
        "cat_depth": 2,
        "cat_learning_rate": 0.010035111385667976,
        "cat_l2_leaf_reg": 7.420114375906358,
        "cat_subsample": 0.9261269991698368,
        "cat_rsm": 0.7000418715677917,
        "cat_border_count": 249,
        "cat_random_strength": 2.55165136781132,
        "cat_leaf_estimation_iterations": 5,
        "cat_bootstrap_type": "No"
      },
      "attrs": {
        "avg_dirhit": 75.7858187134503,
        "avg_nrmse": 1.0172057181029042,
        "model_choice": "all"
      },
      "state": "1"
    },
    {
      "number": 586,
      "value": 46.47188522531795,
      "params": {
        "enable_external_features": true,
        "enable_fingpt_features": true,
        "enable_yolo_features": true,
        "enable_directional_loss": false,
        "enable_seed_bagging": false,
        "enable_talib_patterns": true,
        "enable_smart_ensemble": false,
        "enable_stacked_short": true,
        "enable_meta_stacking": true,
        "enable_regime_detection": true,
        "enable_fingpt": false,
        "model_choice": "all",
        "meta_stacking_alpha": 0.02739587329137845,
        "ml_adaptive_k_1d": 2.5376659459786586,
        "ml_pattern_weight_scale_1d": 1.6808449624268935,
        "enable_talib_patterns_short": false,
        "external_min_days": 43,
        "external_smooth_alpha": 0.49981813108098955,
        "regime_scale_low": 0.8758828353005733,
        "regime_scale_high": 1.137031186261743,
        "yolo_min_conf": 0.5305171703856127,
        "fingpt_confidence_threshold": 0.25395473177890804,
        "xgb_n_estimators": 181,
        "xgb_max_depth": 3,
        "xgb_learning_rate": 0.10521486885692158,
        "xgb_subsample": 0.5921131230764727,
        "xgb_colsample_bytree": 0.7803472845609316,
        "xgb_reg_alpha": 0.6506238715440912,
        "xgb_reg_lambda": 0.013307621849822938,
        "xgb_min_child_weight": 5,
        "xgb_gamma": 0.03553384063853599,
        "xgb_grow_policy": "depthwise",
        "xgb_tree_method": "hist",
        "xgb_max_bin": 314,
        "lgb_n_estimators": 201,
        "lgb_max_depth": 2,
        "lgb_learning_rate": 0.039554402749831914,
        "lgb_num_leaves": 26,
        "lgb_subsample": 0.8531507569478454,
        "lgb_colsample_bytree": 0.6502959249562842,
        "lgb_reg_alpha": 5.808535357047388e-06,
        "lgb_reg_lambda": 0.007422827434218103,
        "lgb_min_data_in_leaf": 93,
        "lgb_feature_fraction_bynode": 0.6998657037185556,
        "lgb_bagging_freq": 6,
        "lgb_min_gain_to_split": 0.5268375325467145,
        "cat_iterations": 289,
        "cat_depth": 2,
        "cat_learning_rate": 0.0359138292586527,
        "cat_l2_leaf_reg": 6.851580279477679,
        "cat_subsample": 0.9211839242456156,
        "cat_rsm": 0.9498496813282328,
        "cat_border_count": 115,
        "cat_random_strength": 1.6991862098869457,
        "cat_leaf_estimation_iterations": 6,
        "cat_bootstrap_type": "No"
      },
      "attrs": {
        "avg_dirhit": 75.43290043290042,
        "avg_nrmse": 1.055190846285391,