{
  "best_value": 56.23400316798644,
  "best_dirhit": 57.291666666666664,
  "best_params": {
    "enable_external_features": false,
    "enable_fingpt_features": true,
    "enable_yolo_features": false,
    "enable_directional_loss": false,
    "enable_seed_bagging": false,
    "enable_talib_patterns": false,
    "enable_smart_ensemble": true,
    "enable_stacked_short": false,
    "enable_meta_stacking": false,
    "enable_regime_detection": true,
    "enable_fingpt": false,
    "model_choice": "all",
    "ml_adaptive_k_1d": 1.2275929512710764,
    "ml_pattern_weight_scale_1d": 1.5664635270663638,
    "enable_talib_patterns_short": true,
    "external_min_days": 46,
    "external_smooth_alpha": 0.21051384409423032,
    "regime_scale_low": 0.9035158543489171,
    "regime_scale_high": 1.052046825940129,
    "smart_consensus_weight": 0.7997386502059187,
    "smart_performance_weight": 0.406922711156136,
    "smart_sigma": 0.003608870442531771,
    "smart_weight_xgb": 0.9594093326897671,
    "smart_weight_lgbm": 0.5011081919869439,
    "smart_weight_cat": 0.6034900937683481,
    "fingpt_confidence_threshold": 0.4987133887952674,
    "xgb_n_estimators": 402,
    "xgb_max_depth": 5,
    "xgb_learning_rate": 0.014163134837435051,
    "xgb_subsample": 0.7729241686150186,
    "xgb_colsample_bytree": 0.5678367029296094,
    "xgb_reg_alpha": 0.0011011832707361843,
    "xgb_reg_lambda": 0.028649380939106493,
    "xgb_min_child_weight": 13,
    "xgb_gamma": 0.27954439603938,
    "xgb_grow_policy": "lossguide",
    "xgb_tree_method": "hist",
    "xgb_max_bin": 308,
    "lgb_n_estimators": 439,
    "lgb_max_depth": 8,
    "lgb_learning_rate": 0.05397055361674856,
    "lgb_num_leaves": 18,
    "lgb_subsample": 0.8625021131731448,
    "lgb_colsample_bytree": 0.7759431652339183,
    "lgb_reg_alpha": 2.7162205424104253e-05,
    "lgb_reg_lambda": 0.017034125098363155,
    "lgb_min_data_in_leaf": 78,
    "lgb_feature_fraction_bynode": 0.6843836537063349,
    "lgb_bagging_freq": 7,
    "lgb_min_gain_to_split": 0.9645081243869157,
    "cat_iterations": 272,
    "cat_depth": 7,
    "cat_learning_rate": 0.0437072850708315,
    "cat_l2_leaf_reg": 9.193855382214108,
    "cat_subsample": 0.9273379758758706,
    "cat_rsm": 0.7008259750386494,
    "cat_border_count": 96,
    "cat_random_strength": 3.844371145347864,
    "cat_leaf_estimation_iterations": 8,
    "cat_bootstrap_type": "No"
  },
  "best_trial": {
    "number": 324,
    "value": 56.23400316798644,
    "state": "1"
  },
  "n_trials": 1377,
  "pruned_count": 0,
  "avg_trial_time": 189.71044235755812,
  "top_k_trials": [
    {
      "number": 324,
      "value": 56.23400316798644,
      "params": {
        "enable_external_features": false,
        "enable_fingpt_features": true,
        "enable_yolo_features": false,
        "enable_directional_loss": false,
        "enable_seed_bagging": false,
        "enable_talib_patterns": false,
        "enable_smart_ensemble": true,
        "enable_stacked_short": false,
        "enable_meta_stacking": false,
        "enable_regime_detection": true,
        "enable_fingpt": false,
        "model_choice": "all",
        "ml_adaptive_k_1d": 1.2275929512710764,
        "ml_pattern_weight_scale_1d": 1.5664635270663638,
        "enable_talib_patterns_short": true,
        "external_min_days": 46,
        "external_smooth_alpha": 0.21051384409423032,
        "regime_scale_low": 0.9035158543489171,
        "regime_scale_high": 1.052046825940129,
        "smart_consensus_weight": 0.7997386502059187,
        "smart_performance_weight": 0.406922711156136,
        "smart_sigma": 0.003608870442531771,
        "smart_weight_xgb": 0.9594093326897671,
        "smart_weight_lgbm": 0.5011081919869439,
        "smart_weight_cat": 0.6034900937683481,
        "fingpt_confidence_threshold": 0.4987133887952674,
        "xgb_n_estimators": 402,
        "xgb_max_depth": 5,
        "xgb_learning_rate": 0.014163134837435051,
        "xgb_subsample": 0.7729241686150186,
        "xgb_colsample_bytree": 0.5678367029296094,
        "xgb_reg_alpha": 0.0011011832707361843,
        "xgb_reg_lambda": 0.028649380939106493,
        "xgb_min_child_weight": 13,
        "xgb_gamma": 0.27954439603938,
        "xgb_grow_policy": "lossguide",
        "xgb_tree_method": "hist",
        "xgb_max_bin": 308,
        "lgb_n_estimators": 439,
        "lgb_max_depth": 8,
        "lgb_learning_rate": 0.05397055361674856,
        "lgb_num_leaves": 18,
        "lgb_subsample": 0.8625021131731448,
        "lgb_colsample_bytree": 0.7759431652339183,
        "lgb_reg_alpha": 2.7162205424104253e-05,
        "lgb_reg_lambda": 0.017034125098363155,
        "lgb_min_data_in_leaf": 78,
        "lgb_feature_fraction_bynode": 0.6843836537063349,
        "lgb_bagging_freq": 7,
        "lgb_min_gain_to_split": 0.9645081243869157,
        "cat_iterations": 272,
        "cat_depth": 7,
        "cat_learning_rate": 0.0437072850708315,
        "cat_l2_leaf_reg": 9.193855382214108,
        "cat_subsample": 0.9273379758758706,
        "cat_rsm": 0.7008259750386494,
        "cat_border_count": 96,
        "cat_random_strength": 3.844371145347864,
        "cat_leaf_estimation_iterations": 8,
        "cat_bootstrap_type": "No"
      },
      "attrs": {
        "avg_dirhit": 88.88888888888889,
        "avg_nrmse": 0.9980365090392965,
        "model_choice": "all"
      },
      "state": "1"
    },
    {
      "number": 172,
      "value": 55.06037410497954,
      "params": {
        "enable_external_features": false,
        "enable_fingpt_features": true,
        "enable_yolo_features": false,
        "enable_directional_loss": false,
        "enable_seed_bagging": true,
        "enable_talib_patterns": false,
        "enable_smart_ensemble": true,
        "enable_stacked_short": false,
        "enable_meta_stacking": false,
        "enable_regime_detection": true,
        "enable_fingpt": true,
        "model_choice": "all",
        "n_seeds": 3,
        "ml_adaptive_k_1d": 2.913751259237686,
        "ml_pattern_weight_scale_1d": 1.9886548262759174,
        "enable_talib_patterns_short": true,
        "external_min_days": 30,
        "external_smooth_alpha": 0.22376135173940115,
        "regime_scale_low": 0.8256801956440113,
        "regime_scale_high": 1.1571193918509046,
        "smart_consensus_weight": 0.7985342476373645,
        "smart_performance_weight": 0.42332413287669496,
        "smart_sigma": 0.0018608093660767867,
        "smart_weight_xgb": 1.3916372405747603,
        "smart_weight_lgbm": 0.8370494206012239,
        "smart_weight_cat": 0.6792853023675834,
        "fingpt_confidence_threshold": 0.3703509624844392,
        "xgb_n_estimators": 316,
        "xgb_max_depth": 2,
        "xgb_learning_rate": 0.05669280079813985,
        "xgb_subsample": 0.8653935075016611,
        "xgb_colsample_bytree": 0.5558055937380263,
        "xgb_reg_alpha": 0.0021588929724660525,
        "xgb_reg_lambda": 0.007182132248577461,
        "xgb_min_child_weight": 8,
        "xgb_gamma": 0.004899850703142165,
        "xgb_grow_policy": "depthwise",
        "xgb_tree_method": "hist",
        "xgb_max_bin": 410,
        "lgb_n_estimators": 383,
        "lgb_max_depth": 5,
        "lgb_learning_rate": 0.01660682859015633,
        "lgb_num_leaves": 38,
        "lgb_subsample": 0.6183241032682323,
        "lgb_colsample_bytree": 0.8780710647104673,
        "lgb_reg_alpha": 2.0138897491386062e-05,
        "lgb_reg_lambda": 0.0014009370050099951,
        "lgb_min_data_in_leaf": 78,
        "lgb_feature_fraction_bynode": 0.669321529615407,
        "lgb_bagging_freq": 3,
        "lgb_min_gain_to_split": 0.8951763890576089,
        "cat_iterations": 288,
        "cat_depth": 7,
        "cat_learning_rate": 0.1615142591513059,
        "cat_l2_leaf_reg": 5.255578008098131,
        "cat_subsample": 0.8712481309404905,
        "cat_rsm": 0.8312411973294688,
        "cat_border_count": 35,
        "cat_random_strength": 0.10768010529716761,