{
  "best_value": 43.11198531606682,
  "best_dirhit": 55.9222027972028,
  "best_params": {
    "enable_external_features": true,
    "enable_fingpt_features": true,
    "enable_yolo_features": false,
    "enable_directional_loss": true,
    "enable_seed_bagging": false,
    "enable_talib_patterns": true,
    "enable_smart_ensemble": true,
    "enable_stacked_short": false,
    "enable_meta_stacking": false,
    "enable_regime_detection": false,
    "enable_fingpt": false,
    "model_choice": "all",
    "ml_loss_mse_weight": 0.5884380049957668,
    "ml_loss_threshold": 0.0010775505068858055,
    "ml_dir_penalty": 3.653249835034126,
    "ml_adaptive_k_1d": 1.7575677159161833,
    "ml_pattern_weight_scale_1d": 1.3300089542445963,
    "enable_talib_patterns_short": true,
    "external_min_days": 59,
    "external_smooth_alpha": 0.16521170360916515,
    "smart_consensus_weight": 0.4292080745477625,
    "smart_performance_weight": 0.46700484742691173,
    "smart_sigma": 0.003188771397559961,
    "smart_weight_xgb": 0.7646233917720875,
    "smart_weight_lgbm": 1.4468465235101478,
    "smart_weight_cat": 1.4866815273297376,
    "fingpt_confidence_threshold": 0.4420829922205371,
    "xgb_n_estimators": 218,
    "xgb_max_depth": 2,
    "xgb_learning_rate": 0.1262577534622659,
    "xgb_subsample": 0.7483122070898988,
    "xgb_colsample_bytree": 0.6814509331774797,
    "xgb_reg_alpha": 2.2421252587401484e-06,
    "xgb_reg_lambda": 0.106853849375666,
    "xgb_min_child_weight": 8,
    "xgb_gamma": 0.0010389982840779033,
    "xgb_grow_policy": "lossguide",
    "xgb_tree_method": "hist",
    "xgb_max_bin": 217,
    "lgb_n_estimators": 518,
    "lgb_max_depth": 5,
    "lgb_learning_rate": 0.0631614552464048,
    "lgb_num_leaves": 46,
    "lgb_subsample": 0.7102721621263351,
    "lgb_colsample_bytree": 0.5146803540444025,
    "lgb_reg_alpha": 1.7520735684632436,
    "lgb_reg_lambda": 0.0005101662420097431,
    "lgb_min_data_in_leaf": 81,
    "lgb_feature_fraction_bynode": 0.8013148819442469,
    "lgb_bagging_freq": 3,
    "lgb_min_gain_to_split": 0.4745992643607861,
    "cat_iterations": 381,
    "cat_depth": 2,
    "cat_learning_rate": 0.06258797229485509,
    "cat_l2_leaf_reg": 1.8457347284354741,
    "cat_subsample": 0.7193700462377295,
    "cat_rsm": 0.563332976089357,
    "cat_border_count": 31,
    "cat_random_strength": 2.370929654333446,
    "cat_leaf_estimation_iterations": 12,
    "cat_bootstrap_type": "Bayesian"
  },
  "best_trial": {
    "number": 590,
    "value": 43.11198531606682,
    "state": "1"
  },
  "n_trials": 1378,
  "pruned_count": 0,
  "avg_trial_time": 189.63821592302108,
  "top_k_trials": [
    {
      "number": 590,
      "value": 43.11198531606682,
      "params": {
        "enable_external_features": true,
        "enable_fingpt_features": true,
        "enable_yolo_features": false,
        "enable_directional_loss": true,
        "enable_seed_bagging": false,
        "enable_talib_patterns": true,
        "enable_smart_ensemble": true,
        "enable_stacked_short": false,
        "enable_meta_stacking": false,
        "enable_regime_detection": false,
        "enable_fingpt": false,
        "model_choice": "all",
        "ml_loss_mse_weight": 0.5884380049957668,
        "ml_loss_threshold": 0.0010775505068858055,
        "ml_dir_penalty": 3.653249835034126,
        "ml_adaptive_k_1d": 1.7575677159161833,
        "ml_pattern_weight_scale_1d": 1.3300089542445963,
        "enable_talib_patterns_short": true,
        "external_min_days": 59,
        "external_smooth_alpha": 0.16521170360916515,
        "smart_consensus_weight": 0.4292080745477625,
        "smart_performance_weight": 0.46700484742691173,
        "smart_sigma": 0.003188771397559961,
        "smart_weight_xgb": 0.7646233917720875,
        "smart_weight_lgbm": 1.4468465235101478,
        "smart_weight_cat": 1.4866815273297376,
        "fingpt_confidence_threshold": 0.4420829922205371,
        "xgb_n_estimators": 218,
        "xgb_max_depth": 2,
        "xgb_learning_rate": 0.1262577534622659,
        "xgb_subsample": 0.7483122070898988,
        "xgb_colsample_bytree": 0.6814509331774797,
        "xgb_reg_alpha": 2.2421252587401484e-06,
        "xgb_reg_lambda": 0.106853849375666,
        "xgb_min_child_weight": 8,
        "xgb_gamma": 0.0010389982840779033,
        "xgb_grow_policy": "lossguide",
        "xgb_tree_method": "hist",
        "xgb_max_bin": 217,
        "lgb_n_estimators": 518,
        "lgb_max_depth": 5,
        "lgb_learning_rate": 0.0631614552464048,
        "lgb_num_leaves": 46,
        "lgb_subsample": 0.7102721621263351,
        "lgb_colsample_bytree": 0.5146803540444025,
        "lgb_reg_alpha": 1.7520735684632436,
        "lgb_reg_lambda": 0.0005101662420097431,
        "lgb_min_data_in_leaf": 81,
        "lgb_feature_fraction_bynode": 0.8013148819442469,
        "lgb_bagging_freq": 3,
        "lgb_min_gain_to_split": 0.4745992643607861,
        "cat_iterations": 381,
        "cat_depth": 2,
        "cat_learning_rate": 0.06258797229485509,
        "cat_l2_leaf_reg": 1.8457347284354741,
        "cat_subsample": 0.7193700462377295,
        "cat_rsm": 0.563332976089357,
        "cat_border_count": 31,
        "cat_random_strength": 2.370929654333446,
        "cat_leaf_estimation_iterations": 12,
        "cat_bootstrap_type": "Bayesian"
      },
      "attrs": {
        "avg_dirhit": 70.53571428571428,
        "avg_nrmse": 1.0438357806555287,
        "model_choice": "all"
      },
      "state": "1"
    },
    {
      "number": 718,
      "value": 43.07844562273966,
      "params": {
        "enable_external_features": true,
        "enable_fingpt_features": true,
        "enable_yolo_features": false,
        "enable_directional_loss": true,
        "enable_seed_bagging": true,
        "enable_talib_patterns": false,
        "enable_smart_ensemble": true,
        "enable_stacked_short": false,
        "enable_meta_stacking": true,
        "enable_regime_detection": false,
        "enable_fingpt": false,
        "model_choice": "all",
        "ml_loss_mse_weight": 0.5881353775822776,
        "ml_loss_threshold": 0.002817063115052102,
        "ml_dir_penalty": 3.7729231161859818,
        "n_seeds": 4,
        "meta_stacking_alpha": 1.2461892878687466,
        "ml_adaptive_k_1d": 1.514067216078445,
        "ml_pattern_weight_scale_1d": 1.3653940263114817,
        "enable_talib_patterns_short": true,
        "external_min_days": 54,
        "external_smooth_alpha": 0.30268822718818744,
        "smart_consensus_weight": 0.35939302895082825,
        "smart_performance_weight": 0.22818306426933158,
        "smart_sigma": 0.009106378479673891,
        "smart_weight_xgb": 0.7456630762640271,
        "smart_weight_lgbm": 1.2550988646422558,
        "smart_weight_cat": 1.0262757727313176,
        "fingpt_confidence_threshold": 0.48378509394623664,
        "xgb_n_estimators": 256,
        "xgb_max_depth": 2,
        "xgb_learning_rate": 0.07060770666404377,
        "xgb_subsample": 0.7741173919220741,
        "xgb_colsample_bytree": 0.7169391634943669,
        "xgb_reg_alpha": 7.832629804574163e-06,
        "xgb_reg_lambda": 0.09741642613267346,
        "xgb_min_child_weight": 8,
        "xgb_gamma": 0.000944843637560068,
        "xgb_grow_policy": "lossguide",
        "xgb_tree_method": "hist",
        "xgb_max_bin": 196,
        "lgb_n_estimators": 536,
        "lgb_max_depth": 2,
        "lgb_learning_rate": 0.08479698664496431,
        "lgb_num_leaves": 45,
        "lgb_subsample": 0.6734568495760868,
        "lgb_colsample_bytree": 0.5296180032185379,
        "lgb_reg_alpha": 1.3382886099776683,
        "lgb_reg_lambda": 0.0011262348110083694,
        "lgb_min_data_in_leaf": 68,
        "lgb_feature_fraction_bynode": 0.817393217876576,
        "lgb_bagging_freq": 2,
        "lgb_min_gain_to_split": 0.4870099625897103,
        "cat_iterations": 441,
        "cat_depth": 5,
        "cat_learning_rate": 0.07219869037759316,