{
  "best_value": 50.82344662515503,
  "best_dirhit": 47.24164724164724,
  "best_params": {
    "enable_external_features": true,
    "enable_fingpt_features": false,
    "enable_yolo_features": true,
    "enable_directional_loss": false,
    "enable_seed_bagging": false,
    "enable_talib_patterns": false,
    "enable_smart_ensemble": true,
    "enable_stacked_short": true,
    "enable_meta_stacking": true,
    "enable_regime_detection": false,
    "enable_fingpt": true,
    "model_choice": "all",
    "meta_stacking_alpha": 0.010697119213677221,
    "ml_adaptive_k_1d": 1.8980061349547532,
    "ml_pattern_weight_scale_1d": 1.7155060176270664,
    "enable_talib_patterns_short": true,
    "external_min_days": 39,
    "external_smooth_alpha": 0.28733674526963265,
    "yolo_min_conf": 0.7642681223705741,
    "smart_consensus_weight": 0.3988123511045206,
    "smart_performance_weight": 0.4968989364922687,
    "smart_sigma": 0.0012581771624410325,
    "smart_weight_xgb": 1.032333396525896,
    "smart_weight_lgbm": 0.7615994786537944,
    "smart_weight_cat": 1.2953579618664743,
    "xgb_n_estimators": 254,
    "xgb_max_depth": 4,
    "xgb_learning_rate": 0.08714039040463485,
    "xgb_subsample": 0.6518263049906248,
    "xgb_colsample_bytree": 0.6324639830153979,
    "xgb_reg_alpha": 3.4410140367948285e-06,
    "xgb_reg_lambda": 0.819693900894489,
    "xgb_min_child_weight": 7,
    "xgb_gamma": 0.00011255509259218079,
    "xgb_grow_policy": "depthwise",
    "xgb_tree_method": "hist",
    "xgb_max_bin": 483,
    "lgb_n_estimators": 436,
    "lgb_max_depth": 7,
    "lgb_learning_rate": 0.062228799486277055,
    "lgb_num_leaves": 7,
    "lgb_subsample": 0.6244050376988419,
    "lgb_colsample_bytree": 0.6721177553562147,
    "lgb_reg_alpha": 0.5613381571905942,
    "lgb_reg_lambda": 0.035557807876737894,
    "lgb_min_data_in_leaf": 82,
    "lgb_feature_fraction_bynode": 0.5141106498575178,
    "lgb_bagging_freq": 2,
    "lgb_min_gain_to_split": 0.16140385172365534,
    "cat_iterations": 469,
    "cat_depth": 6,
    "cat_learning_rate": 0.08652865417858237,
    "cat_l2_leaf_reg": 2.2291273792040838,
    "cat_subsample": 0.5996375519245529,
    "cat_rsm": 0.7969295390527615,
    "cat_border_count": 76,
    "cat_random_strength": 0.46352928081448547,
    "cat_leaf_estimation_iterations": 15,
    "cat_bootstrap_type": "Bayesian"
  },
  "best_trial": {
    "number": 248,
    "value": 50.82344662515503,
    "state": "1"
  },
  "n_trials": 1371,
  "pruned_count": 0,
  "avg_trial_time": 190.58293295328465,
  "top_k_trials": [
    {
      "number": 248,
      "value": 50.82344662515503,
      "params": {
        "enable_external_features": true,
        "enable_fingpt_features": false,
        "enable_yolo_features": true,
        "enable_directional_loss": false,
        "enable_seed_bagging": false,
        "enable_talib_patterns": false,
        "enable_smart_ensemble": true,
        "enable_stacked_short": true,
        "enable_meta_stacking": true,
        "enable_regime_detection": false,
        "enable_fingpt": true,
        "model_choice": "all",
        "meta_stacking_alpha": 0.010697119213677221,
        "ml_adaptive_k_1d": 1.8980061349547532,
        "ml_pattern_weight_scale_1d": 1.7155060176270664,
        "enable_talib_patterns_short": true,
        "external_min_days": 39,
        "external_smooth_alpha": 0.28733674526963265,
        "yolo_min_conf": 0.7642681223705741,
        "smart_consensus_weight": 0.3988123511045206,
        "smart_performance_weight": 0.4968989364922687,
        "smart_sigma": 0.0012581771624410325,
        "smart_weight_xgb": 1.032333396525896,
        "smart_weight_lgbm": 0.7615994786537944,
        "smart_weight_cat": 1.2953579618664743,
        "xgb_n_estimators": 254,
        "xgb_max_depth": 4,
        "xgb_learning_rate": 0.08714039040463485,
        "xgb_subsample": 0.6518263049906248,
        "xgb_colsample_bytree": 0.6324639830153979,
        "xgb_reg_alpha": 3.4410140367948285e-06,
        "xgb_reg_lambda": 0.819693900894489,
        "xgb_min_child_weight": 7,
        "xgb_gamma": 0.00011255509259218079,
        "xgb_grow_policy": "depthwise",
        "xgb_tree_method": "hist",
        "xgb_max_bin": 483,
        "lgb_n_estimators": 436,
        "lgb_max_depth": 7,
        "lgb_learning_rate": 0.062228799486277055,
        "lgb_num_leaves": 7,
        "lgb_subsample": 0.6244050376988419,
        "lgb_colsample_bytree": 0.6721177553562147,
        "lgb_reg_alpha": 0.5613381571905942,
        "lgb_reg_lambda": 0.035557807876737894,
        "lgb_min_data_in_leaf": 82,
        "lgb_feature_fraction_bynode": 0.5141106498575178,
        "lgb_bagging_freq": 2,
        "lgb_min_gain_to_split": 0.16140385172365534,
        "cat_iterations": 469,
        "cat_depth": 6,
        "cat_learning_rate": 0.08652865417858237,
        "cat_l2_leaf_reg": 2.2291273792040838,
        "cat_subsample": 0.5996375519245529,
        "cat_rsm": 0.7969295390527615,
        "cat_border_count": 76,
        "cat_random_strength": 0.46352928081448547,
        "cat_leaf_estimation_iterations": 15,
        "cat_bootstrap_type": "Bayesian"
      },
      "attrs": {
        "avg_dirhit": 81.42857142857143,
        "avg_nrmse": 1.0294255624741617,
        "model_choice": "all"
      },
      "state": "1"
    },
    {
      "number": 119,
      "value": 46.220829684180515,
      "params": {
        "enable_external_features": true,
        "enable_fingpt_features": true,
        "enable_yolo_features": true,
        "enable_directional_loss": true,
        "enable_seed_bagging": false,
        "enable_talib_patterns": false,
        "enable_smart_ensemble": true,
        "enable_stacked_short": true,
        "enable_meta_stacking": true,
        "enable_regime_detection": false,
        "enable_fingpt": false,
        "model_choice": "all",
        "ml_loss_mse_weight": 0.5449066658746807,
        "ml_loss_threshold": 0.0031423719990717526,
        "ml_dir_penalty": 1.6746782825593234,
        "meta_stacking_alpha": 5.893029275712874,
        "ml_adaptive_k_1d": 1.8353046855686834,
        "ml_pattern_weight_scale_1d": 0.501367021888094,
        "enable_talib_patterns_short": false,
        "external_min_days": 41,
        "external_smooth_alpha": 0.34022021373689737,
        "yolo_min_conf": 0.4481126921704559,
        "smart_consensus_weight": 0.45138236032456314,
        "smart_performance_weight": 0.2922467488155773,
        "smart_sigma": 0.0013529907358768617,
        "smart_weight_xgb": 1.2575449064041262,
        "smart_weight_lgbm": 0.7328355704416416,
        "smart_weight_cat": 1.0995910840220273,
        "fingpt_confidence_threshold": 0.3726621880418498,
        "xgb_n_estimators": 161,
        "xgb_max_depth": 3,
        "xgb_learning_rate": 0.03873089084074613,
        "xgb_subsample": 0.7492706478383132,
        "xgb_colsample_bytree": 0.5125414818528714,
        "xgb_reg_alpha": 0.002197696802216016,
        "xgb_reg_lambda": 0.19979449539134192,
        "xgb_min_child_weight": 6,
        "xgb_gamma": 0.0005380480104082729,
        "xgb_grow_policy": "depthwise",
        "xgb_tree_method": "hist",
        "xgb_max_bin": 286,
        "lgb_n_estimators": 469,
        "lgb_max_depth": 5,
        "lgb_learning_rate": 0.024602147810342426,
        "lgb_num_leaves": 58,
        "lgb_subsample": 0.7127763679654767,
        "lgb_colsample_bytree": 0.7752826742164832,
        "lgb_reg_alpha": 0.8405018587185596,
        "lgb_reg_lambda": 0.0022604682352233563,
        "lgb_min_data_in_leaf": 27,
        "lgb_feature_fraction_bynode": 0.6174041029593542,
        "lgb_bagging_freq": 8,
        "lgb_min_gain_to_split": 0.1819649677931024,
        "cat_iterations": 569,
        "cat_depth": 7,
        "cat_learning_rate": 0.14260844350115887,
        "cat_l2_leaf_reg": 9.420383129086774,
        "cat_subsample": 0.7120293962504616,
        "cat_rsm": 0.6733055649116437,
        "cat_border_count": 231,
        "cat_random_strength": 0.23101965376178332,