{
  "best_value": 59.409040055161505,
  "best_dirhit": 48.92857142857142,
  "best_params": {
    "enable_external_features": false,
    "enable_fingpt_features": true,
    "enable_yolo_features": false,
    "enable_directional_loss": false,
    "enable_seed_bagging": false,
    "enable_talib_patterns": true,
    "enable_smart_ensemble": false,
    "enable_stacked_short": false,
    "enable_meta_stacking": false,
    "enable_regime_detection": true,
    "enable_fingpt": true,
    "model_choice": "all",
    "ml_adaptive_k_1d": 1.5215925430639654,
    "ml_pattern_weight_scale_1d": 1.8964365693147134,
    "enable_talib_patterns_short": true,
    "external_min_days": 25,
    "external_smooth_alpha": 0.21340969220866804,
    "regime_scale_low": 0.8974125502456,
    "regime_scale_high": 1.1236550444124727,
    "fingpt_confidence_threshold": 0.2474658142764049,
    "xgb_n_estimators": 592,
    "xgb_max_depth": 5,
    "xgb_learning_rate": 0.0897102282508209,
    "xgb_subsample": 0.527115807693721,
    "xgb_colsample_bytree": 0.6700411166665157,
    "xgb_reg_alpha": 0.00043325714093133706,
    "xgb_reg_lambda": 0.03243880231249931,
    "xgb_min_child_weight": 14,
    "xgb_gamma": 0.0011959758496204013,
    "xgb_grow_policy": "depthwise",
    "xgb_tree_method": "hist",
    "xgb_max_bin": 361,
    "lgb_n_estimators": 350,
    "lgb_max_depth": 4,
    "lgb_learning_rate": 0.0320285913362332,
    "lgb_num_leaves": 51,
    "lgb_subsample": 0.8591431657551124,
    "lgb_colsample_bytree": 0.5753146735962735,
    "lgb_reg_alpha": 0.01083690768448093,
    "lgb_reg_lambda": 0.004391528353586933,
    "lgb_min_data_in_leaf": 36,
    "lgb_feature_fraction_bynode": 0.7888039134574334,
    "lgb_bagging_freq": 7,
    "lgb_min_gain_to_split": 0.8148216865304945,
    "cat_iterations": 131,
    "cat_depth": 5,
    "cat_learning_rate": 0.025476285362335174,
    "cat_l2_leaf_reg": 4.18505144300444,
    "cat_subsample": 0.5827126945816218,
    "cat_rsm": 0.7815147145674672,
    "cat_border_count": 44,
    "cat_random_strength": 0.12755875757622168,
    "cat_leaf_estimation_iterations": 4,
    "cat_bootstrap_type": "MVS"
  },
  "best_trial": {
    "number": 1215,
    "value": 59.409040055161505,
    "state": "1"
  },
  "n_trials": 1355,
  "pruned_count": 0,
  "avg_trial_time": 192.83060649630724,
  "top_k_trials": [
    {
      "number": 1215,
      "value": 59.409040055161505,
      "params": {
        "enable_external_features": false,
        "enable_fingpt_features": true,
        "enable_yolo_features": false,
        "enable_directional_loss": false,
        "enable_seed_bagging": false,
        "enable_talib_patterns": true,
        "enable_smart_ensemble": false,
        "enable_stacked_short": false,
        "enable_meta_stacking": false,
        "enable_regime_detection": true,
        "enable_fingpt": true,
        "model_choice": "all",
        "ml_adaptive_k_1d": 1.5215925430639654,
        "ml_pattern_weight_scale_1d": 1.8964365693147134,
        "enable_talib_patterns_short": true,
        "external_min_days": 25,
        "external_smooth_alpha": 0.21340969220866804,
        "regime_scale_low": 0.8974125502456,
        "regime_scale_high": 1.1236550444124727,
        "fingpt_confidence_threshold": 0.2474658142764049,
        "xgb_n_estimators": 592,
        "xgb_max_depth": 5,
        "xgb_learning_rate": 0.0897102282508209,
        "xgb_subsample": 0.527115807693721,
        "xgb_colsample_bytree": 0.6700411166665157,
        "xgb_reg_alpha": 0.00043325714093133706,
        "xgb_reg_lambda": 0.03243880231249931,
        "xgb_min_child_weight": 14,
        "xgb_gamma": 0.0011959758496204013,
        "xgb_grow_policy": "depthwise",
        "xgb_tree_method": "hist",
        "xgb_max_bin": 361,
        "lgb_n_estimators": 350,
        "lgb_max_depth": 4,
        "lgb_learning_rate": 0.0320285913362332,
        "lgb_num_leaves": 51,
        "lgb_subsample": 0.8591431657551124,
        "lgb_colsample_bytree": 0.5753146735962735,
        "lgb_reg_alpha": 0.01083690768448093,
        "lgb_reg_lambda": 0.004391528353586933,
        "lgb_min_data_in_leaf": 36,
        "lgb_feature_fraction_bynode": 0.7888039134574334,
        "lgb_bagging_freq": 7,
        "lgb_min_gain_to_split": 0.8148216865304945,
        "cat_iterations": 131,
        "cat_depth": 5,
        "cat_learning_rate": 0.025476285362335174,
        "cat_l2_leaf_reg": 4.18505144300444,
        "cat_subsample": 0.5827126945816218,
        "cat_rsm": 0.7815147145674672,
        "cat_border_count": 44,
        "cat_random_strength": 0.12755875757622168,
        "cat_leaf_estimation_iterations": 4,
        "cat_bootstrap_type": "MVS"
      },
      "attrs": {
        "avg_dirhit": 93.75,
        "avg_nrmse": 1.0359933241397496,
        "model_choice": "all"
      },
      "state": "1"
    },
    {
      "number": 377,
      "value": 57.98876557963388,
      "params": {
        "enable_external_features": false,
        "enable_fingpt_features": true,
        "enable_yolo_features": false,
        "enable_directional_loss": false,
        "enable_seed_bagging": false,
        "enable_talib_patterns": true,
        "enable_smart_ensemble": false,
        "enable_stacked_short": false,
        "enable_meta_stacking": false,
        "enable_regime_detection": true,
        "enable_fingpt": true,
        "model_choice": "all",
        "ml_adaptive_k_1d": 1.7176242661381074,
        "ml_pattern_weight_scale_1d": 1.956956878218136,
        "enable_talib_patterns_short": true,
        "external_min_days": 40,
        "external_smooth_alpha": 0.4460888530911258,
        "regime_scale_low": 0.8423466400736789,
        "regime_scale_high": 1.1547879989765584,
        "fingpt_confidence_threshold": 0.32111416288052835,
        "xgb_n_estimators": 600,
        "xgb_max_depth": 5,
        "xgb_learning_rate": 0.02720302150942403,
        "xgb_subsample": 0.5527630792543675,
        "xgb_colsample_bytree": 0.6828961311964349,
        "xgb_reg_alpha": 0.0001211578231119767,
        "xgb_reg_lambda": 0.022581240410024253,
        "xgb_min_child_weight": 15,
        "xgb_gamma": 0.0011397903726898914,
        "xgb_grow_policy": "depthwise",
        "xgb_tree_method": "hist",
        "xgb_max_bin": 361,
        "lgb_n_estimators": 355,
        "lgb_max_depth": 4,
        "lgb_learning_rate": 0.020688880303538545,
        "lgb_num_leaves": 54,
        "lgb_subsample": 0.8482515733565669,
        "lgb_colsample_bytree": 0.5919059852871094,
        "lgb_reg_alpha": 0.007097360524641799,
        "lgb_reg_lambda": 0.0017581486899206082,
        "lgb_min_data_in_leaf": 33,
        "lgb_feature_fraction_bynode": 0.8109728910817643,
        "lgb_bagging_freq": 0,
        "lgb_min_gain_to_split": 0.7934008094191124,
        "cat_iterations": 182,
        "cat_depth": 5,
        "cat_learning_rate": 0.025846542922772244,
        "cat_l2_leaf_reg": 9.79835921895309,
        "cat_subsample": 0.9353987179040208,
        "cat_rsm": 0.9146657728676642,
        "cat_border_count": 49,
        "cat_random_strength": 0.14564204362279626,
        "cat_leaf_estimation_iterations": 15,
        "cat_bootstrap_type": "Bayesian"
      },
      "attrs": {
        "avg_dirhit": 91.66666666666666,
        "avg_nrmse": 1.0296501811721295,
        "model_choice": "all"
      },
      "state": "1"
    },
    {
      "number": 1141,
      "value": 55.891550607525595,
      "params": {
        "enable_external_features": false,
        "enable_fingpt_features": false,
        "enable_yolo_features": false,
        "enable_directional_loss": false,
        "enable_seed_bagging": false,
        "enable_talib_patterns": true,
        "enable_smart_ensemble": false,
        "enable_stacked_short": false,
        "enable_meta_stacking": false,
        "enable_regime_detection": true,
        "enable_fingpt": true,
        "model_choice": "all",
        "ml_adaptive_k_1d": 1.9989736528027906,
        "ml_pattern_weight_scale_1d": 1.8957431228482355,