{
  "best_value": 57.926963319993945,
  "best_dirhit": 0.0,
  "best_params": {
    "enable_external_features": false,
    "enable_fingpt_features": false,
    "enable_yolo_features": false,
    "enable_directional_loss": true,
    "enable_seed_bagging": true,
    "enable_talib_patterns": true,
    "enable_smart_ensemble": false,
    "enable_stacked_short": false,
    "enable_meta_stacking": false,
    "enable_regime_detection": true,
    "enable_fingpt": false,
    "model_choice": "all",
    "ml_loss_mse_weight": 0.6524379063430816,
    "ml_loss_threshold": 0.006443129025878438,
    "ml_dir_penalty": 2.7213219091999914,
    "n_seeds": 5,
    "ml_adaptive_k_1d": 1.350037856070874,
    "ml_pattern_weight_scale_1d": 1.3566954452922215,
    "enable_talib_patterns_short": true,
    "external_min_days": 35,
    "external_smooth_alpha": 0.24115833512040688,
    "regime_scale_low": 0.9209310334835623,
    "regime_scale_high": 1.1931823461798714,
    "xgb_n_estimators": 404,
    "xgb_max_depth": 6,
    "xgb_learning_rate": 0.13243336452339366,
    "xgb_subsample": 0.5134320011101096,
    "xgb_colsample_bytree": 0.6350438436700342,
    "xgb_reg_alpha": 0.0006209177738460148,
    "xgb_reg_lambda": 12.430721963848208,
    "xgb_min_child_weight": 10,
    "xgb_gamma": 0.7366297666049,
    "xgb_grow_policy": "lossguide",
    "xgb_tree_method": "hist",
    "xgb_max_bin": 312,
    "lgb_n_estimators": 362,
    "lgb_max_depth": 8,
    "lgb_learning_rate": 0.011328184257460653,
    "lgb_num_leaves": 55,
    "lgb_subsample": 0.535882893706101,
    "lgb_colsample_bytree": 0.7557959709201417,
    "lgb_reg_alpha": 0.08408111645531907,
    "lgb_reg_lambda": 4.572032256749615,
    "lgb_min_data_in_leaf": 58,
    "lgb_feature_fraction_bynode": 0.6302275473409121,
    "lgb_bagging_freq": 5,
    "lgb_min_gain_to_split": 0.39048707534571125,
    "cat_iterations": 313,
    "cat_depth": 4,
    "cat_learning_rate": 0.06382143949584303,
    "cat_l2_leaf_reg": 7.482440746724458,
    "cat_subsample": 0.6127303819916063,
    "cat_rsm": 0.508494503075673,
    "cat_border_count": 25,
    "cat_random_strength": 3.5128981333191374,
    "cat_leaf_estimation_iterations": 20,
    "cat_bootstrap_type": "No"
  },
  "best_trial": {
    "number": 1283,
    "value": 57.926963319993945,
    "state": "1"
  },
  "n_trials": 1391,
  "pruned_count": 0,
  "avg_trial_time": 187.84444032517985,
  "top_k_trials": [
    {
      "number": 1283,
      "value": 57.926963319993945,
      "params": {
        "enable_external_features": false,
        "enable_fingpt_features": false,
        "enable_yolo_features": false,
        "enable_directional_loss": true,
        "enable_seed_bagging": true,
        "enable_talib_patterns": true,
        "enable_smart_ensemble": false,
        "enable_stacked_short": false,
        "enable_meta_stacking": false,
        "enable_regime_detection": true,
        "enable_fingpt": false,
        "model_choice": "all",
        "ml_loss_mse_weight": 0.6524379063430816,
        "ml_loss_threshold": 0.006443129025878438,
        "ml_dir_penalty": 2.7213219091999914,
        "n_seeds": 5,
        "ml_adaptive_k_1d": 1.350037856070874,
        "ml_pattern_weight_scale_1d": 1.3566954452922215,
        "enable_talib_patterns_short": true,
        "external_min_days": 35,
        "external_smooth_alpha": 0.24115833512040688,
        "regime_scale_low": 0.9209310334835623,
        "regime_scale_high": 1.1931823461798714,
        "xgb_n_estimators": 404,
        "xgb_max_depth": 6,
        "xgb_learning_rate": 0.13243336452339366,
        "xgb_subsample": 0.5134320011101096,
        "xgb_colsample_bytree": 0.6350438436700342,
        "xgb_reg_alpha": 0.0006209177738460148,
        "xgb_reg_lambda": 12.430721963848208,
        "xgb_min_child_weight": 10,
        "xgb_gamma": 0.7366297666049,
        "xgb_grow_policy": "lossguide",
        "xgb_tree_method": "hist",
        "xgb_max_bin": 312,
        "lgb_n_estimators": 362,
        "lgb_max_depth": 8,
        "lgb_learning_rate": 0.011328184257460653,
        "lgb_num_leaves": 55,
        "lgb_subsample": 0.535882893706101,
        "lgb_colsample_bytree": 0.7557959709201417,
        "lgb_reg_alpha": 0.08408111645531907,
        "lgb_reg_lambda": 4.572032256749615,
        "lgb_min_data_in_leaf": 58,
        "lgb_feature_fraction_bynode": 0.6302275473409121,
        "lgb_bagging_freq": 5,
        "lgb_min_gain_to_split": 0.39048707534571125,
        "cat_iterations": 313,
        "cat_depth": 4,
        "cat_learning_rate": 0.06382143949584303,
        "cat_l2_leaf_reg": 7.482440746724458,
        "cat_subsample": 0.6127303819916063,
        "cat_rsm": 0.508494503075673,
        "cat_border_count": 25,
        "cat_random_strength": 3.5128981333191374,
        "cat_leaf_estimation_iterations": 20,
        "cat_bootstrap_type": "No"
      },
      "attrs": {
        "avg_dirhit": 91.66666666666666,
        "avg_nrmse": 1.039950557778786,
        "model_choice": "all"
      },
      "state": "1"
    },
    {
      "number": 558,
      "value": 55.069892826169195,
      "params": {
        "enable_external_features": true,
        "enable_fingpt_features": false,
        "enable_yolo_features": false,
        "enable_directional_loss": true,
        "enable_seed_bagging": false,
        "enable_talib_patterns": false,
        "enable_smart_ensemble": false,
        "enable_stacked_short": false,
        "enable_meta_stacking": false,
        "enable_regime_detection": false,
        "enable_fingpt": false,
        "model_choice": "all",
        "ml_loss_mse_weight": 0.6643624001691486,
        "ml_loss_threshold": 0.007923613214314708,
        "ml_dir_penalty": 4.399369466270135,
        "ml_adaptive_k_1d": 1.2270566254955317,
        "ml_pattern_weight_scale_1d": 1.2231513508075418,
        "enable_talib_patterns_short": true,
        "external_min_days": 39,
        "external_smooth_alpha": 0.16512493770849374,
        "xgb_n_estimators": 414,
        "xgb_max_depth": 3,
        "xgb_learning_rate": 0.12025781810530572,
        "xgb_subsample": 0.511899621591155,
        "xgb_colsample_bytree": 0.6455261418003886,
        "xgb_reg_alpha": 0.0008439064655533111,
        "xgb_reg_lambda": 0.3765489099635776,
        "xgb_min_child_weight": 11,
        "xgb_gamma": 0.8421252788795802,
        "xgb_grow_policy": "lossguide",
        "xgb_tree_method": "hist",
        "xgb_max_bin": 297,
        "lgb_n_estimators": 228,
        "lgb_max_depth": 8,
        "lgb_learning_rate": 0.011510298300901455,
        "lgb_num_leaves": 24,
        "lgb_subsample": 0.5386232779431415,
        "lgb_colsample_bytree": 0.8380789649782985,
        "lgb_reg_alpha": 4.349860632696783e-06,
        "lgb_reg_lambda": 4.982237919369366,
        "lgb_min_data_in_leaf": 60,
        "lgb_feature_fraction_bynode": 0.6195304508394415,
        "lgb_bagging_freq": 2,
        "lgb_min_gain_to_split": 0.2431013519943295,
        "cat_iterations": 339,
        "cat_depth": 3,
        "cat_learning_rate": 0.03527051392714226,
        "cat_l2_leaf_reg": 1.5953459041658995,
        "cat_subsample": 0.6780925281914408,
        "cat_rsm": 0.6706109379292672,
        "cat_border_count": 24,
        "cat_random_strength": 3.7023088805922058,
        "cat_leaf_estimation_iterations": 17,
        "cat_bootstrap_type": "No"
      },
      "attrs": {
        "avg_dirhit": 87.5,
        "avg_nrmse": 1.0300178623051328,
        "model_choice": "all"
      },
      "state": "1"
    },
    {
      "number": 1342,
      "value": 52.160450680859284,
      "params": {
        "enable_external_features": false,
        "enable_fingpt_features": true,
        "enable_yolo_features": false,
        "enable_directional_loss": false,
        "enable_seed_bagging": true,
        "enable_talib_patterns": false,
        "enable_smart_ensemble": false,
        "enable_stacked_short": false,
        "enable_meta_stacking": false,
        "enable_regime_detection": true,
        "enable_fingpt": false,