{
  "best_value": 51.30670071606512,
  "best_dirhit": 56.430398246255024,
  "best_params": {
    "enable_external_features": true,
    "enable_fingpt_features": true,
    "enable_yolo_features": false,
    "enable_directional_loss": true,
    "enable_seed_bagging": true,
    "enable_talib_patterns": false,
    "enable_smart_ensemble": false,
    "enable_stacked_short": false,
    "enable_meta_stacking": true,
    "enable_regime_detection": false,
    "enable_fingpt": true,
    "model_choice": "all",
    "ml_loss_mse_weight": 0.5352472611557326,
    "ml_loss_threshold": 0.00997261507790789,
    "ml_dir_penalty": 4.056031134239831,
    "n_seeds": 4,
    "meta_stacking_alpha": 0.015296373992044107,
    "ml_adaptive_k_1d": 1.9778806686330708,
    "ml_pattern_weight_scale_1d": 0.5994687978685977,
    "enable_talib_patterns_short": false,
    "external_min_days": 37,
    "external_smooth_alpha": 0.30211854092284535,
    "fingpt_confidence_threshold": 0.43160749632619505,
    "xgb_n_estimators": 284,
    "xgb_max_depth": 4,
    "xgb_learning_rate": 0.12288131176222229,
    "xgb_subsample": 0.8373638754519352,
    "xgb_colsample_bytree": 0.7191183910501352,
    "xgb_reg_alpha": 0.0003123559334246844,
    "xgb_reg_lambda": 2.0969547499339636,
    "xgb_min_child_weight": 7,
    "xgb_gamma": 0.003324013007925287,
    "xgb_grow_policy": "depthwise",
    "xgb_tree_method": "hist",
    "xgb_max_bin": 466,
    "lgb_n_estimators": 127,
    "lgb_max_depth": 8,
    "lgb_learning_rate": 0.010516312572927483,
    "lgb_num_leaves": 30,
    "lgb_subsample": 0.54152856506995,
    "lgb_colsample_bytree": 0.7964545773201492,
    "lgb_reg_alpha": 4.261420528058856e-05,
    "lgb_reg_lambda": 0.00035147325797109196,
    "lgb_min_data_in_leaf": 93,
    "lgb_feature_fraction_bynode": 0.5505234801227996,
    "lgb_bagging_freq": 8,
    "lgb_min_gain_to_split": 0.9701200876598641,
    "cat_iterations": 228,
    "cat_depth": 5,
    "cat_learning_rate": 0.01105625121484682,
    "cat_l2_leaf_reg": 3.8808648181183405,
    "cat_subsample": 0.8180770193688461,
    "cat_rsm": 0.7001575942335602,
    "cat_border_count": 29,
    "cat_random_strength": 0.1295633166271218,
    "cat_leaf_estimation_iterations": 6,
    "cat_bootstrap_type": "Bayesian"
  },
  "best_trial": {
    "number": 818,
    "value": 51.30670071606512,
    "state": "1"
  },
  "n_trials": 1402,
  "pruned_count": 0,
  "avg_trial_time": 186.36263666167025,
  "top_k_trials": [
    {
      "number": 818,
      "value": 51.30670071606512,
      "params": {
        "enable_external_features": true,
        "enable_fingpt_features": true,
        "enable_yolo_features": false,
        "enable_directional_loss": true,
        "enable_seed_bagging": true,
        "enable_talib_patterns": false,
        "enable_smart_ensemble": false,
        "enable_stacked_short": false,
        "enable_meta_stacking": true,
        "enable_regime_detection": false,
        "enable_fingpt": true,
        "model_choice": "all",
        "ml_loss_mse_weight": 0.5352472611557326,
        "ml_loss_threshold": 0.00997261507790789,
        "ml_dir_penalty": 4.056031134239831,
        "n_seeds": 4,
        "meta_stacking_alpha": 0.015296373992044107,
        "ml_adaptive_k_1d": 1.9778806686330708,
        "ml_pattern_weight_scale_1d": 0.5994687978685977,
        "enable_talib_patterns_short": false,
        "external_min_days": 37,
        "external_smooth_alpha": 0.30211854092284535,
        "fingpt_confidence_threshold": 0.43160749632619505,
        "xgb_n_estimators": 284,
        "xgb_max_depth": 4,
        "xgb_learning_rate": 0.12288131176222229,
        "xgb_subsample": 0.8373638754519352,
        "xgb_colsample_bytree": 0.7191183910501352,
        "xgb_reg_alpha": 0.0003123559334246844,
        "xgb_reg_lambda": 2.0969547499339636,
        "xgb_min_child_weight": 7,
        "xgb_gamma": 0.003324013007925287,
        "xgb_grow_policy": "depthwise",
        "xgb_tree_method": "hist",
        "xgb_max_bin": 466,
        "lgb_n_estimators": 127,
        "lgb_max_depth": 8,
        "lgb_learning_rate": 0.010516312572927483,
        "lgb_num_leaves": 30,
        "lgb_subsample": 0.54152856506995,
        "lgb_colsample_bytree": 0.7964545773201492,
        "lgb_reg_alpha": 4.261420528058856e-05,
        "lgb_reg_lambda": 0.00035147325797109196,
        "lgb_min_data_in_leaf": 93,
        "lgb_feature_fraction_bynode": 0.5505234801227996,
        "lgb_bagging_freq": 8,
        "lgb_min_gain_to_split": 0.9701200876598641,
        "cat_iterations": 228,
        "cat_depth": 5,
        "cat_learning_rate": 0.01105625121484682,
        "cat_l2_leaf_reg": 3.8808648181183405,
        "cat_subsample": 0.8180770193688461,
        "cat_rsm": 0.7001575942335602,
        "cat_border_count": 29,
        "cat_random_strength": 0.1295633166271218,
        "cat_leaf_estimation_iterations": 6,
        "cat_bootstrap_type": "Bayesian"
      },
      "attrs": {
        "avg_dirhit": 81.94444444444443,
        "avg_nrmse": 1.0090683991743277,
        "model_choice": "all"
      },
      "state": "1"
    },
    {
      "number": 1100,
      "value": 48.915471401801035,
      "params": {
        "enable_external_features": true,
        "enable_fingpt_features": true,
        "enable_yolo_features": false,
        "enable_directional_loss": true,
        "enable_seed_bagging": false,
        "enable_talib_patterns": false,
        "enable_smart_ensemble": false,
        "enable_stacked_short": true,
        "enable_meta_stacking": true,
        "enable_regime_detection": false,
        "enable_fingpt": false,
        "model_choice": "all",
        "ml_loss_mse_weight": 0.35881805021516483,
        "ml_loss_threshold": 0.0020171891382143605,
        "ml_dir_penalty": 4.610485034236665,
        "meta_stacking_alpha": 0.013814330457736735,
        "ml_adaptive_k_1d": 1.7122881893771085,
        "ml_pattern_weight_scale_1d": 0.9458876519674614,
        "enable_talib_patterns_short": false,
        "external_min_days": 38,
        "external_smooth_alpha": 0.278828626738833,
        "fingpt_confidence_threshold": 0.47778868259218554,
        "xgb_n_estimators": 243,
        "xgb_max_depth": 4,
        "xgb_learning_rate": 0.08999345121510337,
        "xgb_subsample": 0.7581741100053085,
        "xgb_colsample_bytree": 0.7138837584962296,
        "xgb_reg_alpha": 0.0103795871370116,
        "xgb_reg_lambda": 2.5016278944311225,
        "xgb_min_child_weight": 7,
        "xgb_gamma": 0.0013836974789096545,
        "xgb_grow_policy": "depthwise",
        "xgb_tree_method": "hist",
        "xgb_max_bin": 375,
        "lgb_n_estimators": 157,
        "lgb_max_depth": 7,
        "lgb_learning_rate": 0.011047940143659934,
        "lgb_num_leaves": 51,
        "lgb_subsample": 0.7227176853513639,
        "lgb_colsample_bytree": 0.8688682510833279,
        "lgb_reg_alpha": 7.489464637195831e-05,
        "lgb_reg_lambda": 0.00026619081897547633,
        "lgb_min_data_in_leaf": 58,
        "lgb_feature_fraction_bynode": 0.5626354328632496,
        "lgb_bagging_freq": 7,
        "lgb_min_gain_to_split": 0.05937049269772071,
        "cat_iterations": 344,
        "cat_depth": 5,
        "cat_learning_rate": 0.024774706475823475,
        "cat_l2_leaf_reg": 5.991337727801561,
        "cat_subsample": 0.8003249300880328,
        "cat_rsm": 0.9186643273752344,
        "cat_border_count": 207,
        "cat_random_strength": 0.10560280948405004,
        "cat_leaf_estimation_iterations": 3,
        "cat_bootstrap_type": "Bayesian"
      },
      "attrs": {
        "avg_dirhit": 78.47985347985349,
        "avg_nrmse": 1.003404339016067,
        "model_choice": "all"
      },
      "state": "1"
    },
    {
      "number": 807,
      "value": 48.841092104604094,
      "params": {
        "enable_external_features": true,
        "enable_fingpt_features": true,
        "enable_yolo_features": false,
        "enable_directional_loss": true,
        "enable_seed_bagging": false,