{
  "best_value": 55.132759346432884,
  "best_dirhit": 70.83333333333334,
  "best_params": {
    "enable_external_features": false,
    "enable_fingpt_features": false,
    "enable_yolo_features": true,
    "enable_directional_loss": false,
    "enable_seed_bagging": false,
    "enable_talib_patterns": false,
    "enable_smart_ensemble": false,
    "enable_stacked_short": false,
    "enable_meta_stacking": false,
    "enable_regime_detection": true,
    "enable_fingpt": true,
    "model_choice": "all",
    "ml_adaptive_k_1d": 2.9624414767956018,
    "ml_pattern_weight_scale_1d": 0.5479623576688124,
    "enable_talib_patterns_short": false,
    "external_min_days": 49,
    "external_smooth_alpha": 0.2599971572823612,
    "regime_scale_low": 0.9163935980382673,
    "regime_scale_high": 1.1100307393809012,
    "yolo_min_conf": 0.6376630812884979,
    "xgb_n_estimators": 434,
    "xgb_max_depth": 5,
    "xgb_learning_rate": 0.014939286974615303,
    "xgb_subsample": 0.8916162051912289,
    "xgb_colsample_bytree": 0.8573324972565455,
    "xgb_reg_alpha": 8.964516518349018e-06,
    "xgb_reg_lambda": 0.010888234460954802,
    "xgb_min_child_weight": 15,
    "xgb_gamma": 0.10832830069076049,
    "xgb_grow_policy": "depthwise",
    "xgb_tree_method": "hist",
    "xgb_max_bin": 430,
    "lgb_n_estimators": 155,
    "lgb_max_depth": 4,
    "lgb_learning_rate": 0.011220838156474101,
    "lgb_num_leaves": 57,
    "lgb_subsample": 0.8488702175468597,
    "lgb_colsample_bytree": 0.8305981619533618,
    "lgb_reg_alpha": 0.42509234725494394,
    "lgb_reg_lambda": 0.016893171908759004,
    "lgb_min_data_in_leaf": 100,
    "lgb_feature_fraction_bynode": 0.7032994311675405,
    "lgb_bagging_freq": 0,
    "lgb_min_gain_to_split": 0.6073434476105045,
    "cat_iterations": 441,
    "cat_depth": 7,
    "cat_learning_rate": 0.010659346823372965,
    "cat_l2_leaf_reg": 9.281214987833264,
    "cat_subsample": 0.6316644698723622,
    "cat_rsm": 0.5360276295532371,
    "cat_border_count": 208,
    "cat_random_strength": 0.8050274829987684,
    "cat_leaf_estimation_iterations": 1,
    "cat_bootstrap_type": "Bayesian"
  },
  "best_trial": {
    "number": 1462,
    "value": 55.132759346432884,
    "state": "1"
  },
  "n_trials": 1500,
  "pruned_count": 0,
  "avg_trial_time": 131.25190278118745,
  "top_k_trials": [
    {
      "number": 1462,
      "value": 55.132759346432884,
      "params": {
        "enable_external_features": false,
        "enable_fingpt_features": false,
        "enable_yolo_features": true,
        "enable_directional_loss": false,
        "enable_seed_bagging": false,
        "enable_talib_patterns": false,
        "enable_smart_ensemble": false,
        "enable_stacked_short": false,
        "enable_meta_stacking": false,
        "enable_regime_detection": true,
        "enable_fingpt": true,
        "model_choice": "all",
        "ml_adaptive_k_1d": 2.9624414767956018,
        "ml_pattern_weight_scale_1d": 0.5479623576688124,
        "enable_talib_patterns_short": false,
        "external_min_days": 49,
        "external_smooth_alpha": 0.2599971572823612,
        "regime_scale_low": 0.9163935980382673,
        "regime_scale_high": 1.1100307393809012,
        "yolo_min_conf": 0.6376630812884979,
        "xgb_n_estimators": 434,
        "xgb_max_depth": 5,
        "xgb_learning_rate": 0.014939286974615303,
        "xgb_subsample": 0.8916162051912289,
        "xgb_colsample_bytree": 0.8573324972565455,
        "xgb_reg_alpha": 8.964516518349018e-06,
        "xgb_reg_lambda": 0.010888234460954802,
        "xgb_min_child_weight": 15,
        "xgb_gamma": 0.10832830069076049,
        "xgb_grow_policy": "depthwise",
        "xgb_tree_method": "hist",
        "xgb_max_bin": 430,
        "lgb_n_estimators": 155,
        "lgb_max_depth": 4,
        "lgb_learning_rate": 0.011220838156474101,
        "lgb_num_leaves": 57,
        "lgb_subsample": 0.8488702175468597,
        "lgb_colsample_bytree": 0.8305981619533618,
        "lgb_reg_alpha": 0.42509234725494394,
        "lgb_reg_lambda": 0.016893171908759004,
        "lgb_min_data_in_leaf": 100,
        "lgb_feature_fraction_bynode": 0.7032994311675405,
        "lgb_bagging_freq": 0,
        "lgb_min_gain_to_split": 0.6073434476105045,
        "cat_iterations": 441,
        "cat_depth": 7,
        "cat_learning_rate": 0.010659346823372965,
        "cat_l2_leaf_reg": 9.281214987833264,
        "cat_subsample": 0.6316644698723622,
        "cat_rsm": 0.5360276295532371,
        "cat_border_count": 208,
        "cat_random_strength": 0.8050274829987684,
        "cat_leaf_estimation_iterations": 1,
        "cat_bootstrap_type": "Bayesian"
      },
      "attrs": {
        "avg_dirhit": 87.5,
        "avg_nrmse": 1.0195401089278513,
        "model_choice": "all"
      },
      "state": "1"
    },
    {
      "number": 451,
      "value": 54.53847815464785,
      "params": {
        "enable_external_features": false,
        "enable_fingpt_features": true,
        "enable_yolo_features": false,
        "enable_directional_loss": false,
        "enable_seed_bagging": false,
        "enable_talib_patterns": true,
        "enable_smart_ensemble": false,
        "enable_stacked_short": false,
        "enable_meta_stacking": false,
        "enable_regime_detection": true,
        "enable_fingpt": false,
        "model_choice": "all",
        "ml_adaptive_k_1d": 2.5989982892646335,
        "ml_pattern_weight_scale_1d": 0.5238224563078223,
        "enable_talib_patterns_short": true,
        "external_min_days": 58,
        "external_smooth_alpha": 0.38343902605337477,
        "regime_scale_low": 0.8662687791154365,
        "regime_scale_high": 1.073721194551395,
        "fingpt_confidence_threshold": 0.32438237896846883,
        "xgb_n_estimators": 446,
        "xgb_max_depth": 5,
        "xgb_learning_rate": 0.010832196054452842,
        "xgb_subsample": 0.88165355273037,
        "xgb_colsample_bytree": 0.7451217055360485,
        "xgb_reg_alpha": 5.871143261809102e-05,
        "xgb_reg_lambda": 30.41809225864016,
        "xgb_min_child_weight": 5,
        "xgb_gamma": 0.05753801110581547,
        "xgb_grow_policy": "depthwise",
        "xgb_tree_method": "hist",
        "xgb_max_bin": 326,
        "lgb_n_estimators": 130,
        "lgb_max_depth": 2,
        "lgb_learning_rate": 0.014924312307310146,
        "lgb_num_leaves": 54,
        "lgb_subsample": 0.8595620431076201,
        "lgb_colsample_bytree": 0.6340159762178351,
        "lgb_reg_alpha": 0.42090997577677514,
        "lgb_reg_lambda": 2.0129329170914,
        "lgb_min_data_in_leaf": 88,
        "lgb_feature_fraction_bynode": 0.7959011038304546,
        "lgb_bagging_freq": 1,
        "lgb_min_gain_to_split": 0.6961303208099702,
        "cat_iterations": 455,
        "cat_depth": 6,
        "cat_learning_rate": 0.013155661544012315,
        "cat_l2_leaf_reg": 2.394313092438555,
        "cat_subsample": 0.619187240895746,
        "cat_rsm": 0.5105279420359027,
        "cat_border_count": 134,
        "cat_random_strength": 4.631173087973271,
        "cat_leaf_estimation_iterations": 9,
        "cat_bootstrap_type": "Bayesian"
      },
      "attrs": {
        "avg_dirhit": 86.66666666666667,
        "avg_nrmse": 1.0213647520031357,
        "model_choice": "all"
      },
      "state": "1"
    },
    {
      "number": 1425,
      "value": 54.46737135057395,
      "params": {
        "enable_external_features": false,
        "enable_fingpt_features": false,
        "enable_yolo_features": true,
        "enable_directional_loss": false,
        "enable_seed_bagging": false,
        "enable_talib_patterns": false,
        "enable_smart_ensemble": false,
        "enable_stacked_short": false,
        "enable_meta_stacking": false,
        "enable_regime_detection": true,
        "enable_fingpt": true,
        "model_choice": "all",
        "ml_adaptive_k_1d": 2.997833434392587,
        "ml_pattern_weight_scale_1d": 0.5504504627449467,