{
  "best_value": 47.21483641665053,
  "best_dirhit": 67.07264957264958,
  "best_params": {
    "enable_external_features": false,
    "enable_fingpt_features": false,
    "enable_yolo_features": true,
    "enable_directional_loss": false,
    "enable_seed_bagging": false,
    "enable_talib_patterns": true,
    "enable_smart_ensemble": true,
    "enable_stacked_short": false,
    "enable_meta_stacking": false,
    "enable_regime_detection": true,
    "enable_fingpt": true,
    "model_choice": "all",
    "ml_adaptive_k_1d": 2.430381482408128,
    "ml_pattern_weight_scale_1d": 1.1231092695298628,
    "enable_talib_patterns_short": true,
    "external_min_days": 35,
    "external_smooth_alpha": 0.24040033748606857,
    "regime_scale_low": 0.8943228196061078,
    "regime_scale_high": 1.142220723156154,
    "yolo_min_conf": 0.7837585353510551,
    "smart_consensus_weight": 0.694286650545213,
    "smart_performance_weight": 0.5095361376450622,
    "smart_sigma": 0.015916544014109715,
    "smart_weight_xgb": 1.2571547141601056,
    "smart_weight_lgbm": 1.4964954842745808,
    "smart_weight_cat": 0.6784067971109338,
    "xgb_n_estimators": 180,
    "xgb_max_depth": 3,
    "xgb_learning_rate": 0.021706388624436395,
    "xgb_subsample": 0.5340441096570999,
    "xgb_colsample_bytree": 0.6759316897673501,
    "xgb_reg_alpha": 4.827941377640057e-05,
    "xgb_reg_lambda": 0.5106648080194185,
    "xgb_min_child_weight": 14,
    "xgb_gamma": 0.46806160779088773,
    "xgb_grow_policy": "lossguide",
    "xgb_tree_method": "hist",
    "xgb_max_bin": 502,
    "lgb_n_estimators": 404,
    "lgb_max_depth": 7,
    "lgb_learning_rate": 0.010006298854128156,
    "lgb_num_leaves": 13,
    "lgb_subsample": 0.6385332950546249,
    "lgb_colsample_bytree": 0.5501605306958383,
    "lgb_reg_alpha": 0.0011608386633313896,
    "lgb_reg_lambda": 0.00021939142333509993,
    "lgb_min_data_in_leaf": 16,
    "lgb_feature_fraction_bynode": 0.5001107703862514,
    "lgb_bagging_freq": 1,
    "lgb_min_gain_to_split": 0.42416432113834995,
    "cat_iterations": 221,
    "cat_depth": 6,
    "cat_learning_rate": 0.014480004729981125,
    "cat_l2_leaf_reg": 8.723325488417615,
    "cat_subsample": 0.8048051461452153,
    "cat_rsm": 0.5239226275262235,
    "cat_border_count": 31,
    "cat_random_strength": 2.1734437628024867,
    "cat_leaf_estimation_iterations": 8,
    "cat_bootstrap_type": "Bernoulli"
  },
  "best_trial": {
    "number": 844,
    "value": 47.21483641665053,
    "state": "1"
  },
  "n_trials": 1367,
  "pruned_count": 0,
  "avg_trial_time": 191.09787614714494,
  "top_k_trials": [
    {
      "number": 844,
      "value": 47.21483641665053,
      "params": {
        "enable_external_features": false,
        "enable_fingpt_features": false,
        "enable_yolo_features": true,
        "enable_directional_loss": false,
        "enable_seed_bagging": false,
        "enable_talib_patterns": true,
        "enable_smart_ensemble": true,
        "enable_stacked_short": false,
        "enable_meta_stacking": false,
        "enable_regime_detection": true,
        "enable_fingpt": true,
        "model_choice": "all",
        "ml_adaptive_k_1d": 2.430381482408128,
        "ml_pattern_weight_scale_1d": 1.1231092695298628,
        "enable_talib_patterns_short": true,
        "external_min_days": 35,
        "external_smooth_alpha": 0.24040033748606857,
        "regime_scale_low": 0.8943228196061078,
        "regime_scale_high": 1.142220723156154,
        "yolo_min_conf": 0.7837585353510551,
        "smart_consensus_weight": 0.694286650545213,
        "smart_performance_weight": 0.5095361376450622,
        "smart_sigma": 0.015916544014109715,
        "smart_weight_xgb": 1.2571547141601056,
        "smart_weight_lgbm": 1.4964954842745808,
        "smart_weight_cat": 0.6784067971109338,
        "xgb_n_estimators": 180,
        "xgb_max_depth": 3,
        "xgb_learning_rate": 0.021706388624436395,
        "xgb_subsample": 0.5340441096570999,
        "xgb_colsample_bytree": 0.6759316897673501,
        "xgb_reg_alpha": 4.827941377640057e-05,
        "xgb_reg_lambda": 0.5106648080194185,
        "xgb_min_child_weight": 14,
        "xgb_gamma": 0.46806160779088773,
        "xgb_grow_policy": "lossguide",
        "xgb_tree_method": "hist",
        "xgb_max_bin": 502,
        "lgb_n_estimators": 404,
        "lgb_max_depth": 7,
        "lgb_learning_rate": 0.010006298854128156,
        "lgb_num_leaves": 13,
        "lgb_subsample": 0.6385332950546249,
        "lgb_colsample_bytree": 0.5501605306958383,
        "lgb_reg_alpha": 0.0011608386633313896,
        "lgb_reg_lambda": 0.00021939142333509993,
        "lgb_min_data_in_leaf": 16,
        "lgb_feature_fraction_bynode": 0.5001107703862514,
        "lgb_bagging_freq": 1,
        "lgb_min_gain_to_split": 0.42416432113834995,
        "cat_iterations": 221,
        "cat_depth": 6,
        "cat_learning_rate": 0.014480004729981125,
        "cat_l2_leaf_reg": 8.723325488417615,
        "cat_subsample": 0.8048051461452153,
        "cat_rsm": 0.5239226275262235,
        "cat_border_count": 31,
        "cat_random_strength": 2.1734437628024867,
        "cat_leaf_estimation_iterations": 8,
        "cat_bootstrap_type": "Bernoulli"
      },
      "attrs": {
        "avg_dirhit": 76.25418060200668,
        "avg_nrmse": 1.0271816674590248,
        "model_choice": "all"
      },
      "state": "1"
    },
    {
      "number": 62,
      "value": 46.82143562352256,
      "params": {
        "enable_external_features": false,
        "enable_fingpt_features": true,
        "enable_yolo_features": true,
        "enable_directional_loss": false,
        "enable_seed_bagging": false,
        "enable_talib_patterns": false,
        "enable_smart_ensemble": true,
        "enable_stacked_short": false,
        "enable_meta_stacking": false,
        "enable_regime_detection": true,
        "enable_fingpt": true,
        "model_choice": "all",
        "ml_adaptive_k_1d": 1.182612870073667,
        "ml_pattern_weight_scale_1d": 1.100055141810153,
        "enable_talib_patterns_short": true,
        "external_min_days": 35,
        "external_smooth_alpha": 0.2457559695917215,
        "regime_scale_low": 0.8396481368211152,
        "regime_scale_high": 1.1956634447750507,
        "yolo_min_conf": 0.7849706112146849,
        "smart_consensus_weight": 0.7277538987960079,
        "smart_performance_weight": 0.22763806650340243,
        "smart_sigma": 0.001417549605667067,
        "smart_weight_xgb": 1.1929948066977776,
        "smart_weight_lgbm": 0.9637151812467553,
        "smart_weight_cat": 0.641389300557859,
        "fingpt_confidence_threshold": 0.2883819949282046,
        "xgb_n_estimators": 187,
        "xgb_max_depth": 5,
        "xgb_learning_rate": 0.023461550160457544,
        "xgb_subsample": 0.5075470371518177,
        "xgb_colsample_bytree": 0.6303462402988211,
        "xgb_reg_alpha": 8.442351027629298e-05,
        "xgb_reg_lambda": 0.47077475677670516,
        "xgb_min_child_weight": 5,
        "xgb_gamma": 0.4824825758369345,
        "xgb_grow_policy": "lossguide",
        "xgb_tree_method": "hist",
        "xgb_max_bin": 476,
        "lgb_n_estimators": 389,
        "lgb_max_depth": 7,
        "lgb_learning_rate": 0.01340200413706813,
        "lgb_num_leaves": 21,
        "lgb_subsample": 0.7767990564783918,
        "lgb_colsample_bytree": 0.5476353796035528,
        "lgb_reg_alpha": 0.0005681902937505205,
        "lgb_reg_lambda": 0.0010902949880300535,
        "lgb_min_data_in_leaf": 90,
        "lgb_feature_fraction_bynode": 0.7728007590543284,
        "lgb_bagging_freq": 4,
        "lgb_min_gain_to_split": 0.4675996598020411,
        "cat_iterations": 253,
        "cat_depth": 7,
        "cat_learning_rate": 0.014089749848397263,
        "cat_l2_leaf_reg": 9.542015398682697,
        "cat_subsample": 0.8059343469220608,
        "cat_rsm": 0.5877704460588564,
        "cat_border_count": 44,
        "cat_random_strength": 2.3036107096886815,